incident_id,date,time,activity_type,location_type,description,severity,risk_score,risk_level,weather,shift,ppe_compliance_pct,previous_incidents_30d,crew_size
INC-0149,2024-07-21,10:30,Lifting,Warehouse,Exclusion zone around lift not maintained.,Moderate,31.2,MEDIUM,Rain,Day,85,0,3
INC-0163,2024-09-12,11:27,Welding,Building Site,Inadequate ventilation observed during welding task.,Near Miss,48.5,HIGH,Windy,Day,63,1,9
INC-0322,2024-10-30,13:52,Confined Space,Excavation Area,Emergency retrieval system not set up before entry.,Major,71.8,CRITICAL,Adverse,Day,70,0,2
INC-0310,2024-04-15,14:41,Housekeeping,Warehouse,Spilled material not cleaned up promptly.,Near Miss,0.7,LOW,Clear,Day,93,0,8
INC-0406,2024-04-07,21:50,Lifting,Loading Area,Exclusion zone around lift not maintained.,Moderate,41.1,MEDIUM,Clear,Night,75,0,7
INC-0311,2025-02-18,19:46,Confined Space,Electrical Room,Ventilation equipment not in place for confined space entry.,Near Miss,77.8,CRITICAL,Clear,Night,69,0,9
INC-0160,2025-02-24,16:12,Excavation,Road/Access Area,No safe access/egress ladder provided in trench.,Major,50.9,HIGH,Clear,Day,56,0,5
INC-0006,2024-09-07,20:06,Vehicle Movement,Road/Access Area,Vehicle observed exceeding site speed limit.,Near Miss,25.5,LOW,Clear,Night,89,1,5
INC-0182,2024-04-28,14:25,Material Handling,Loading Area,Stacked materials observed in an unstable configuration.,Near Miss,4.4,LOW,Clear,Day,96,0,6
INC-0200,2024-08-13,11:01,Scaffolding,Scaffolding Area,"Scaffold base observed on uneven, unstable ground.",Near Miss,44.3,MEDIUM,Rain,Day,83,0,4
INC-0442,2024-07-01,20:02,Confined Space,Excavation Area,Confined space entry without atmospheric testing.,Moderate,57.6,HIGH,Adverse,Night,86,0,5
INC-0317,2024-07-30,13:09,Material Handling,Warehouse,Improper storage of materials near a walkway.,Near Miss,37.8,MEDIUM,Clear,Day,67,0,7
INC-0012,2025-02-17,10:37,Lifting,Building Site,Improper lifting zone setup observed.,Minor,29.3,MEDIUM,Clear,Day,83,0,1
INC-0260,2025-06-06,23:34,Lifting,Building Site,Rigging inspection not completed before lift.,Major,52.8,HIGH,Clear,Night,100,2,6
INC-0475,2025-02-12,11:29,Welding,Warehouse,Fire watch not posted during hot work.,Minor,34.3,MEDIUM,Windy,Day,91,1,3
INC-0392,2025-04-22,10:57,Vehicle Movement,Road/Access Area,Blind spot hazard noted at site access road.,Minor,35.1,MEDIUM,Rain,Day,81,0,2
INC-0189,2024-11-26,10:04,Welding,Building Site,Fire watch not posted during hot work.,Minor,44.6,MEDIUM,Clear,Day,77,1,7
INC-0173,2024-01-15,07:38,Confined Space,Electrical Room,No standby attendant present during confined space work.,Moderate,41.1,MEDIUM,Clear,Day,73,0,1
INC-0072,2024-01-23,18:27,Excavation,Road/Access Area,Excavation walls showing signs of instability.,Near Miss,32.8,MEDIUM,Clear,Day,94,2,3
INC-0204,2024-06-25,20:28,Material Handling,Warehouse,Obstructed walkway due to stored materials.,Major,15.6,LOW,Clear,Night,78,0,9
INC-0344,2025-03-08,21:18,Working at Height,Scaffolding Area,Unprotected edge observed during elevated work.,Near Miss,36.2,MEDIUM,Clear,Night,78,0,5
INC-0022,2024-03-08,23:18,Confined Space,Electrical Room,No standby attendant present during confined space work.,Minor,51.4,HIGH,Clear,Night,93,1,6
INC-0339,2024-05-06,15:03,Confined Space,Excavation Area,Ventilation equipment not in place for confined space entry.,Moderate,46.6,MEDIUM,Rain,Day,75,0,7
INC-0330,2025-04-06,17:30,Confined Space,Excavation Area,Confined space entry without atmospheric testing.,Major,51.3,HIGH,Clear,Day,85,1,1
INC-0468,2024-11-17,21:26,Electrical Work,Electrical Room,Live electrical panel left unlocked and unattended.,Near Miss,52.8,HIGH,Rain,Night,84,0,11
INC-0482,2024-12-09,16:30,Excavation,Road/Access Area,No safe access/egress ladder provided in trench.,Minor,83.1,CRITICAL,Adverse,Day,68,2,8
INC-0029,2025-03-30,14:05,Vehicle Movement,Road/Access Area,Vehicle reversing without a spotter present.,Moderate,22.8,LOW,Clear,Day,85,0,2
INC-0184,2025-04-08,15:17,Excavation,Excavation Area,Excavation walls showing signs of instability.,Near Miss,37.3,MEDIUM,Adverse,Day,87,0,6
INC-0133,2025-03-17,14:58,Working at Height,Scaffolding Area,Fall arrest harness not properly anchored.,Moderate,87.3,CRITICAL,Adverse,Day,65,1,1
INC-0169,2024-07-10,19:59,Confined Space,Excavation Area,No standby attendant present during confined space work.,Moderate,81.8,CRITICAL,Adverse,Night,91,2,13
INC-0043,2025-01-15,11:12,Housekeeping,Warehouse,Tools left in walking path after task completion.,Near Miss,50.3,HIGH,Adverse,Day,91,2,6
INC-0107,2024-12-10,21:54,Excavation,Excavation Area,Excavation walls showing signs of instability.,Minor,56.7,HIGH,Windy,Night,65,0,8
INC-0274,2024-02-24,13:56,Housekeeping,Building Site,Spilled material not cleaned up promptly.,Near Miss,18.2,LOW,Rain,Day,82,0,3
INC-0363,2024-08-15,08:12,Housekeeping,Warehouse,Tools left in walking path after task completion.,Near Miss,6.7,LOW,Clear,Day,90,0,7
INC-0050,2025-05-16,09:47,Lifting,Building Site,Improper lifting zone setup observed.,Moderate,48.6,HIGH,Rain,Day,83,1,6
INC-0032,2025-05-14,11:32,Material Handling,Warehouse,Obstructed walkway due to stored materials.,Near Miss,46.6,MEDIUM,Clear,Day,64,0,9
INC-0349,2025-02-15,06:32,Electrical Work,Electrical Room,Exposed wiring near a wet work area.,Minor,76.0,CRITICAL,Windy,Day,55,3,4
INC-0067,2025-06-27,06:23,Electrical Work,Building Site,Damaged electrical cable observed.,Minor,35.1,MEDIUM,Windy,Day,74,0,7
INC-0426,2024-11-17,08:26,Housekeeping,Warehouse,Tools left in walking path after task completion.,Near Miss,8.1,LOW,Windy,Day,92,0,2
INC-0148,2024-12-19,21:38,Material Handling,Loading Area,Obstructed walkway due to stored materials.,Near Miss,23.2,LOW,Clear,Night,71,0,7
INC-0272,2024-04-05,12:46,Confined Space,Excavation Area,Ventilation equipment not in place for confined space entry.,Minor,39.4,MEDIUM,Clear,Day,87,0,7
INC-0118,2024-03-15,17:23,Confined Space,Excavation Area,Emergency retrieval system not set up before entry.,Minor,37.1,MEDIUM,Clear,Day,95,0,8
INC-0152,2024-10-26,11:28,Confined Space,Excavation Area,Ventilation equipment not in place for confined space entry.,Near Miss,43.5,MEDIUM,Clear,Day,82,0,5
INC-0335,2024-08-19,12:27,Excavation,Excavation Area,No safe access/egress ladder provided in trench.,Major,52.1,HIGH,Adverse,Day,89,0,5
INC-0075,2024-05-04,12:02,Electrical Work,Building Site,Live electrical panel left unlocked and unattended.,Major,49.0,HIGH,Clear,Day,45,0,3
INC-0121,2025-01-03,06:12,Excavation,Road/Access Area,No safe access/egress ladder provided in trench.,Near Miss,35.4,MEDIUM,Clear,Day,86,0,8
INC-0113,2024-01-29,20:47,Lifting,Loading Area,Improper lifting zone setup observed.,Minor,34.6,MEDIUM,Rain,Night,98,0,7
INC-0385,2024-01-11,21:54,Lifting,Loading Area,Improper lifting zone setup observed.,Moderate,35.2,MEDIUM,Clear,Night,75,0,11
INC-0387,2024-03-13,22:48,Electrical Work,Building Site,Exposed wiring near a wet work area.,Near Miss,49.8,HIGH,Clear,Night,40,0,6
INC-0139,2025-06-11,12:17,Confined Space,Electrical Room,Confined space entry without atmospheric testing.,Near Miss,62.0,HIGH,Windy,Day,76,0,8
INC-0291,2025-04-25,15:19,Electrical Work,Building Site,Improper lockout/tagout procedure observed.,Minor,54.0,HIGH,Clear,Day,61,0,10
INC-0375,2024-02-12,22:05,Excavation,Road/Access Area,No safe access/egress ladder provided in trench.,Major,40.4,MEDIUM,Rain,Night,86,0,10
INC-0286,2024-06-28,11:01,Lifting,Building Site,Load exceeded rated capacity of lifting equipment.,Near Miss,38.9,MEDIUM,Clear,Day,71,0,8
INC-0129,2024-04-26,12:15,Housekeeping,Warehouse,Tools left in walking path after task completion.,Minor,22.9,LOW,Clear,Day,72,1,6
INC-0177,2024-05-22,16:50,Housekeeping,Building Site,Tools left in walking path after task completion.,Near Miss,26.3,LOW,Clear,Day,59,0,3
INC-0383,2025-01-19,16:01,Housekeeping,Warehouse,Spilled material not cleaned up promptly.,Near Miss,12.9,LOW,Clear,Day,93,1,8
INC-0225,2024-03-09,19:43,Confined Space,Excavation Area,Confined space entry without atmospheric testing.,Moderate,48.1,HIGH,Rain,Night,99,0,3
INC-0183,2024-04-01,11:38,Excavation,Road/Access Area,Spoil pile placed too close to excavation edge.,Near Miss,47.7,MEDIUM,Rain,Day,75,0,4
INC-0348,2024-11-05,13:40,Electrical Work,Building Site,Damaged electrical cable observed.,Moderate,58.2,HIGH,Clear,Day,80,0,9
INC-0346,2025-02-12,16:12,Scaffolding,Building Site,Scaffold access partially obstructed.,Moderate,42.4,MEDIUM,Clear,Day,57,0,8
INC-0213,2025-05-21,11:46,Confined Space,Electrical Room,Confined space entry without atmospheric testing.,Major,61.3,HIGH,Adverse,Day,81,1,8
INC-0062,2025-06-21,09:24,Housekeeping,Building Site,Tools left in walking path after task completion.,Major,39.7,MEDIUM,Clear,Day,60,1,4
INC-0457,2024-06-24,22:06,Working at Height,Building Site,Worker observed near roof edge without guardrail.,Minor,67.6,CRITICAL,Rain,Night,47,0,4
INC-0049,2024-12-21,10:32,Electrical Work,Electrical Room,Improper lockout/tagout procedure observed.,Moderate,44.3,MEDIUM,Clear,Day,85,1,5
INC-0263,2024-08-16,19:27,Vehicle Movement,Loading Area,Vehicle reversing without a spotter present.,Moderate,47.0,MEDIUM,Rain,Night,89,1,12
INC-0123,2024-04-05,08:19,Electrical Work,Electrical Room,Improper lockout/tagout procedure observed.,Major,57.3,HIGH,Rain,Day,64,0,4
INC-0396,2025-06-23,13:25,Working at Height,Building Site,Unprotected edge observed during elevated work.,Major,65.5,CRITICAL,Clear,Day,64,0,1
INC-0013,2024-06-28,08:35,Lifting,Building Site,Improper lifting zone setup observed.,Near Miss,45.5,MEDIUM,Rain,Day,82,0,10
INC-0057,2024-09-20,10:30,Confined Space,Electrical Room,No standby attendant present during confined space work.,Moderate,41.1,MEDIUM,Clear,Day,90,0,7
INC-0436,2024-07-14,11:45,Vehicle Movement,Loading Area,Vehicle reversing without a spotter present.,Near Miss,30.9,MEDIUM,Rain,Day,78,0,4
INC-0427,2024-07-09,11:33,Lifting,Building Site,Load exceeded rated capacity of lifting equipment.,Near Miss,56.2,HIGH,Clear,Day,50,1,12
INC-0299,2025-01-15,22:56,Material Handling,Warehouse,Stacked materials observed in an unstable configuration.,Moderate,35.0,MEDIUM,Clear,Night,75,1,6
INC-0380,2024-06-27,13:28,Electrical Work,Building Site,Damaged electrical cable observed.,Minor,21.7,LOW,Clear,Day,100,0,4
INC-0407,2025-05-08,11:33,Electrical Work,Electrical Room,Improper lockout/tagout procedure observed.,Minor,41.8,MEDIUM,Clear,Day,84,0,10
INC-0313,2024-06-29,16:54,Scaffolding,Scaffolding Area,Missing guardrail on scaffold platform.,Near Miss,50.6,HIGH,Clear,Day,61,0,4
INC-0111,2024-05-27,21:06,Electrical Work,Building Site,Damaged electrical cable observed.,Minor,44.8,MEDIUM,Windy,Night,83,0,7
INC-0157,2024-08-06,22:56,Lifting,Warehouse,Improper lifting zone setup observed.,Minor,45.3,MEDIUM,Adverse,Night,100,1,8
INC-0035,2024-12-01,19:34,Electrical Work,Building Site,Improper lockout/tagout procedure observed.,Moderate,48.4,HIGH,Adverse,Night,80,0,3
INC-0377,2025-02-28,07:00,Welding,Building Site,Inadequate ventilation observed during welding task.,Near Miss,25.7,LOW,Clear,Day,88,0,5
INC-0431,2024-05-07,23:45,Housekeeping,Warehouse,Obstruction observed blocking emergency access route.,Moderate,9.7,LOW,Clear,Night,80,0,2
INC-0185,2024-12-14,10:12,Excavation,Excavation Area,Excavation walls showing signs of instability.,Major,47.2,MEDIUM,Clear,Day,89,3,7
INC-0485,2025-01-13,10:13,Housekeeping,Building Site,Obstruction observed blocking emergency access route.,Major,46.4,MEDIUM,Rain,Day,65,1,1
INC-0219,2024-11-16,21:09,Working at Height,Building Site,Unprotected edge observed during elevated work.,Minor,47.7,MEDIUM,Clear,Night,83,0,6
INC-0109,2025-04-14,06:20,Welding,Building Site,Inadequate ventilation observed during welding task.,Near Miss,26.5,LOW,Clear,Day,77,0,4
INC-0021,2025-01-04,18:41,Excavation,Road/Access Area,Inadequate barricading around excavation area.,Near Miss,16.6,LOW,Clear,Day,85,0,6
INC-0231,2025-06-21,07:34,Welding,Warehouse,Inadequate ventilation observed during welding task.,Near Miss,10.1,LOW,Clear,Day,89,0,6
INC-0297,2024-10-26,16:39,Housekeeping,Building Site,Tools left in walking path after task completion.,Minor,29.9,MEDIUM,Clear,Day,70,1,8
INC-0495,2025-05-16,10:51,Welding,Building Site,Welding conducted near flammable materials.,Near Miss,56.1,HIGH,Clear,Day,66,0,3
INC-0294,2024-11-18,20:19,Material Handling,Warehouse,Obstructed walkway due to stored materials.,Moderate,50.6,HIGH,Clear,Night,70,3,2
INC-0418,2024-07-13,13:34,Housekeeping,Building Site,Obstruction observed blocking emergency access route.,Near Miss,26.9,LOW,Clear,Day,70,0,3
INC-0040,2024-06-13,21:06,Material Handling,Warehouse,Manual handling of heavy load without mechanical aid.,Moderate,36.7,MEDIUM,Clear,Night,61,0,3
INC-0056,2025-04-04,11:40,Lifting,Loading Area,Rigging inspection not completed before lift.,Minor,45.7,MEDIUM,Clear,Day,44,0,1
INC-0384,2024-12-03,23:12,Vehicle Movement,Loading Area,Vehicle reversing without a spotter present.,Minor,42.6,MEDIUM,Clear,Night,66,0,5
INC-0358,2024-05-14,10:39,Scaffolding,Scaffolding Area,Scaffold access partially obstructed.,Near Miss,42.6,MEDIUM,Clear,Day,69,0,5
INC-0069,2024-05-08,20:31,Electrical Work,Electrical Room,Live electrical panel left unlocked and unattended.,Moderate,46.7,MEDIUM,Windy,Night,66,0,5
INC-0479,2024-08-13,08:35,Electrical Work,Electrical Room,Exposed wiring near a wet work area.,Moderate,41.0,MEDIUM,Rain,Day,86,0,3
INC-0381,2024-01-22,10:40,Electrical Work,Building Site,Exposed wiring near a wet work area.,Near Miss,24.1,LOW,Clear,Day,93,0,9
INC-0024,2025-03-03,09:49,Confined Space,Excavation Area,Ventilation equipment not in place for confined space entry.,Minor,79.2,CRITICAL,Windy,Day,67,1,1
INC-0404,2024-04-08,22:25,Electrical Work,Building Site,Exposed wiring near a wet work area.,Minor,39.2,MEDIUM,Clear,Night,83,0,3
INC-0334,2024-06-29,11:08,Lifting,Warehouse,Exclusion zone around lift not maintained.,Minor,15.3,LOW,Clear,Day,95,0,9
INC-0156,2024-10-27,15:13,Confined Space,Excavation Area,Emergency retrieval system not set up before entry.,Near Miss,32.8,MEDIUM,Clear,Day,89,0,6
INC-0293,2025-05-12,22:09,Material Handling,Loading Area,Stacked materials observed in an unstable configuration.,Near Miss,39.7,MEDIUM,Windy,Night,84,1,6
INC-0336,2025-01-08,21:26,Scaffolding,Building Site,"Scaffold base observed on uneven, unstable ground.",Moderate,21.9,LOW,Clear,Night,87,0,8
INC-0453,2024-12-26,14:33,Excavation,Road/Access Area,No safe access/egress ladder provided in trench.,Near Miss,56.6,HIGH,Windy,Day,75,1,6
INC-0015,2024-06-29,20:01,Scaffolding,Scaffolding Area,Incomplete scaffold tagging system observed.,Minor,46.1,MEDIUM,Clear,Night,65,0,6
INC-0460,2024-01-29,08:10,Lifting,Loading Area,Rigging inspection not completed before lift.,Moderate,54.0,HIGH,Clear,Day,62,0,6
INC-0481,2024-12-23,06:12,Electrical Work,Electrical Room,Damaged electrical cable observed.,Moderate,39.9,MEDIUM,Clear,Day,75,0,6
INC-0275,2025-04-28,22:21,Material Handling,Warehouse,Manual handling of heavy load without mechanical aid.,Moderate,44.9,MEDIUM,Rain,Night,37,0,5
INC-0446,2024-07-13,20:51,Confined Space,Electrical Room,Confined space entry without atmospheric testing.,Minor,51.5,HIGH,Clear,Night,55,0,6
INC-0251,2024-12-10,12:41,Confined Space,Electrical Room,No standby attendant present during confined space work.,Moderate,59.8,HIGH,Windy,Day,84,2,3
INC-0117,2024-04-29,18:07,Material Handling,Warehouse,Stacked materials observed in an unstable configuration.,Moderate,35.2,MEDIUM,Adverse,Day,80,0,1
INC-0141,2024-09-05,19:23,Excavation,Road/Access Area,Excavation walls showing signs of instability.,Minor,38.8,MEDIUM,Clear,Night,100,1,1
INC-0409,2024-09-20,13:53,Welding,Warehouse,Fire watch not posted during hot work.,Moderate,59.5,HIGH,Adverse,Day,59,1,3
INC-0143,2024-03-24,19:34,Vehicle Movement,Road/Access Area,Pedestrian and vehicle routes not segregated.,Near Miss,37.6,MEDIUM,Clear,Night,58,0,5
INC-0357,2025-06-27,14:17,Excavation,Excavation Area,Excavation walls showing signs of instability.,Minor,53.5,HIGH,Adverse,Day,87,0,4
INC-0076,2024-01-06,07:06,Electrical Work,Electrical Room,Damaged electrical cable observed.,Near Miss,43.4,MEDIUM,Rain,Day,88,0,6
INC-0500,2025-04-27,08:09,Working at Height,Roof,Worker observed near roof edge without guardrail.,Minor,51.0,HIGH,Clear,Day,97,1,1
INC-0179,2024-03-14,13:40,Housekeeping,Building Site,Tools left in walking path after task completion.,Minor,0.8,LOW,Clear,Day,100,0,2
INC-0248,2024-09-28,16:57,Housekeeping,Building Site,Spilled material not cleaned up promptly.,Minor,42.4,MEDIUM,Adverse,Day,65,0,8
INC-0045,2025-01-21,16:11,Material Handling,Loading Area,Stacked materials observed in an unstable configuration.,Near Miss,49.5,HIGH,Rain,Day,64,0,5
INC-0333,2024-07-13,13:40,Excavation,Excavation Area,Excavation walls showing signs of instability.,Minor,52.2,HIGH,Clear,Day,63,0,1
INC-0374,2024-07-02,14:56,Electrical Work,Electrical Room,Damaged electrical cable observed.,Minor,43.9,MEDIUM,Clear,Day,89,1,6
INC-0031,2024-09-17,10:22,Housekeeping,Building Site,Debris accumulation observed in walkway.,Near Miss,21.3,LOW,Clear,Day,82,0,4
INC-0306,2024-06-21,15:32,Confined Space,Excavation Area,Ventilation equipment not in place for confined space entry.,Minor,56.0,HIGH,Clear,Day,74,1,6
INC-0170,2025-06-18,20:46,Scaffolding,Scaffolding Area,"Scaffold base observed on uneven, unstable ground.",Minor,48.9,HIGH,Clear,Night,84,1,5
INC-0307,2024-01-26,22:15,Confined Space,Electrical Room,Emergency retrieval system not set up before entry.,Moderate,99.7,CRITICAL,Adverse,Night,49,3,10
INC-0240,2024-02-28,19:04,Material Handling,Loading Area,Stacked materials observed in an unstable configuration.,Moderate,48.3,HIGH,Rain,Night,74,0,13
INC-0010,2024-07-16,10:57,Housekeeping,Warehouse,Spilled material not cleaned up promptly.,Near Miss,13.9,LOW,Rain,Day,78,0,5
INC-0224,2024-10-11,20:03,Scaffolding,Scaffolding Area,Missing guardrail on scaffold platform.,Moderate,37.3,MEDIUM,Clear,Night,81,0,9
INC-0205,2024-08-18,23:58,Working at Height,Roof,Worker observed near roof edge without guardrail.,Moderate,53.3,HIGH,Clear,Night,82,0,4
INC-0188,2024-06-21,17:16,Material Handling,Loading Area,Improper storage of materials near a walkway.,Minor,21.5,LOW,Clear,Day,80,0,4
INC-0210,2024-01-08,09:02,Electrical Work,Electrical Room,Live electrical panel left unlocked and unattended.,Near Miss,44.7,MEDIUM,Clear,Day,75,0,8
INC-0488,2025-05-16,22:09,Scaffolding,Scaffolding Area,"Scaffold base observed on uneven, unstable ground.",Minor,55.0,HIGH,Clear,Night,66,1,8
INC-0295,2025-05-22,08:39,Vehicle Movement,Road/Access Area,Pedestrian and vehicle routes not segregated.,Moderate,38.1,MEDIUM,Rain,Day,71,0,6
INC-0347,2025-03-20,10:23,Welding,Building Site,Fire watch not posted during hot work.,Moderate,40.3,MEDIUM,Rain,Day,47,0,6
INC-0223,2024-04-17,10:23,Vehicle Movement,Loading Area,Vehicle reversing without a spotter present.,Minor,38.7,MEDIUM,Clear,Day,65,0,6
INC-0037,2025-02-19,21:18,Electrical Work,Building Site,Exposed wiring near a wet work area.,Minor,28.9,MEDIUM,Clear,Night,92,0,6
INC-0014,2025-06-06,06:04,Confined Space,Excavation Area,Confined space entry without atmospheric testing.,Moderate,60.9,HIGH,Windy,Day,59,0,5
INC-0239,2024-05-14,23:19,Excavation,Road/Access Area,Inadequate barricading around excavation area.,Minor,58.1,HIGH,Rain,Night,79,1,2
INC-0444,2024-12-22,14:49,Vehicle Movement,Road/Access Area,Vehicle reversing without a spotter present.,Near Miss,30.0,MEDIUM,Windy,Day,77,0,1
INC-0411,2025-03-09,16:02,Lifting,Building Site,Improper lifting zone setup observed.,Minor,40.8,MEDIUM,Clear,Day,79,1,3
INC-0415,2024-03-10,21:55,Lifting,Building Site,Rigging inspection not completed before lift.,Minor,44.8,MEDIUM,Rain,Night,81,1,9
INC-0269,2024-05-14,18:13,Working at Height,Building Site,Unprotected edge observed during elevated work.,Major,53.2,HIGH,Adverse,Day,72,0,13
INC-0342,2024-07-02,09:19,Material Handling,Loading Area,Manual handling of heavy load without mechanical aid.,Minor,18.1,LOW,Clear,Day,87,0,6
INC-0449,2024-10-31,16:14,Housekeeping,Warehouse,Obstruction observed blocking emergency access route.,Minor,7.5,LOW,Clear,Day,85,1,9
INC-0192,2025-01-22,14:36,Excavation,Excavation Area,Inadequate barricading around excavation area.,Moderate,71.2,CRITICAL,Clear,Day,64,1,1
INC-0371,2025-01-29,14:12,Scaffolding,Building Site,Missing guardrail on scaffold platform.,Moderate,70.8,CRITICAL,Rain,Day,74,3,6
INC-0216,2024-11-04,18:15,Confined Space,Electrical Room,Ventilation equipment not in place for confined space entry.,Major,58.0,HIGH,Clear,Day,79,0,12
INC-0329,2024-02-04,19:05,Excavation,Excavation Area,Excavation walls showing signs of instability.,Near Miss,33.9,MEDIUM,Windy,Night,88,0,8
INC-0095,2024-09-24,23:26,Excavation,Excavation Area,Excavation walls showing signs of instability.,Moderate,52.8,HIGH,Clear,Night,81,1,5
INC-0137,2024-01-20,21:57,Scaffolding,Scaffolding Area,Missing guardrail on scaffold platform.,Major,42.3,MEDIUM,Rain,Night,76,0,7
INC-0221,2024-05-18,13:02,Excavation,Excavation Area,Spoil pile placed too close to excavation edge.,Near Miss,48.4,HIGH,Clear,Day,75,0,7
INC-0466,2024-09-17,21:58,Confined Space,Excavation Area,Confined space entry without atmospheric testing.,Moderate,55.9,HIGH,Rain,Night,74,0,6
INC-0115,2024-08-25,10:39,Housekeeping,Warehouse,Obstruction observed blocking emergency access route.,Near Miss,25.3,LOW,Clear,Day,65,0,6
INC-0266,2025-04-10,22:17,Scaffolding,Building Site,"Scaffold base observed on uneven, unstable ground.",Minor,26.5,LOW,Clear,Night,100,0,3
INC-0408,2024-10-09,17:46,Electrical Work,Electrical Room,Live electrical panel left unlocked and unattended.,Major,57.6,HIGH,Windy,Day,90,1,6
INC-0471,2024-12-02,17:11,Working at Height,Roof,Worker observed near roof edge without guardrail.,Near Miss,45.0,MEDIUM,Adverse,Day,91,0,2
INC-0190,2024-03-22,07:43,Electrical Work,Building Site,Improper lockout/tagout procedure observed.,Major,77.1,CRITICAL,Adverse,Day,76,2,4
INC-0001,2025-02-18,23:27,Working at Height,Scaffolding Area,Worker observed near roof edge without guardrail.,Near Miss,34.8,MEDIUM,Clear,Night,94,0,2
INC-0273,2025-04-01,11:47,Lifting,Loading Area,Exclusion zone around lift not maintained.,Moderate,26.8,LOW,Clear,Day,76,0,1
INC-0271,2024-10-29,13:27,Vehicle Movement,Loading Area,Vehicle reversing without a spotter present.,Near Miss,40.1,MEDIUM,Clear,Day,75,0,4
INC-0088,2024-03-12,06:20,Working at Height,Building Site,Ladder used beyond recommended height without stabilization.,Minor,42.4,MEDIUM,Windy,Day,93,0,6
INC-0227,2024-02-21,07:11,Confined Space,Electrical Room,Ventilation equipment not in place for confined space entry.,Major,67.7,CRITICAL,Clear,Day,60,1,3
INC-0401,2024-07-25,12:45,Confined Space,Electrical Room,Ventilation equipment not in place for confined space entry.,Minor,59.7,HIGH,Clear,Day,82,0,9
INC-0130,2024-08-01,18:00,Material Handling,Loading Area,Improper storage of materials near a walkway.,Minor,28.6,MEDIUM,Windy,Day,88,0,10
INC-0296,2024-11-26,21:03,Welding,Warehouse,Fire watch not posted during hot work.,Minor,63.3,HIGH,Rain,Night,46,0,11
INC-0108,2024-09-18,22:38,Housekeeping,Building Site,Obstruction observed blocking emergency access route.,Near Miss,44.4,MEDIUM,Adverse,Night,61,1,6
INC-0282,2024-05-13,17:13,Electrical Work,Electrical Room,Exposed wiring near a wet work area.,Minor,36.4,MEDIUM,Clear,Day,73,0,2
INC-0217,2024-04-02,20:15,Welding,Warehouse,Fire watch not posted during hot work.,Moderate,57.2,HIGH,Adverse,Night,68,0,6
INC-0284,2024-02-26,16:24,Housekeeping,Warehouse,Spilled material not cleaned up promptly.,Near Miss,12.2,LOW,Rain,Day,88,0,7
INC-0498,2024-11-23,10:50,Working at Height,Roof,Fall arrest harness not properly anchored.,Major,69.2,CRITICAL,Rain,Day,67,0,7
INC-0318,2024-08-15,20:06,Material Handling,Loading Area,Improper storage of materials near a walkway.,Near Miss,52.4,HIGH,Adverse,Night,69,0,8
INC-0165,2025-03-02,13:51,Housekeeping,Warehouse,Debris accumulation observed in walkway.,Major,51.2,HIGH,Adverse,Day,68,0,6
INC-0386,2025-05-21,23:39,Electrical Work,Building Site,Exposed wiring near a wet work area.,Near Miss,53.7,HIGH,Clear,Night,89,3,2
INC-0237,2025-02-19,10:44,Electrical Work,Building Site,Live electrical panel left unlocked and unattended.,Near Miss,72.4,CRITICAL,Adverse,Day,83,0,4
INC-0063,2024-01-21,10:06,Working at Height,Scaffolding Area,Unprotected edge observed during elevated work.,Near Miss,53.2,HIGH,Clear,Day,70,2,8
INC-0016,2024-06-02,18:46,Excavation,Road/Access Area,Inadequate barricading around excavation area.,Major,69.0,CRITICAL,Adverse,Day,64,0,4
INC-0246,2024-04-15,10:30,Vehicle Movement,Loading Area,Pedestrian and vehicle routes not segregated.,Major,41.7,MEDIUM,Rain,Day,100,0,6
INC-0324,2024-05-04,10:57,Lifting,Loading Area,Improper lifting zone setup observed.,Moderate,38.2,MEDIUM,Clear,Day,69,0,1
INC-0250,2024-04-27,23:22,Scaffolding,Scaffolding Area,Incomplete scaffold tagging system observed.,Minor,35.9,MEDIUM,Clear,Night,77,0,3
INC-0135,2024-07-24,13:27,Working at Height,Roof,Unprotected edge observed during elevated work.,Near Miss,29.1,MEDIUM,Clear,Day,97,0,4
INC-0120,2024-05-21,07:49,Excavation,Road/Access Area,No safe access/egress ladder provided in trench.,Moderate,41.0,MEDIUM,Rain,Day,74,0,1
INC-0242,2025-06-05,11:26,Scaffolding,Building Site,Scaffold access partially obstructed.,Moderate,49.7,HIGH,Adverse,Day,57,0,8
INC-0061,2025-06-12,16:44,Electrical Work,Building Site,Live electrical panel left unlocked and unattended.,Near Miss,38.4,MEDIUM,Clear,Day,62,0,6
INC-0469,2024-05-21,08:18,Lifting,Building Site,Load exceeded rated capacity of lifting equipment.,Minor,36.9,MEDIUM,Clear,Day,99,0,4
INC-0077,2025-04-10,17:46,Confined Space,Electrical Room,No standby attendant present during confined space work.,Minor,80.6,CRITICAL,Clear,Day,64,1,6
INC-0370,2024-05-15,13:56,Material Handling,Loading Area,Obstructed walkway due to stored materials.,Moderate,52.7,HIGH,Adverse,Day,100,1,1
INC-0100,2025-01-30,14:35,Confined Space,Excavation Area,No standby attendant present during confined space work.,Major,76.7,CRITICAL,Clear,Day,83,2,3
INC-0098,2024-07-05,06:45,Vehicle Movement,Loading Area,Blind spot hazard noted at site access road.,Minor,16.6,LOW,Clear,Day,87,0,3
INC-0226,2024-01-20,08:51,Vehicle Movement,Loading Area,Vehicle reversing without a spotter present.,Near Miss,47.1,MEDIUM,Rain,Day,81,1,2
INC-0174,2025-04-28,18:34,Excavation,Road/Access Area,Inadequate barricading around excavation area.,Near Miss,38.4,MEDIUM,Clear,Day,73,0,9
INC-0428,2025-03-22,11:56,Lifting,Building Site,Rigging inspection not completed before lift.,Moderate,49.4,HIGH,Windy,Day,84,1,5
INC-0493,2024-01-17,16:04,Working at Height,Building Site,Worker observed near roof edge without guardrail.,Minor,37.8,MEDIUM,Clear,Day,79,0,8
INC-0304,2024-08-31,07:43,Material Handling,Warehouse,Manual handling of heavy load without mechanical aid.,Near Miss,31.1,MEDIUM,Rain,Day,100,1,13
INC-0019,2024-07-22,10:15,Vehicle Movement,Loading Area,Pedestrian and vehicle routes not segregated.,Moderate,48.0,HIGH,Adverse,Day,99,1,4
INC-0450,2024-02-19,15:08,Housekeeping,Building Site,Obstruction observed blocking emergency access route.,Moderate,38.7,MEDIUM,Adverse,Day,77,0,5
INC-0055,2024-04-08,22:13,Vehicle Movement,Road/Access Area,Pedestrian and vehicle routes not segregated.,Near Miss,27.9,LOW,Clear,Night,83,0,4
INC-0262,2025-02-18,09:17,Lifting,Building Site,Rigging inspection not completed before lift.,Moderate,25.4,LOW,Clear,Day,100,0,8
INC-0283,2024-06-23,12:39,Material Handling,Warehouse,Stacked materials observed in an unstable configuration.,Major,38.2,MEDIUM,Adverse,Day,79,0,4
INC-0253,2024-06-09,07:38,Vehicle Movement,Road/Access Area,Blind spot hazard noted at site access road.,Minor,28.6,MEDIUM,Clear,Day,92,0,8
INC-0285,2024-05-16,07:16,Welding,Warehouse,Inadequate ventilation observed during welding task.,Near Miss,22.0,LOW,Windy,Day,100,0,6
INC-0497,2025-01-17,13:31,Scaffolding,Building Site,Incomplete scaffold tagging system observed.,Near Miss,32.8,MEDIUM,Clear,Day,86,1,6
INC-0388,2024-10-25,06:28,Confined Space,Electrical Room,Ventilation equipment not in place for confined space entry.,Moderate,68.9,CRITICAL,Clear,Day,73,1,5
INC-0202,2024-02-24,10:01,Vehicle Movement,Loading Area,Vehicle observed exceeding site speed limit.,Major,39.7,MEDIUM,Rain,Day,82,0,3
INC-0052,2024-03-24,12:21,Confined Space,Excavation Area,Ventilation equipment not in place for confined space entry.,Minor,75.0,CRITICAL,Rain,Day,50,1,10
INC-0201,2024-09-05,06:22,Welding,Warehouse,Inadequate ventilation observed during welding task.,Moderate,43.2,MEDIUM,Clear,Day,51,0,10
INC-0145,2024-04-09,19:40,Electrical Work,Electrical Room,Live electrical panel left unlocked and unattended.,Moderate,59.8,HIGH,Clear,Night,80,1,5
INC-0011,2024-09-01,11:54,Excavation,Road/Access Area,Spoil pile placed too close to excavation edge.,Near Miss,45.6,MEDIUM,Rain,Day,99,1,8
INC-0180,2025-02-08,18:28,Welding,Building Site,Welding screen missing in shared work area.,Moderate,37.8,MEDIUM,Clear,Day,61,0,3
INC-0474,2024-02-14,13:18,Scaffolding,Scaffolding Area,Missing guardrail on scaffold platform.,Minor,36.5,MEDIUM,Clear,Day,81,0,3
INC-0298,2025-02-10,14:35,Lifting,Loading Area,Load exceeded rated capacity of lifting equipment.,Moderate,41.0,MEDIUM,Windy,Day,95,0,1
INC-0292,2024-04-01,07:19,Confined Space,Excavation Area,Emergency retrieval system not set up before entry.,Minor,63.8,HIGH,Clear,Day,46,0,4
INC-0432,2024-01-29,23:57,Electrical Work,Building Site,Improper lockout/tagout procedure observed.,Minor,40.4,MEDIUM,Clear,Night,70,0,5
INC-0288,2025-06-27,09:58,Electrical Work,Electrical Room,Live electrical panel left unlocked and unattended.,Moderate,66.5,CRITICAL,Rain,Day,78,2,6
INC-0456,2025-06-17,17:19,Lifting,Warehouse,Improper lifting zone setup observed.,Near Miss,34.7,MEDIUM,Clear,Day,64,0,5
INC-0140,2025-04-03,23:47,Lifting,Warehouse,Exclusion zone around lift not maintained.,Near Miss,18.8,LOW,Clear,Night,94,1,8
INC-0044,2025-02-04,07:42,Lifting,Loading Area,Rigging inspection not completed before lift.,Near Miss,36.8,MEDIUM,Clear,Day,81,1,4
INC-0326,2024-12-14,06:05,Housekeeping,Warehouse,Tools left in walking path after task completion.,Near Miss,23.6,LOW,Rain,Day,84,0,4
INC-0338,2025-03-18,23:30,Electrical Work,Building Site,Exposed wiring near a wet work area.,Minor,53.2,HIGH,Clear,Night,84,2,6
INC-0206,2024-07-31,20:11,Housekeeping,Warehouse,Tools left in walking path after task completion.,Major,23.7,LOW,Clear,Night,57,0,1
INC-0414,2025-01-20,15:47,Working at Height,Roof,Unprotected edge observed during elevated work.,Near Miss,31.7,MEDIUM,Clear,Day,77,0,2
INC-0104,2025-04-14,08:07,Lifting,Building Site,Rigging inspection not completed before lift.,Minor,42.7,MEDIUM,Rain,Day,61,0,4
INC-0440,2024-11-05,20:17,Scaffolding,Scaffolding Area,Scaffold access partially obstructed.,Near Miss,44.2,MEDIUM,Clear,Night,88,0,11
INC-0402,2025-01-26,08:32,Welding,Building Site,Welding conducted near flammable materials.,Minor,32.7,MEDIUM,Windy,Day,79,0,6
INC-0138,2025-04-01,18:09,Welding,Building Site,Welding screen missing in shared work area.,Moderate,40.5,MEDIUM,Rain,Day,78,0,7
INC-0198,2024-09-16,12:20,Welding,Warehouse,Inadequate ventilation observed during welding task.,Near Miss,39.4,MEDIUM,Clear,Day,68,0,3
INC-0494,2025-03-18,15:13,Lifting,Loading Area,Rigging inspection not completed before lift.,Moderate,46.3,MEDIUM,Adverse,Day,76,0,1
INC-0155,2025-04-29,10:27,Working at Height,Scaffolding Area,Fall arrest harness not properly anchored.,Major,82.7,CRITICAL,Clear,Day,50,3,1
INC-0365,2024-11-07,06:44,Vehicle Movement,Loading Area,Blind spot hazard noted at site access road.,Near Miss,45.1,MEDIUM,Clear,Day,71,1,10
INC-0496,2024-07-11,12:39,Scaffolding,Building Site,Incomplete scaffold tagging system observed.,Minor,48.7,HIGH,Clear,Day,64,0,8
INC-0412,2024-08-14,15:34,Working at Height,Building Site,Unprotected edge observed during elevated work.,Minor,39.1,MEDIUM,Clear,Day,85,0,7
INC-0090,2024-03-01,10:45,Electrical Work,Electrical Room,Exposed wiring near a wet work area.,Near Miss,30.9,MEDIUM,Clear,Day,90,0,1
INC-0290,2025-01-02,09:41,Scaffolding,Building Site,Scaffold access partially obstructed.,Minor,18.8,LOW,Clear,Day,100,0,6
INC-0341,2024-11-02,11:00,Electrical Work,Building Site,Damaged electrical cable observed.,Minor,48.4,HIGH,Rain,Day,39,0,9
INC-0244,2024-02-25,18:52,Confined Space,Electrical Room,Emergency retrieval system not set up before entry.,Moderate,67.0,CRITICAL,Rain,Day,84,1,3
INC-0376,2024-03-10,06:13,Electrical Work,Building Site,Improper lockout/tagout procedure observed.,Moderate,55.8,HIGH,Windy,Day,77,2,2
INC-0367,2024-01-26,15:53,Scaffolding,Building Site,"Scaffold base observed on uneven, unstable ground.",Minor,31.8,MEDIUM,Clear,Day,79,0,3
INC-0379,2024-06-01,14:46,Vehicle Movement,Road/Access Area,Vehicle reversing without a spotter present.,Moderate,32.9,MEDIUM,Rain,Day,89,0,6
INC-0074,2024-09-23,13:46,Scaffolding,Scaffolding Area,Missing guardrail on scaffold platform.,Minor,38.1,MEDIUM,Clear,Day,64,0,5
INC-0078,2024-07-16,21:47,Housekeeping,Building Site,Obstruction observed blocking emergency access route.,Near Miss,27.1,LOW,Clear,Night,64,0,11
INC-0172,2025-02-12,08:44,Electrical Work,Electrical Room,Live electrical panel left unlocked and unattended.,Major,73.9,CRITICAL,Adverse,Day,77,2,4
INC-0161,2025-03-17,20:44,Welding,Building Site,Fire watch not posted during hot work.,Near Miss,23.1,LOW,Rain,Night,85,0,5
INC-0378,2024-12-09,18:34,Scaffolding,Scaffolding Area,Incomplete scaffold tagging system observed.,Moderate,33.9,MEDIUM,Clear,Day,86,0,6
INC-0245,2024-11-19,15:26,Material Handling,Loading Area,Stacked materials observed in an unstable configuration.,Near Miss,41.3,MEDIUM,Clear,Day,54,1,9
INC-0127,2024-07-14,16:37,Electrical Work,Electrical Room,Improper lockout/tagout procedure observed.,Minor,36.3,MEDIUM,Clear,Day,100,1,2
INC-0398,2024-03-29,18:10,Housekeeping,Building Site,Debris accumulation observed in walkway.,Near Miss,24.4,LOW,Clear,Day,60,0,5
INC-0033,2025-02-04,21:51,Housekeeping,Building Site,Obstruction observed blocking emergency access route.,Minor,17.8,LOW,Rain,Night,75,0,3
INC-0026,2024-02-06,08:49,Scaffolding,Scaffolding Area,Incomplete scaffold tagging system observed.,Near Miss,64.4,HIGH,Clear,Day,63,1,14
INC-0154,2024-06-14,13:45,Confined Space,Excavation Area,Ventilation equipment not in place for confined space entry.,Minor,53.0,HIGH,Adverse,Day,81,0,7
INC-0454,2024-04-13,23:29,Housekeeping,Building Site,Tools left in walking path after task completion.,Near Miss,13.7,LOW,Clear,Night,75,0,3
INC-0070,2024-03-25,09:47,Housekeeping,Building Site,Obstruction observed blocking emergency access route.,Moderate,52.7,HIGH,Rain,Day,69,0,8
INC-0448,2024-06-12,14:45,Lifting,Loading Area,Improper lifting zone setup observed.,Minor,49.2,HIGH,Rain,Day,79,0,10
INC-0434,2024-11-17,15:11,Electrical Work,Electrical Room,Exposed wiring near a wet work area.,Moderate,33.8,MEDIUM,Clear,Day,97,0,2
INC-0167,2025-02-12,23:14,Lifting,Warehouse,Improper lifting zone setup observed.,Near Miss,36.8,MEDIUM,Clear,Night,76,1,7
INC-0437,2024-09-12,21:22,Excavation,Excavation Area,Spoil pile placed too close to excavation edge.,Moderate,45.9,MEDIUM,Adverse,Night,100,0,4
INC-0106,2024-01-13,18:36,Confined Space,Excavation Area,Ventilation equipment not in place for confined space entry.,Moderate,44.3,MEDIUM,Rain,Day,97,0,4
INC-0320,2025-03-16,20:38,Working at Height,Roof,Ladder used beyond recommended height without stabilization.,Near Miss,43.6,MEDIUM,Clear,Night,78,0,6
INC-0309,2024-12-10,16:16,Working at Height,Scaffolding Area,Fall arrest harness not properly anchored.,Moderate,52.3,HIGH,Clear,Day,67,0,9
INC-0042,2024-01-03,18:48,Electrical Work,Electrical Room,Damaged electrical cable observed.,Moderate,62.8,HIGH,Adverse,Day,74,0,5
INC-0081,2025-05-04,08:37,Lifting,Warehouse,Exclusion zone around lift not maintained.,Near Miss,21.3,LOW,Clear,Day,100,0,6
INC-0289,2025-01-02,16:14,Material Handling,Warehouse,Manual handling of heavy load without mechanical aid.,Near Miss,46.8,MEDIUM,Windy,Day,64,0,4
INC-0362,2024-07-31,15:17,Confined Space,Excavation Area,Confined space entry without atmospheric testing.,Major,75.7,CRITICAL,Adverse,Day,90,1,2
INC-0071,2024-04-10,11:39,Material Handling,Loading Area,Stacked materials observed in an unstable configuration.,Near Miss,21.5,LOW,Clear,Day,98,0,4
INC-0372,2025-04-22,17:05,Electrical Work,Electrical Room,Exposed wiring near a wet work area.,Minor,58.8,HIGH,Adverse,Day,100,1,6
INC-0110,2025-06-28,06:25,Electrical Work,Building Site,Live electrical panel left unlocked and unattended.,Near Miss,46.6,MEDIUM,Adverse,Day,77,0,5
INC-0147,2024-11-19,13:03,Housekeeping,Warehouse,Spilled material not cleaned up promptly.,Minor,24.1,LOW,Windy,Day,96,0,7
INC-0073,2025-01-15,12:23,Scaffolding,Building Site,Incomplete scaffold tagging system observed.,Near Miss,40.1,MEDIUM,Clear,Day,64,0,9
INC-0337,2025-05-20,06:41,Lifting,Loading Area,Rigging inspection not completed before lift.,Near Miss,29.4,MEDIUM,Clear,Day,92,0,3
INC-0405,2024-09-02,09:43,Housekeeping,Warehouse,Tools left in walking path after task completion.,Near Miss,9.1,LOW,Clear,Day,74,0,3
INC-0066,2024-04-12,11:43,Confined Space,Electrical Room,Emergency retrieval system not set up before entry.,Minor,53.1,HIGH,Clear,Day,75,0,5
INC-0424,2025-04-15,21:24,Confined Space,Electrical Room,Ventilation equipment not in place for confined space entry.,Near Miss,44.4,MEDIUM,Clear,Night,89,1,3
INC-0051,2024-01-31,12:10,Scaffolding,Scaffolding Area,Incomplete scaffold tagging system observed.,Near Miss,44.5,MEDIUM,Adverse,Day,89,0,9
INC-0166,2025-02-18,08:56,Scaffolding,Building Site,"Scaffold base observed on uneven, unstable ground.",Minor,24.9,LOW,Clear,Day,96,0,3
INC-0175,2024-04-25,20:04,Lifting,Loading Area,Load exceeded rated capacity of lifting equipment.,Near Miss,48.3,HIGH,Windy,Night,71,0,7
INC-0236,2024-03-22,13:08,Excavation,Road/Access Area,Inadequate barricading around excavation area.,Minor,15.5,LOW,Clear,Day,97,0,1
INC-0467,2024-08-21,12:47,Housekeeping,Warehouse,Spilled material not cleaned up promptly.,Near Miss,18.0,LOW,Clear,Day,77,0,10
INC-0228,2024-01-22,17:00,Scaffolding,Scaffolding Area,"Scaffold base observed on uneven, unstable ground.",Near Miss,44.9,MEDIUM,Windy,Day,59,0,7
INC-0439,2024-07-25,07:14,Welding,Warehouse,Inadequate ventilation observed during welding task.,Near Miss,28.5,MEDIUM,Clear,Day,65,0,3
INC-0364,2024-03-11,17:21,Housekeeping,Building Site,Debris accumulation observed in walkway.,Moderate,50.6,HIGH,Adverse,Day,59,0,12
INC-0059,2024-06-16,11:16,Excavation,Excavation Area,Excavation walls showing signs of instability.,Near Miss,52.9,HIGH,Clear,Day,77,2,7
INC-0004,2024-03-11,13:40,Housekeeping,Building Site,Debris accumulation observed in walkway.,Near Miss,31.6,MEDIUM,Windy,Day,67,0,9
INC-0366,2025-06-02,14:02,Working at Height,Roof,Fall arrest harness not properly anchored.,Minor,57.7,HIGH,Clear,Day,100,0,13
INC-0038,2024-10-28,22:28,Excavation,Excavation Area,Inadequate barricading around excavation area.,Moderate,52.2,HIGH,Clear,Night,64,0,10
INC-0060,2025-05-07,22:46,Lifting,Warehouse,Exclusion zone around lift not maintained.,Moderate,11.1,LOW,Rain,Night,100,0,5
INC-0419,2024-01-08,16:13,Working at Height,Roof,Fall arrest harness not properly anchored.,Minor,74.1,CRITICAL,Rain,Day,65,0,8
INC-0116,2025-03-22,13:44,Confined Space,Electrical Room,No standby attendant present during confined space work.,Moderate,77.7,CRITICAL,Clear,Day,48,1,5
INC-0209,2024-11-26,14:59,Material Handling,Warehouse,Manual handling of heavy load without mechanical aid.,Minor,27.8,LOW,Clear,Day,80,1,4
INC-0191,2024-05-02,12:42,Lifting,Building Site,Exclusion zone around lift not maintained.,Minor,38.1,MEDIUM,Windy,Day,90,0,10
INC-0302,2024-08-31,14:55,Housekeeping,Warehouse,Debris accumulation observed in walkway.,Minor,29.5,MEDIUM,Clear,Day,79,2,6
INC-0350,2024-08-23,20:50,Vehicle Movement,Loading Area,Blind spot hazard noted at site access road.,Near Miss,27.7,LOW,Clear,Night,100,0,6
INC-0126,2024-09-28,16:35,Working at Height,Roof,Fall arrest harness not properly anchored.,Minor,47.6,MEDIUM,Windy,Day,88,0,2
INC-0353,2025-03-11,12:37,Scaffolding,Building Site,Scaffold access partially obstructed.,Major,53.3,HIGH,Adverse,Day,56,0,9
INC-0390,2024-03-16,16:35,Lifting,Building Site,Improper lifting zone setup observed.,Near Miss,27.8,LOW,Windy,Day,100,0,7
INC-0492,2024-07-15,15:09,Welding,Building Site,Welding conducted near flammable materials.,Minor,65.4,CRITICAL,Windy,Day,55,1,1
INC-0462,2025-04-19,23:34,Vehicle Movement,Road/Access Area,Blind spot hazard noted at site access road.,Near Miss,48.0,MEDIUM,Adverse,Night,80,0,5
INC-0194,2025-05-08,22:04,Material Handling,Warehouse,Manual handling of heavy load without mechanical aid.,Minor,33.5,MEDIUM,Windy,Night,80,1,4
INC-0199,2024-03-04,20:08,Working at Height,Scaffolding Area,Unprotected edge observed during elevated work.,Minor,56.2,HIGH,Clear,Night,93,2,5
INC-0316,2024-02-13,07:08,Working at Height,Building Site,Ladder used beyond recommended height without stabilization.,Major,71.3,CRITICAL,Windy,Day,60,0,6
INC-0279,2024-01-22,12:16,Welding,Building Site,Inadequate ventilation observed during welding task.,Minor,35.2,MEDIUM,Rain,Day,72,0,8
INC-0124,2025-04-29,15:06,Excavation,Excavation Area,Spoil pile placed too close to excavation edge.,Near Miss,40.0,MEDIUM,Clear,Day,84,0,4
INC-0258,2024-12-29,12:01,Confined Space,Electrical Room,Emergency retrieval system not set up before entry.,Moderate,62.5,HIGH,Clear,Day,89,2,7
INC-0047,2024-03-05,07:18,Scaffolding,Building Site,Scaffold access partially obstructed.,Near Miss,47.0,MEDIUM,Windy,Day,78,0,11
INC-0433,2025-06-17,16:35,Material Handling,Warehouse,Improper storage of materials near a walkway.,Near Miss,9.7,LOW,Clear,Day,100,0,6
INC-0305,2025-05-09,19:36,Working at Height,Building Site,Unprotected edge observed during elevated work.,Minor,38.8,MEDIUM,Clear,Night,90,1,1
INC-0146,2024-02-28,06:30,Lifting,Building Site,Rigging inspection not completed before lift.,Minor,29.6,MEDIUM,Clear,Day,91,2,3
INC-0356,2025-03-12,22:46,Lifting,Loading Area,Rigging inspection not completed before lift.,Minor,60.1,HIGH,Adverse,Night,76,1,7
INC-0171,2025-01-22,12:03,Scaffolding,Scaffolding Area,Incomplete scaffold tagging system observed.,Minor,52.2,HIGH,Rain,Day,69,0,1
INC-0425,2024-03-11,17:54,Housekeeping,Building Site,Tools left in walking path after task completion.,Near Miss,29.2,MEDIUM,Clear,Day,81,0,13
INC-0483,2024-05-09,20:26,Lifting,Warehouse,Load exceeded rated capacity of lifting equipment.,Minor,27.1,LOW,Clear,Night,91,0,2
INC-0249,2024-12-16,17:07,Electrical Work,Building Site,Exposed wiring near a wet work area.,Minor,52.0,HIGH,Clear,Day,88,2,4
INC-0327,2025-06-10,17:28,Lifting,Building Site,Improper lifting zone setup observed.,Near Miss,25.1,LOW,Clear,Day,98,0,9
INC-0328,2024-01-26,12:35,Lifting,Loading Area,Load exceeded rated capacity of lifting equipment.,Near Miss,57.8,HIGH,Windy,Day,79,3,2
INC-0369,2025-03-12,19:38,Lifting,Warehouse,Load exceeded rated capacity of lifting equipment.,Moderate,65.3,CRITICAL,Windy,Night,66,1,7
INC-0041,2024-02-19,09:14,Excavation,Road/Access Area,No safe access/egress ladder provided in trench.,Near Miss,48.6,HIGH,Adverse,Day,86,0,6
INC-0230,2024-06-05,16:29,Welding,Warehouse,Welding conducted near flammable materials.,Moderate,40.3,MEDIUM,Windy,Day,82,0,7
INC-0080,2024-03-19,16:30,Vehicle Movement,Loading Area,Blind spot hazard noted at site access road.,Near Miss,29.3,MEDIUM,Rain,Day,83,0,6
INC-0128,2024-09-08,10:19,Excavation,Road/Access Area,Excavation walls showing signs of instability.,Moderate,63.1,HIGH,Windy,Day,56,0,10
INC-0489,2025-01-25,17:37,Confined Space,Excavation Area,No standby attendant present during confined space work.,Major,67.5,CRITICAL,Adverse,Day,73,0,11
INC-0420,2024-01-18,15:04,Material Handling,Loading Area,Obstructed walkway due to stored materials.,Moderate,32.7,MEDIUM,Rain,Day,85,0,2
INC-0422,2024-03-22,06:50,Electrical Work,Electrical Room,Live electrical panel left unlocked and unattended.,Moderate,52.1,HIGH,Adverse,Day,100,1,3
INC-0164,2024-05-18,21:24,Scaffolding,Scaffolding Area,Scaffold access partially obstructed.,Major,55.6,HIGH,Adverse,Night,74,0,5
INC-0222,2025-04-22,18:22,Lifting,Building Site,Load exceeded rated capacity of lifting equipment.,Minor,60.1,HIGH,Clear,Day,52,2,1
INC-0264,2024-08-04,08:29,Housekeeping,Building Site,Spilled material not cleaned up promptly.,Near Miss,13.4,LOW,Clear,Day,95,0,10
INC-0499,2024-11-18,17:51,Material Handling,Loading Area,Obstructed walkway due to stored materials.,Near Miss,19.4,LOW,Rain,Day,100,0,8
INC-0277,2025-02-07,19:34,Scaffolding,Building Site,Missing guardrail on scaffold platform.,Moderate,34.9,MEDIUM,Clear,Night,77,1,2
INC-0083,2024-11-04,07:25,Vehicle Movement,Road/Access Area,Blind spot hazard noted at site access road.,Major,28.6,MEDIUM,Rain,Day,85,0,9
INC-0410,2025-05-10,06:25,Electrical Work,Electrical Room,Improper lockout/tagout procedure observed.,Moderate,53.4,HIGH,Windy,Day,88,0,3
INC-0480,2024-01-06,06:52,Working at Height,Roof,Fall arrest harness not properly anchored.,Near Miss,36.8,MEDIUM,Rain,Day,93,1,6
INC-0455,2025-02-23,19:38,Material Handling,Warehouse,Obstructed walkway due to stored materials.,Major,56.7,HIGH,Rain,Night,72,3,7
INC-0323,2025-03-14,09:33,Excavation,Excavation Area,Excavation walls showing signs of instability.,Near Miss,41.5,MEDIUM,Windy,Day,82,0,7
INC-0017,2025-03-28,08:57,Excavation,Excavation Area,Excavation walls showing signs of instability.,Moderate,73.9,CRITICAL,Windy,Day,65,0,12
INC-0132,2025-02-26,09:57,Housekeeping,Warehouse,Debris accumulation observed in walkway.,Near Miss,8.1,LOW,Adverse,Day,92,0,4
INC-0218,2025-03-20,09:15,Lifting,Warehouse,Improper lifting zone setup observed.,Minor,38.4,MEDIUM,Clear,Day,69,0,3
INC-0265,2024-08-31,10:34,Material Handling,Loading Area,Obstructed walkway due to stored materials.,Minor,49.3,HIGH,Adverse,Day,60,0,8
INC-0023,2024-10-29,22:08,Lifting,Building Site,Exclusion zone around lift not maintained.,Near Miss,59.2,HIGH,Rain,Night,77,2,5
INC-0007,2024-10-31,10:26,Electrical Work,Building Site,Damaged electrical cable observed.,Near Miss,42.6,MEDIUM,Clear,Day,74,0,7
INC-0382,2024-05-08,12:16,Vehicle Movement,Loading Area,Vehicle observed exceeding site speed limit.,Minor,42.9,MEDIUM,Rain,Day,77,1,7
INC-0093,2024-03-06,20:15,Vehicle Movement,Road/Access Area,Pedestrian and vehicle routes not segregated.,Near Miss,29.4,MEDIUM,Clear,Night,77,0,4
INC-0400,2024-09-18,19:21,Electrical Work,Electrical Room,Improper lockout/tagout procedure observed.,Minor,41.3,MEDIUM,Windy,Night,96,0,6
INC-0287,2024-11-28,11:58,Electrical Work,Building Site,Improper lockout/tagout procedure observed.,Near Miss,86.0,CRITICAL,Clear,Day,78,3,11
INC-0065,2025-01-01,12:20,Electrical Work,Electrical Room,Improper lockout/tagout procedure observed.,Moderate,23.7,LOW,Clear,Day,87,0,4
INC-0082,2024-01-10,17:52,Lifting,Loading Area,Improper lifting zone setup observed.,Near Miss,31.0,MEDIUM,Clear,Day,87,0,1
INC-0430,2024-09-15,20:01,Working at Height,Scaffolding Area,Ladder used beyond recommended height without stabilization.,Near Miss,79.6,CRITICAL,Adverse,Night,97,2,3
INC-0351,2025-03-09,16:09,Housekeeping,Warehouse,Debris accumulation observed in walkway.,Minor,41.7,MEDIUM,Clear,Day,56,0,11
INC-0486,2024-10-02,15:29,Housekeeping,Warehouse,Tools left in walking path after task completion.,Minor,7.2,LOW,Clear,Day,90,0,2
INC-0332,2025-01-01,23:46,Housekeeping,Building Site,Debris accumulation observed in walkway.,Minor,3.3,LOW,Clear,Night,85,0,5
INC-0027,2024-03-03,19:10,Excavation,Excavation Area,Excavation walls showing signs of instability.,Near Miss,33.3,MEDIUM,Clear,Night,86,0,5
INC-0458,2024-06-05,13:26,Lifting,Warehouse,Exclusion zone around lift not maintained.,Moderate,55.8,HIGH,Adverse,Day,64,0,7
INC-0142,2024-01-20,20:58,Lifting,Loading Area,Improper lifting zone setup observed.,Minor,68.2,CRITICAL,Clear,Night,66,2,10
INC-0025,2024-08-12,18:52,Scaffolding,Building Site,Missing guardrail on scaffold platform.,Moderate,53.9,HIGH,Clear,Day,64,1,12
INC-0151,2025-04-26,16:10,Material Handling,Warehouse,Manual handling of heavy load without mechanical aid.,Minor,22.3,LOW,Windy,Day,100,0,7
INC-0490,2024-12-10,10:03,Welding,Warehouse,Welding screen missing in shared work area.,Moderate,37.6,MEDIUM,Clear,Day,82,0,11
INC-0331,2024-07-10,16:17,Material Handling,Warehouse,Manual handling of heavy load without mechanical aid.,Moderate,20.6,LOW,Windy,Day,85,0,10
INC-0345,2024-08-23,08:55,Confined Space,Electrical Room,Ventilation equipment not in place for confined space entry.,Moderate,26.0,LOW,Clear,Day,88,0,3
INC-0261,2024-09-27,15:31,Lifting,Building Site,Exclusion zone around lift not maintained.,Minor,31.3,MEDIUM,Rain,Day,87,0,7
INC-0233,2024-02-06,06:05,Welding,Building Site,Welding conducted near flammable materials.,Moderate,40.5,MEDIUM,Clear,Day,98,0,9
INC-0136,2025-05-31,11:58,Housekeeping,Building Site,Spilled material not cleaned up promptly.,Minor,10.9,LOW,Clear,Day,91,0,2
INC-0131,2024-09-27,13:47,Welding,Building Site,Welding conducted near flammable materials.,Near Miss,52.6,HIGH,Rain,Day,76,1,1
INC-0058,2024-02-27,22:37,Electrical Work,Building Site,Improper lockout/tagout procedure observed.,Major,53.5,HIGH,Rain,Night,61,0,4
INC-0276,2024-12-13,15:41,Welding,Warehouse,Welding conducted near flammable materials.,Near Miss,38.0,MEDIUM,Clear,Day,82,0,2
INC-0259,2025-03-22,07:16,Lifting,Loading Area,Rigging inspection not completed before lift.,Minor,16.4,LOW,Rain,Day,87,0,5
INC-0473,2024-11-06,06:38,Vehicle Movement,Loading Area,Vehicle reversing without a spotter present.,Moderate,53.9,HIGH,Windy,Day,68,0,5
INC-0256,2025-03-31,10:00,Electrical Work,Building Site,Live electrical panel left unlocked and unattended.,Near Miss,59.3,HIGH,Clear,Day,76,1,5
INC-0119,2024-06-06,22:33,Lifting,Warehouse,Rigging inspection not completed before lift.,Minor,37.4,MEDIUM,Windy,Night,58,0,4
INC-0368,2024-12-31,15:52,Working at Height,Roof,Unprotected edge observed during elevated work.,Moderate,62.6,HIGH,Rain,Day,69,0,5
INC-0280,2025-06-04,19:27,Confined Space,Electrical Room,Emergency retrieval system not set up before entry.,Moderate,37.7,MEDIUM,Clear,Night,84,0,8
INC-0435,2025-04-03,12:09,Confined Space,Electrical Room,Confined space entry without atmospheric testing.,Minor,57.6,HIGH,Clear,Day,74,0,10
INC-0101,2024-01-22,15:44,Working at Height,Building Site,Worker observed near roof edge without guardrail.,Moderate,40.2,MEDIUM,Windy,Day,83,0,7
INC-0068,2024-01-10,17:20,Electrical Work,Building Site,Improper lockout/tagout procedure observed.,Minor,20.9,LOW,Clear,Day,100,0,7
INC-0054,2025-04-02,12:26,Confined Space,Electrical Room,Confined space entry without atmospheric testing.,Minor,75.4,CRITICAL,Clear,Day,93,3,3
INC-0416,2025-01-29,17:16,Housekeeping,Building Site,Debris accumulation observed in walkway.,Moderate,32.9,MEDIUM,Clear,Day,68,0,7
INC-0359,2024-03-28,21:37,Excavation,Excavation Area,Excavation walls showing signs of instability.,Major,46.8,MEDIUM,Rain,Night,100,0,9
INC-0158,2025-06-01,06:40,Electrical Work,Electrical Room,Improper lockout/tagout procedure observed.,Moderate,35.4,MEDIUM,Rain,Day,85,0,3
INC-0340,2024-10-15,14:55,Working at Height,Scaffolding Area,Fall arrest harness not properly anchored.,Major,56.6,HIGH,Adverse,Day,76,0,6
INC-0091,2024-03-16,21:05,Excavation,Road/Access Area,Excavation walls showing signs of instability.,Moderate,84.7,CRITICAL,Windy,Night,63,2,2
INC-0114,2024-09-24,13:52,Welding,Warehouse,Welding conducted near flammable materials.,Near Miss,42.3,MEDIUM,Adverse,Day,92,1,5
INC-0403,2025-03-12,22:09,Electrical Work,Electrical Room,Live electrical panel left unlocked and unattended.,Moderate,58.0,HIGH,Adverse,Night,87,2,5
INC-0134,2025-04-01,15:52,Confined Space,Electrical Room,Confined space entry without atmospheric testing.,Minor,51.8,HIGH,Clear,Day,74,0,8
INC-0445,2024-06-01,15:17,Electrical Work,Building Site,Improper lockout/tagout procedure observed.,Near Miss,44.8,MEDIUM,Clear,Day,72,0,11
INC-0084,2025-04-29,21:08,Housekeeping,Building Site,Tools left in walking path after task completion.,Minor,16.2,LOW,Clear,Night,83,0,4
INC-0168,2024-05-14,09:31,Excavation,Road/Access Area,Spoil pile placed too close to excavation edge.,Moderate,53.8,HIGH,Clear,Day,77,1,4
INC-0394,2024-08-23,13:08,Lifting,Warehouse,Improper lifting zone setup observed.,Major,43.2,MEDIUM,Clear,Day,60,0,4
INC-0423,2025-04-28,18:41,Welding,Building Site,Fire watch not posted during hot work.,Moderate,43.1,MEDIUM,Clear,Day,60,0,1
INC-0125,2024-10-13,08:24,Working at Height,Roof,Worker observed near roof edge without guardrail.,Near Miss,63.0,HIGH,Rain,Day,99,1,9
INC-0312,2024-12-14,07:51,Working at Height,Building Site,Fall arrest harness not properly anchored.,Minor,22.0,LOW,Clear,Day,100,0,8
INC-0086,2025-03-10,11:44,Welding,Warehouse,Welding screen missing in shared work area.,Minor,70.7,CRITICAL,Adverse,Day,63,2,3
INC-0064,2024-01-27,20:51,Housekeeping,Building Site,Debris accumulation observed in walkway.,Minor,40.7,MEDIUM,Rain,Night,67,1,8
INC-0395,2024-09-25,13:26,Housekeeping,Building Site,Spilled material not cleaned up promptly.,Near Miss,6.1,LOW,Clear,Day,98,0,6
INC-0034,2024-03-15,11:35,Housekeeping,Warehouse,Spilled material not cleaned up promptly.,Minor,5.8,LOW,Rain,Day,100,0,1
INC-0215,2024-05-27,15:19,Vehicle Movement,Road/Access Area,Vehicle reversing without a spotter present.,Near Miss,22.5,LOW,Clear,Day,87,0,6
INC-0178,2024-04-28,19:17,Welding,Building Site,Welding screen missing in shared work area.,Moderate,41.6,MEDIUM,Rain,Night,71,1,4
INC-0247,2025-03-13,08:03,Housekeeping,Warehouse,Tools left in walking path after task completion.,Near Miss,20.1,LOW,Clear,Day,64,0,5
INC-0360,2025-01-01,20:06,Scaffolding,Scaffolding Area,Scaffold access partially obstructed.,Near Miss,37.1,MEDIUM,Clear,Night,82,0,5
INC-0243,2024-11-07,17:34,Welding,Warehouse,Welding screen missing in shared work area.,Minor,42.9,MEDIUM,Windy,Day,55,0,3
INC-0122,2025-05-24,12:35,Material Handling,Loading Area,Improper storage of materials near a walkway.,Near Miss,39.8,MEDIUM,Rain,Day,77,0,9
INC-0438,2024-05-20,09:00,Excavation,Road/Access Area,No safe access/egress ladder provided in trench.,Near Miss,40.3,MEDIUM,Clear,Day,85,1,6
INC-0159,2025-01-04,23:16,Welding,Building Site,Inadequate ventilation observed during welding task.,Near Miss,41.0,MEDIUM,Clear,Night,77,2,6
INC-0220,2024-02-17,14:56,Confined Space,Excavation Area,Emergency retrieval system not set up before entry.,Major,67.7,CRITICAL,Windy,Day,99,0,7
INC-0361,2024-04-28,14:16,Confined Space,Electrical Room,Confined space entry without atmospheric testing.,Moderate,74.0,CRITICAL,Rain,Day,68,0,9
INC-0463,2024-08-10,20:52,Electrical Work,Electrical Room,Damaged electrical cable observed.,Near Miss,43.5,MEDIUM,Rain,Night,100,0,7
INC-EXP-0501,2025-11-09,07:17,Vehicle Movement,Road/Access Area,Unattended vehicle left idling on active haul road.,Minor,30.1,MEDIUM,Rain,Day,98,0,4
INC-EXP-0502,2024-12-02,07:13,Lifting,Warehouse,Tandem lift performed without approved lift plan.,Near Miss,41.7,MEDIUM,Windy,Day,77,0,4
INC-EXP-0503,2024-05-26,14:17,Vehicle Movement,Loading Area,Pedestrian and vehicle routes not segregated.,Minor,43.7,MEDIUM,Clear,Day,76,0,11
INC-EXP-0504,2025-02-26,19:19,Housekeeping,Warehouse,Liquid chemical spill without containment barrier.,Moderate,32.2,MEDIUM,Adverse,Night,97,0,9
INC-EXP-0505,2025-03-11,18:32,Electrical Work,Building Site,Exposed wiring near a wet work area.,Moderate,53.4,HIGH,Clear,Day,69,0,9
INC-EXP-0506,2025-03-08,06:47,Electrical Work,Building Site,Arc flash PPE missing during high-voltage switchgear testing.,Near Miss,24.0,LOW,Clear,Day,100,0,3
INC-EXP-0507,2024-02-14,15:18,Vehicle Movement,Loading Area,Vehicle observed exceeding site speed limit.,Minor,22.4,LOW,Clear,Day,99,1,2
INC-EXP-0508,2024-04-30,19:17,Excavation,Road/Access Area,No safe access/egress ladder provided in trench.,Near Miss,78.3,CRITICAL,Clear,Night,61,1,1
INC-EXP-0509,2025-01-03,08:11,Housekeeping,Warehouse,Inadequate lighting along primary pedestrian egress corridor.,Moderate,17.4,LOW,Rain,Day,96,0,10
INC-EXP-0510,2024-06-23,12:08,Scaffolding,Building Site,Damaged ladder rung on internal scaffold access tower.,Moderate,48.7,HIGH,Adverse,Day,66,0,7
INC-EXP-0511,2025-04-16,22:20,Confined Space,Electrical Room,Ventilation equipment not in place for confined space entry.,Major,68.4,CRITICAL,Clear,Night,63,0,1
INC-EXP-0512,2024-06-22,18:52,Material Handling,Loading Area,Improper storage of materials near a walkway.,Minor,16.8,LOW,Clear,Day,85,0,3
INC-EXP-0513,2024-12-20,18:41,Confined Space,Excavation Area,Ventilation equipment not in place for confined space entry.,Major,37.9,MEDIUM,Clear,Day,91,0,9
INC-EXP-0514,2024-09-14,12:24,Material Handling,Loading Area,Heavy drum handled without designated drum gripper.,Minor,47.6,MEDIUM,Adverse,Day,74,0,1
INC-EXP-0515,2024-03-16,20:19,Lifting,Loading Area,Crane outrigger placed on uncompacted soil.,Major,50.6,HIGH,Clear,Night,64,0,10
INC-EXP-0516,2024-05-17,09:26,Working at Height,Building Site,Fall arrest harness not properly anchored.,Moderate,51.3,HIGH,Clear,Day,78,1,2
INC-EXP-0517,2024-03-31,08:20,Lifting,Loading Area,Crane outrigger placed on uncompacted soil.,Minor,64.4,HIGH,Adverse,Day,85,2,7
INC-EXP-0518,2025-08-31,19:43,Electrical Work,Building Site,Improper lockout/tagout procedure observed.,Moderate,61.4,HIGH,Windy,Night,66,1,6
INC-EXP-0519,2025-05-12,18:32,Scaffolding,Building Site,Missing guardrail on scaffold platform.,Near Miss,50.8,HIGH,Windy,Day,79,0,9
INC-EXP-0520,2024-06-03,14:46,Working at Height,Building Site,Unprotected edge observed during elevated work.,Major,74.3,CRITICAL,Rain,Day,30,1,6
INC-EXP-0521,2024-07-16,19:16,Material Handling,Warehouse,Stacked materials observed in an unstable configuration.,Near Miss,28.8,MEDIUM,Clear,Night,79,0,4
INC-EXP-0522,2025-04-23,11:18,Excavation,Excavation Area,Inadequate barricading around excavation area.,Minor,48.8,HIGH,Windy,Day,71,0,7
INC-EXP-0523,2025-10-10,12:22,Material Handling,Loading Area,Unsecured pipes stored on slope without chocks.,Near Miss,22.5,LOW,Windy,Day,79,0,3
INC-EXP-0524,2026-01-15,10:01,Electrical Work,Electrical Room,Arc flash PPE missing during high-voltage switchgear testing.,Near Miss,49.3,HIGH,Rain,Day,83,1,3
INC-EXP-0525,2024-03-23,17:44,Lifting,Building Site,Exclusion zone around lift not maintained.,Moderate,53.2,HIGH,Clear,Day,100,3,7
INC-EXP-0526,2024-11-25,23:12,Working at Height,Building Site,Fall arrest harness not properly anchored.,Moderate,89.2,CRITICAL,Windy,Night,62,3,5
INC-EXP-0527,2026-01-19,21:35,Confined Space,Electrical Room,Continuous gas monitor calibrated incorrectly before entry.,Minor,61.1,HIGH,Clear,Night,80,0,8
INC-EXP-0528,2024-03-28,18:52,Lifting,Loading Area,Rigging inspection not completed before lift.,Moderate,24.4,LOW,Clear,Day,87,1,3
INC-EXP-0529,2025-11-14,16:29,Vehicle Movement,Loading Area,Vehicle observed exceeding site speed limit.,Moderate,33.5,MEDIUM,Windy,Day,85,0,4
INC-EXP-0530,2024-01-07,06:33,Working at Height,Roof,Improper harness inspection before elevated decking task.,Minor,60.4,HIGH,Clear,Day,58,0,8
INC-EXP-0531,2025-10-25,06:23,Material Handling,Warehouse,Improper storage of materials near a walkway.,Near Miss,62.1,HIGH,Clear,Day,69,1,5
INC-EXP-0532,2025-06-13,10:18,Confined Space,Electrical Room,Communication failure between entrant and safety attendant.,Moderate,47.2,MEDIUM,Clear,Day,93,1,5
INC-EXP-0533,2025-05-26,23:49,Confined Space,Excavation Area,Continuous gas monitor calibrated incorrectly before entry.,Moderate,82.8,CRITICAL,Adverse,Night,65,1,6
INC-EXP-0534,2025-05-01,22:31,Housekeeping,Warehouse,Debris accumulation observed in walkway.,Minor,28.6,MEDIUM,Windy,Night,82,1,4
INC-EXP-0535,2024-11-05,22:17,Material Handling,Warehouse,Excessive repetitive lifting without job rotation.,Minor,30.5,MEDIUM,Clear,Night,83,0,2
INC-EXP-0536,2025-08-09,13:52,Excavation,Excavation Area,Underground utility markers ignored near mechanical digging.,Minor,50.7,HIGH,Clear,Day,84,0,4
INC-EXP-0537,2024-12-30,09:53,Electrical Work,Electrical Room,Exposed wiring near a wet work area.,Near Miss,30.5,MEDIUM,Windy,Day,100,0,8
INC-EXP-0538,2024-02-06,14:14,Scaffolding,Scaffolding Area,Missing guardrail on scaffold platform.,Near Miss,44.9,MEDIUM,Clear,Day,68,0,8
INC-EXP-0539,2024-10-11,07:17,Scaffolding,Building Site,Damaged ladder rung on internal scaffold access tower.,Minor,40.5,MEDIUM,Rain,Day,76,0,8
INC-EXP-0540,2024-01-26,09:18,Excavation,Road/Access Area,Excavation depth exceeded benching ratio requirements.,Moderate,53.9,HIGH,Rain,Day,46,0,6
INC-EXP-0541,2025-05-31,17:45,Welding,Warehouse,Welding screen missing in shared work area.,Near Miss,46.1,MEDIUM,Clear,Day,55,1,7
INC-EXP-0542,2025-08-24,13:19,Housekeeping,Building Site,Spilled material not cleaned up promptly.,Near Miss,25.2,LOW,Clear,Day,80,0,10
INC-EXP-0543,2025-11-30,22:24,Confined Space,Excavation Area,Confined space entry without atmospheric testing.,Minor,55.8,HIGH,Windy,Night,100,0,9
INC-EXP-0544,2024-05-25,18:36,Scaffolding,Scaffolding Area,Overloaded scaffold bay holding excess brick pallets.,Near Miss,36.6,MEDIUM,Rain,Day,92,0,7
INC-EXP-0545,2024-04-06,13:13,Working at Height,Building Site,Ladder used beyond recommended height without stabilization.,Moderate,62.4,HIGH,Windy,Day,65,0,9
INC-EXP-0546,2024-04-10,14:00,Vehicle Movement,Road/Access Area,Forklift mast elevated while traveling in shared zone.,Minor,32.7,MEDIUM,Adverse,Day,88,0,1
INC-EXP-0547,2025-09-12,17:15,Lifting,Building Site,Sling showing visible wear used during heavy assembly hoist.,Major,49.0,HIGH,Clear,Day,64,1,9
INC-EXP-0548,2025-12-18,14:50,Electrical Work,Building Site,Damaged electrical cable observed.,Minor,48.3,HIGH,Clear,Day,64,0,5
INC-EXP-0549,2025-08-17,10:06,Working at Height,Roof,Unprotected edge observed during elevated work.,Minor,61.5,HIGH,Rain,Day,80,0,9
INC-EXP-0550,2024-08-05,13:25,Excavation,Excavation Area,Underground utility markers ignored near mechanical digging.,Near Miss,60.1,HIGH,Adverse,Day,82,0,2
INC-EXP-0551,2026-01-10,17:32,Excavation,Road/Access Area,Water accumulation undermining trench base after rain.,Minor,44.7,MEDIUM,Clear,Day,60,0,7
INC-EXP-0552,2025-05-21,20:16,Material Handling,Warehouse,Heavy drum handled without designated drum gripper.,Major,51.6,HIGH,Rain,Night,63,0,3
INC-EXP-0553,2024-05-04,19:43,Welding,Warehouse,Welding conducted near flammable materials.,Minor,72.3,CRITICAL,Rain,Night,69,3,5
INC-EXP-0554,2025-02-10,23:30,Excavation,Road/Access Area,Excavation walls showing signs of instability.,Minor,56.2,HIGH,Rain,Night,73,0,6
INC-EXP-0555,2025-10-03,17:30,Electrical Work,Building Site,Overloaded circuit breaker showing signs of overheating.,Minor,53.8,HIGH,Adverse,Day,90,1,7
INC-EXP-0556,2024-12-29,09:56,Electrical Work,Building Site,Absence of GFCI protection on portable power tools.,Moderate,64.6,HIGH,Adverse,Day,59,0,8
INC-EXP-0557,2025-02-02,13:42,Working at Height,Scaffolding Area,Worker observed near roof edge without guardrail.,Near Miss,58.9,HIGH,Windy,Day,52,0,1
INC-EXP-0558,2024-04-06,11:22,Scaffolding,Building Site,Damaged ladder rung on internal scaffold access tower.,Near Miss,42.5,MEDIUM,Clear,Day,100,0,1
INC-EXP-0559,2025-08-04,21:03,Working at Height,Building Site,Fall arrest harness not properly anchored.,Major,43.8,MEDIUM,Rain,Night,93,0,5
INC-EXP-0560,2025-11-10,08:38,Confined Space,Electrical Room,Emergency retrieval system not set up before entry.,Moderate,65.6,CRITICAL,Adverse,Day,74,1,5
INC-EXP-0561,2024-12-06,22:03,Lifting,Warehouse,Load exceeded rated capacity of lifting equipment.,Minor,49.7,HIGH,Clear,Night,68,1,9
INC-EXP-0562,2024-08-04,22:21,Scaffolding,Building Site,Missing guardrail on scaffold platform.,Major,44.7,MEDIUM,Adverse,Night,91,0,9
INC-EXP-0563,2025-06-17,21:20,Welding,Building Site,Damaged gas hose connected to oxy-fuel cutting cylinder.,Near Miss,56.7,HIGH,Rain,Night,100,3,6
INC-EXP-0564,2025-11-24,12:07,Working at Height,Scaffolding Area,Worker observed near roof edge without guardrail.,Moderate,35.8,MEDIUM,Clear,Day,87,0,7
INC-EXP-0565,2025-11-21,08:53,Working at Height,Scaffolding Area,Unsecured tools at elevated height posing drop hazard.,Major,60.5,HIGH,Windy,Day,70,1,8
INC-EXP-0566,2024-07-07,10:16,Welding,Warehouse,Damaged gas hose connected to oxy-fuel cutting cylinder.,Major,54.4,HIGH,Rain,Day,92,3,5
INC-EXP-0567,2024-10-01,22:29,Vehicle Movement,Loading Area,Blind spot hazard noted at site access road.,Minor,53.6,HIGH,Adverse,Night,59,0,5
INC-EXP-0568,2025-03-31,12:36,Confined Space,Electrical Room,Permit-required confined space entry log not signed.,Near Miss,68.7,CRITICAL,Rain,Day,70,1,7
INC-EXP-0569,2025-06-27,17:01,Electrical Work,Building Site,Overloaded circuit breaker showing signs of overheating.,Minor,61.7,HIGH,Clear,Day,65,1,5
INC-EXP-0570,2025-01-23,18:58,Housekeeping,Building Site,Inadequate lighting along primary pedestrian egress corridor.,Near Miss,18.8,LOW,Clear,Day,78,0,1
INC-EXP-0571,2025-06-13,13:38,Lifting,Loading Area,Sling showing visible wear used during heavy assembly hoist.,Moderate,44.2,MEDIUM,Windy,Day,80,1,6
INC-EXP-0572,2025-04-03,19:38,Lifting,Warehouse,Improper lifting zone setup observed.,Moderate,67.9,CRITICAL,Windy,Night,64,2,8
INC-EXP-0573,2026-01-12,10:22,Excavation,Road/Access Area,Spoil pile placed too close to excavation edge.,Moderate,39.7,MEDIUM,Clear,Day,70,0,4
INC-EXP-0574,2025-01-26,11:09,Scaffolding,Building Site,"Scaffold base observed on uneven, unstable ground.",Moderate,54.0,HIGH,Clear,Day,73,1,3
INC-EXP-0575,2025-10-22,07:55,Confined Space,Electrical Room,Confined space entry without atmospheric testing.,Major,72.2,CRITICAL,Clear,Day,68,1,11
INC-EXP-0576,2024-02-08,20:44,Scaffolding,Building Site,Missing toe-boards on working platform exceeding six feet.,Major,52.6,HIGH,Rain,Night,74,0,3
INC-EXP-0577,2025-07-28,18:42,Confined Space,Electrical Room,Emergency retrieval system not set up before entry.,Moderate,52.0,HIGH,Clear,Day,87,0,8
INC-EXP-0578,2024-01-16,14:29,Excavation,Road/Access Area,Excavation walls showing signs of instability.,Near Miss,69.5,CRITICAL,Rain,Day,69,1,10
INC-EXP-0579,2024-07-04,19:41,Excavation,Excavation Area,No safe access/egress ladder provided in trench.,Moderate,61.0,HIGH,Clear,Night,52,0,3
INC-EXP-0580,2025-11-07,13:50,Electrical Work,Building Site,Overloaded circuit breaker showing signs of overheating.,Minor,58.2,HIGH,Clear,Day,65,0,9
INC-EXP-0581,2024-07-13,07:43,Lifting,Warehouse,Load exceeded rated capacity of lifting equipment.,Near Miss,46.8,MEDIUM,Clear,Day,75,1,4
INC-EXP-0582,2025-10-27,10:27,Welding,Building Site,Welding cables crossing wet floor without insulation mats.,Major,42.9,MEDIUM,Adverse,Day,91,0,7
INC-EXP-0583,2025-05-01,15:27,Housekeeping,Warehouse,Inadequate lighting along primary pedestrian egress corridor.,Minor,30.1,MEDIUM,Clear,Day,73,1,5
INC-EXP-0584,2025-09-17,11:58,Working at Height,Roof,Work on leading edge without adequate perimeter protection.,Minor,44.6,MEDIUM,Clear,Day,75,0,5
INC-EXP-0585,2024-09-13,18:37,Excavation,Excavation Area,Spoil pile placed too close to excavation edge.,Moderate,63.3,HIGH,Clear,Day,57,1,1
INC-EXP-0586,2024-03-05,16:36,Excavation,Excavation Area,Underground utility markers ignored near mechanical digging.,Moderate,54.6,HIGH,Rain,Day,78,1,5
INC-EXP-0587,2024-06-13,08:40,Electrical Work,Building Site,Uninsulated temporary power distribution board in active zone.,Minor,46.3,MEDIUM,Clear,Day,81,0,6
INC-EXP-0588,2025-06-23,09:36,Confined Space,Electrical Room,Restricted egress portal partially blocked by ventilation ducting.,Minor,56.0,HIGH,Adverse,Day,92,0,11
INC-EXP-0589,2025-05-04,13:57,Working at Height,Building Site,Worker observed near roof edge without guardrail.,Moderate,78.9,CRITICAL,Adverse,Day,90,3,9
INC-EXP-0590,2024-09-22,14:14,Housekeeping,Warehouse,Emergency eyewash station blocked by storage boxes.,Near Miss,43.5,MEDIUM,Clear,Day,65,0,7
INC-EXP-0591,2025-03-19,15:29,Welding,Warehouse,Damaged gas hose connected to oxy-fuel cutting cylinder.,Minor,45.9,MEDIUM,Clear,Day,68,0,10
INC-EXP-0592,2025-03-01,14:42,Electrical Work,Building Site,Overloaded circuit breaker showing signs of overheating.,Near Miss,41.3,MEDIUM,Windy,Day,94,0,4
INC-EXP-0593,2024-10-31,09:57,Scaffolding,Scaffolding Area,Missing toe-boards on working platform exceeding six feet.,Minor,39.4,MEDIUM,Windy,Day,87,0,1
INC-EXP-0594,2025-12-16,13:08,Excavation,Road/Access Area,Excavation depth exceeded benching ratio requirements.,Minor,33.6,MEDIUM,Clear,Day,95,0,4
INC-EXP-0595,2024-06-25,17:27,Housekeeping,Warehouse,Inadequate lighting along primary pedestrian egress corridor.,Minor,11.9,LOW,Clear,Day,87,0,9
INC-EXP-0596,2025-11-13,22:47,Housekeeping,Warehouse,Emergency eyewash station blocked by storage boxes.,Near Miss,30.0,MEDIUM,Clear,Night,48,0,4
INC-EXP-0597,2024-08-13,07:38,Housekeeping,Building Site,Inadequate lighting along primary pedestrian egress corridor.,Major,57.8,HIGH,Clear,Day,54,3,4
INC-EXP-0598,2025-12-11,08:55,Housekeeping,Building Site,Tools left in walking path after task completion.,Near Miss,28.7,MEDIUM,Clear,Day,66,0,3
INC-EXP-0599,2024-07-12,09:05,Vehicle Movement,Loading Area,Unattended vehicle left idling on active haul road.,Major,69.1,CRITICAL,Rain,Day,63,1,11
INC-EXP-0600,2025-09-10,11:18,Welding,Warehouse,Welding conducted near flammable materials.,Moderate,42.2,MEDIUM,Rain,Day,86,2,7
INC-EXP-0601,2025-06-02,08:50,Lifting,Building Site,Improper lifting zone setup observed.,Minor,46.7,MEDIUM,Adverse,Day,84,0,5
INC-EXP-0602,2026-01-12,14:36,Lifting,Loading Area,Tandem lift performed without approved lift plan.,Minor,50.7,HIGH,Clear,Day,59,0,3
INC-EXP-0603,2025-05-08,19:34,Confined Space,Excavation Area,Emergency retrieval system not set up before entry.,Major,63.8,HIGH,Rain,Night,83,0,6
INC-EXP-0604,2025-11-24,22:21,Lifting,Building Site,Sling showing visible wear used during heavy assembly hoist.,Near Miss,40.0,MEDIUM,Adverse,Night,96,0,3
INC-EXP-0605,2024-04-20,11:50,Scaffolding,Building Site,Overloaded scaffold bay holding excess brick pallets.,Major,48.7,HIGH,Rain,Day,84,0,2
INC-EXP-0606,2024-03-12,16:50,Lifting,Warehouse,Improper lifting zone setup observed.,Near Miss,64.5,HIGH,Adverse,Day,62,0,9
INC-EXP-0607,2024-05-30,13:25,Lifting,Loading Area,Tandem lift performed without approved lift plan.,Major,57.7,HIGH,Adverse,Day,62,0,5
INC-EXP-0608,2024-05-02,09:22,Material Handling,Loading Area,Pallet racking upright bent by handling equipment.,Moderate,17.1,LOW,Clear,Day,94,0,4
INC-EXP-0609,2025-09-06,06:45,Confined Space,Excavation Area,Permit-required confined space entry log not signed.,Moderate,55.3,HIGH,Clear,Day,86,1,9
INC-EXP-0610,2025-03-22,22:52,Lifting,Building Site,Rigging inspection not completed before lift.,Major,48.7,HIGH,Adverse,Night,82,0,5
INC-EXP-0611,2025-01-12,06:03,Confined Space,Excavation Area,Confined space entry without atmospheric testing.,Moderate,63.1,HIGH,Rain,Day,84,0,4
INC-EXP-0612,2025-05-11,06:56,Confined Space,Electrical Room,Permit-required confined space entry log not signed.,Moderate,29.8,MEDIUM,Clear,Day,91,0,3
INC-EXP-0613,2025-02-12,21:53,Vehicle Movement,Loading Area,Unattended vehicle left idling on active haul road.,Near Miss,44.8,MEDIUM,Adverse,Night,81,0,7
INC-EXP-0614,2024-08-31,16:40,Scaffolding,Building Site,Overloaded scaffold bay holding excess brick pallets.,Near Miss,19.6,LOW,Clear,Day,100,0,5
INC-EXP-0615,2024-01-19,14:10,Lifting,Warehouse,Tag line omitted during crane load swinging operation.,Minor,54.8,HIGH,Windy,Day,61,0,7
INC-EXP-0616,2024-03-14,13:38,Lifting,Loading Area,Crane outrigger placed on uncompacted soil.,Near Miss,15.0,LOW,Clear,Day,88,0,3
INC-EXP-0617,2024-03-01,13:44,Excavation,Road/Access Area,Excavation depth exceeded benching ratio requirements.,Near Miss,35.1,MEDIUM,Clear,Day,91,1,7
INC-EXP-0618,2024-10-05,08:04,Lifting,Building Site,Sling showing visible wear used during heavy assembly hoist.,Moderate,33.5,MEDIUM,Clear,Day,79,0,7
INC-EXP-0619,2024-11-10,18:39,Welding,Building Site,Welding cables crossing wet floor without insulation mats.,Major,53.4,HIGH,Adverse,Day,68,0,2
INC-EXP-0620,2025-12-17,17:04,Housekeeping,Warehouse,Liquid chemical spill without containment barrier.,Minor,41.1,MEDIUM,Rain,Day,49,0,3
INC-EXP-0621,2024-09-04,13:19,Scaffolding,Scaffolding Area,Damaged ladder rung on internal scaffold access tower.,Moderate,38.9,MEDIUM,Clear,Day,83,1,3
INC-EXP-0622,2025-03-16,09:46,Scaffolding,Building Site,Missing guardrail on scaffold platform.,Minor,68.7,CRITICAL,Rain,Day,77,1,11
INC-EXP-0623,2025-08-01,08:29,Welding,Building Site,Welding screen missing in shared work area.,Moderate,42.7,MEDIUM,Clear,Day,80,0,13
INC-EXP-0624,2025-02-24,12:38,Excavation,Road/Access Area,Excavation walls showing signs of instability.,Major,60.3,HIGH,Adverse,Day,40,0,8
INC-EXP-0625,2026-01-03,07:25,Excavation,Excavation Area,Trench box not extended above trench crest in loose soil.,Near Miss,46.1,MEDIUM,Adverse,Day,95,0,6
INC-EXP-0626,2025-04-12,21:24,Material Handling,Warehouse,Unsecured pipes stored on slope without chocks.,Near Miss,18.9,LOW,Clear,Night,85,1,6
INC-EXP-0627,2025-12-11,17:22,Excavation,Road/Access Area,Excavation walls showing signs of instability.,Moderate,36.6,MEDIUM,Rain,Day,87,0,6
INC-EXP-0628,2024-09-08,10:12,Welding,Warehouse,Welding conducted near flammable materials.,Minor,31.3,MEDIUM,Clear,Day,79,0,9
INC-EXP-0629,2025-10-11,18:54,Electrical Work,Building Site,Improper lockout/tagout procedure observed.,Major,48.9,HIGH,Rain,Day,84,0,3
INC-EXP-0630,2025-10-11,16:17,Welding,Warehouse,Inadequate ventilation observed during welding task.,Moderate,65.4,CRITICAL,Windy,Day,79,2,3
INC-EXP-0631,2024-09-16,17:43,Working at Height,Building Site,Worker observed near roof edge without guardrail.,Near Miss,57.4,HIGH,Adverse,Day,78,0,3
INC-EXP-0632,2025-11-20,13:38,Vehicle Movement,Loading Area,Vehicle reversing without a spotter present.,Moderate,20.0,LOW,Rain,Day,91,0,6
INC-EXP-0633,2024-07-21,13:26,Confined Space,Excavation Area,Emergency retrieval system not set up before entry.,Moderate,68.5,CRITICAL,Rain,Day,76,0,6
INC-EXP-0634,2024-04-21,06:13,Scaffolding,Building Site,Missing guardrail on scaffold platform.,Minor,34.2,MEDIUM,Clear,Day,74,0,1
INC-EXP-0635,2025-06-21,15:51,Vehicle Movement,Road/Access Area,Reversing alarm inoperative on earthmoving equipment.,Near Miss,71.3,CRITICAL,Adverse,Day,77,1,6
INC-EXP-0636,2025-12-20,12:37,Working at Height,Building Site,Improper harness inspection before elevated decking task.,Minor,49.3,HIGH,Windy,Day,100,1,3
INC-EXP-0637,2024-11-05,12:18,Excavation,Excavation Area,Spoil pile placed too close to excavation edge.,Major,68.2,CRITICAL,Adverse,Day,42,0,6
INC-EXP-0638,2024-02-01,14:42,Welding,Building Site,Welding conducted near flammable materials.,Major,49.2,HIGH,Adverse,Day,78,0,4
INC-EXP-0639,2025-07-01,13:03,Excavation,Excavation Area,Water accumulation undermining trench base after rain.,Minor,43.0,MEDIUM,Rain,Day,74,0,7
INC-EXP-0640,2024-02-10,15:11,Vehicle Movement,Road/Access Area,Reversing alarm inoperative on earthmoving equipment.,Moderate,51.3,HIGH,Clear,Day,68,0,11
INC-EXP-0641,2025-06-14,19:40,Working at Height,Building Site,Worker observed near roof edge without guardrail.,Major,41.6,MEDIUM,Clear,Night,82,0,3
INC-EXP-0642,2024-04-17,22:04,Vehicle Movement,Loading Area,Reversing alarm inoperative on earthmoving equipment.,Minor,59.0,HIGH,Adverse,Night,80,1,4
INC-EXP-0643,2025-05-09,15:33,Housekeeping,Warehouse,Obstruction observed blocking emergency access route.,Major,27.8,LOW,Clear,Day,59,0,5
INC-EXP-0644,2024-02-11,09:50,Lifting,Warehouse,Improper lifting zone setup observed.,Minor,33.7,MEDIUM,Rain,Day,89,0,2
INC-EXP-0645,2025-08-22,08:07,Electrical Work,Electrical Room,Exposed wiring near a wet work area.,Near Miss,44.8,MEDIUM,Clear,Day,92,0,6
INC-EXP-0646,2025-03-21,16:49,Confined Space,Electrical Room,Permit-required confined space entry log not signed.,Major,30.1,MEDIUM,Clear,Day,74,0,4
INC-EXP-0647,2024-11-17,13:57,Excavation,Road/Access Area,Trench box not extended above trench crest in loose soil.,Near Miss,45.9,MEDIUM,Clear,Day,78,1,5
INC-EXP-0648,2024-01-18,22:23,Vehicle Movement,Loading Area,Vehicle observed exceeding site speed limit.,Near Miss,58.8,HIGH,Clear,Night,59,1,3
INC-EXP-0649,2025-09-01,14:08,Material Handling,Warehouse,Pallet racking upright bent by handling equipment.,Moderate,46.1,MEDIUM,Adverse,Day,67,0,8
INC-EXP-0650,2024-06-05,08:21,Welding,Warehouse,Welding conducted near flammable materials.,Near Miss,22.8,LOW,Clear,Day,86,1,1
INC-EXP-0651,2025-07-25,16:39,Electrical Work,Electrical Room,Arc flash PPE missing during high-voltage switchgear testing.,Near Miss,44.8,MEDIUM,Clear,Day,88,1,4
INC-EXP-0652,2025-02-26,10:29,Vehicle Movement,Loading Area,Vehicle reversing without a spotter present.,Near Miss,32.6,MEDIUM,Windy,Day,79,0,4
INC-EXP-0653,2024-06-17,17:55,Electrical Work,Building Site,Exposed wiring near a wet work area.,Moderate,41.6,MEDIUM,Clear,Day,76,0,2
INC-EXP-0654,2024-12-19,08:14,Excavation,Excavation Area,No safe access/egress ladder provided in trench.,Minor,57.6,HIGH,Clear,Day,61,0,6
INC-EXP-0655,2024-05-14,06:04,Working at Height,Scaffolding Area,Improper harness inspection before elevated decking task.,Minor,50.6,HIGH,Clear,Day,76,0,10
INC-EXP-0656,2025-06-23,20:01,Scaffolding,Building Site,Scaffold tie-backs removed prematurely during cladding.,Minor,31.6,MEDIUM,Clear,Night,83,0,1
INC-EXP-0657,2025-04-23,17:49,Electrical Work,Electrical Room,Absence of GFCI protection on portable power tools.,Minor,52.1,HIGH,Clear,Day,79,2,3
INC-EXP-0658,2025-06-24,09:28,Scaffolding,Building Site,Scaffold tie-backs removed prematurely during cladding.,Near Miss,42.6,MEDIUM,Clear,Day,98,1,3
INC-EXP-0659,2024-11-03,11:44,Excavation,Road/Access Area,Trench box not extended above trench crest in loose soil.,Near Miss,31.0,MEDIUM,Clear,Day,89,0,1
INC-EXP-0660,2024-07-19,13:38,Electrical Work,Building Site,Absence of GFCI protection on portable power tools.,Moderate,44.4,MEDIUM,Rain,Day,90,1,9
INC-EXP-0661,2024-03-14,06:55,Excavation,Excavation Area,Trench box not extended above trench crest in loose soil.,Major,65.2,CRITICAL,Windy,Day,86,2,1
INC-EXP-0662,2025-08-12,15:50,Lifting,Loading Area,Tag line omitted during crane load swinging operation.,Near Miss,46.8,MEDIUM,Clear,Day,64,0,7
INC-EXP-0663,2024-08-19,14:59,Material Handling,Warehouse,Pallet racking upright bent by handling equipment.,Near Miss,3.1,LOW,Clear,Day,95,0,6
INC-EXP-0664,2024-03-29,09:14,Excavation,Excavation Area,Inadequate barricading around excavation area.,Near Miss,35.4,MEDIUM,Windy,Day,97,0,7
INC-EXP-0665,2024-12-23,11:25,Scaffolding,Building Site,Missing toe-boards on working platform exceeding six feet.,Minor,56.3,HIGH,Adverse,Day,74,0,5
INC-EXP-0666,2024-07-16,20:18,Housekeeping,Warehouse,Obstruction observed blocking emergency access route.,Near Miss,47.5,MEDIUM,Rain,Night,68,1,4
INC-EXP-0667,2025-08-30,22:11,Vehicle Movement,Loading Area,Vehicle observed exceeding site speed limit.,Near Miss,31.8,MEDIUM,Clear,Night,72,0,8
INC-EXP-0668,2025-11-26,13:43,Lifting,Loading Area,Crane outrigger placed on uncompacted soil.,Near Miss,35.7,MEDIUM,Clear,Day,74,0,2
INC-EXP-0669,2025-03-29,10:51,Working at Height,Roof,Unprotected edge observed during elevated work.,Moderate,58.1,HIGH,Clear,Day,74,1,4
INC-EXP-0670,2025-01-23,11:52,Vehicle Movement,Road/Access Area,Vehicle reversing without a spotter present.,Near Miss,30.0,MEDIUM,Clear,Day,85,0,1
INC-EXP-0671,2024-02-03,14:08,Working at Height,Scaffolding Area,Unprotected edge observed during elevated work.,Moderate,63.3,HIGH,Adverse,Day,76,0,6
INC-EXP-0672,2024-11-17,07:59,Material Handling,Warehouse,Excessive repetitive lifting without job rotation.,Near Miss,11.1,LOW,Clear,Day,80,0,6
INC-EXP-0673,2025-05-09,23:05,Excavation,Road/Access Area,Inadequate barricading around excavation area.,Near Miss,44.6,MEDIUM,Rain,Night,87,1,6
INC-EXP-0674,2024-12-14,22:12,Housekeeping,Building Site,Tools left in walking path after task completion.,Near Miss,8.0,LOW,Clear,Night,93,0,7
INC-EXP-0675,2024-01-03,08:28,Electrical Work,Building Site,Damaged electrical cable observed.,Major,48.3,HIGH,Adverse,Day,99,1,4
INC-EXP-0676,2026-01-03,06:09,Excavation,Excavation Area,Underground utility markers ignored near mechanical digging.,Near Miss,47.0,MEDIUM,Clear,Day,85,0,1
INC-EXP-0677,2025-06-29,12:36,Vehicle Movement,Road/Access Area,Unattended vehicle left idling on active haul road.,Near Miss,41.9,MEDIUM,Clear,Day,77,1,3
INC-EXP-0678,2025-03-21,22:43,Welding,Building Site,Welding cables crossing wet floor without insulation mats.,Moderate,33.1,MEDIUM,Clear,Night,92,1,5
INC-EXP-0679,2025-01-13,20:56,Confined Space,Excavation Area,Restricted egress portal partially blocked by ventilation ducting.,Near Miss,49.8,HIGH,Windy,Night,99,0,4
INC-EXP-0680,2026-01-19,07:41,Working at Height,Scaffolding Area,Ladder used beyond recommended height without stabilization.,Minor,55.6,HIGH,Windy,Day,100,1,9
INC-EXP-0681,2024-09-18,13:18,Lifting,Loading Area,Tag line omitted during crane load swinging operation.,Near Miss,28.3,MEDIUM,Clear,Day,88,0,8
INC-EXP-0682,2024-12-11,06:23,Confined Space,Electrical Room,Communication failure between entrant and safety attendant.,Near Miss,38.4,MEDIUM,Clear,Day,76,0,8
INC-EXP-0683,2024-01-23,10:45,Welding,Building Site,Inadequate ventilation observed during welding task.,Moderate,60.3,HIGH,Rain,Day,55,1,7
INC-EXP-0684,2025-08-26,09:15,Working at Height,Roof,Unsecured tools at elevated height posing drop hazard.,Minor,32.5,MEDIUM,Rain,Day,90,0,5
INC-EXP-0685,2025-01-01,12:59,Welding,Building Site,Inadequate fume extraction during galvanized steel welding.,Moderate,49.7,HIGH,Clear,Day,58,1,7
INC-EXP-0686,2025-11-10,22:26,Scaffolding,Building Site,Damaged ladder rung on internal scaffold access tower.,Moderate,55.8,HIGH,Clear,Night,57,0,6
INC-EXP-0687,2024-07-04,17:41,Excavation,Excavation Area,Underground utility markers ignored near mechanical digging.,Moderate,55.7,HIGH,Rain,Day,77,0,12
INC-EXP-0688,2024-12-26,18:39,Housekeeping,Warehouse,Spilled material not cleaned up promptly.,Major,34.7,MEDIUM,Adverse,Day,87,1,4
INC-EXP-0689,2025-03-15,11:23,Vehicle Movement,Loading Area,Blind spot hazard noted at site access road.,Near Miss,50.1,HIGH,Windy,Day,60,0,5
INC-EXP-0690,2024-01-20,22:50,Scaffolding,Scaffolding Area,Incomplete scaffold tagging system observed.,Minor,54.7,HIGH,Rain,Night,72,1,3
INC-EXP-0691,2024-04-17,15:02,Lifting,Building Site,Tag line omitted during crane load swinging operation.,Near Miss,19.8,LOW,Clear,Day,97,0,4
INC-EXP-0692,2024-12-19,15:26,Electrical Work,Electrical Room,Live electrical panel left unlocked and unattended.,Minor,41.1,MEDIUM,Rain,Day,88,0,3
INC-EXP-0693,2024-04-16,21:08,Excavation,Excavation Area,Spoil pile placed too close to excavation edge.,Moderate,52.3,HIGH,Clear,Night,69,0,6
INC-EXP-0694,2025-06-06,08:58,Material Handling,Loading Area,Excessive repetitive lifting without job rotation.,Minor,25.1,LOW,Adverse,Day,87,0,9
INC-EXP-0695,2024-08-14,08:41,Electrical Work,Building Site,Arc flash PPE missing during high-voltage switchgear testing.,Moderate,48.6,HIGH,Clear,Day,69,0,5
INC-EXP-0696,2025-10-16,15:59,Confined Space,Electrical Room,Continuous gas monitor calibrated incorrectly before entry.,Minor,75.8,CRITICAL,Clear,Day,69,1,2
INC-EXP-0697,2024-06-25,23:04,Lifting,Loading Area,Rigging inspection not completed before lift.,Minor,45.8,MEDIUM,Clear,Night,73,2,6
INC-EXP-0698,2024-06-09,18:58,Working at Height,Building Site,Work on leading edge without adequate perimeter protection.,Moderate,50.3,HIGH,Clear,Day,43,0,10
INC-EXP-0699,2024-12-30,19:45,Material Handling,Warehouse,Excessive repetitive lifting without job rotation.,Near Miss,37.1,MEDIUM,Windy,Night,69,0,7
INC-EXP-0700,2025-06-17,08:15,Welding,Building Site,Welding screen missing in shared work area.,Moderate,27.1,LOW,Clear,Day,72,0,3
INC-EXP-0701,2025-06-26,17:18,Confined Space,Electrical Room,Confined space entry without atmospheric testing.,Moderate,53.8,HIGH,Clear,Day,76,0,8
INC-EXP-0702,2024-06-11,11:13,Material Handling,Loading Area,Improper storage of materials near a walkway.,Moderate,29.1,MEDIUM,Adverse,Day,84,0,4
INC-EXP-0703,2025-10-09,08:35,Electrical Work,Electrical Room,Overloaded circuit breaker showing signs of overheating.,Near Miss,27.0,LOW,Clear,Day,79,0,7
INC-EXP-0704,2025-01-29,14:09,Working at Height,Scaffolding Area,Ladder used beyond recommended height without stabilization.,Moderate,63.7,HIGH,Clear,Day,72,1,6
INC-EXP-0705,2024-06-25,21:00,Working at Height,Scaffolding Area,Work on leading edge without adequate perimeter protection.,Minor,67.3,CRITICAL,Rain,Night,74,2,7
INC-EXP-0706,2025-12-07,19:10,Lifting,Loading Area,Sling showing visible wear used during heavy assembly hoist.,Minor,28.6,MEDIUM,Clear,Night,100,0,6
INC-EXP-0707,2024-04-20,08:36,Working at Height,Roof,Work on leading edge without adequate perimeter protection.,Major,65.7,CRITICAL,Clear,Day,63,0,11
INC-EXP-0708,2025-03-05,16:32,Electrical Work,Building Site,Exposed wiring near a wet work area.,Minor,42.0,MEDIUM,Clear,Day,65,0,9
INC-EXP-0709,2025-11-12,12:35,Excavation,Excavation Area,Water accumulation undermining trench base after rain.,Moderate,49.1,HIGH,Adverse,Day,89,0,7
INC-EXP-0710,2024-09-10,22:52,Welding,Warehouse,Fire watch not posted during hot work.,Minor,37.0,MEDIUM,Clear,Night,67,0,10
INC-EXP-0711,2025-04-22,11:24,Electrical Work,Electrical Room,Overloaded circuit breaker showing signs of overheating.,Major,60.5,HIGH,Rain,Day,87,2,8
INC-EXP-0712,2025-07-03,18:53,Scaffolding,Building Site,Missing toe-boards on working platform exceeding six feet.,Moderate,37.2,MEDIUM,Clear,Day,76,0,8
INC-EXP-0713,2024-06-07,23:05,Lifting,Loading Area,Rigging inspection not completed before lift.,Moderate,48.3,HIGH,Windy,Night,56,0,8
INC-EXP-0714,2025-02-14,15:50,Confined Space,Electrical Room,Emergency retrieval system not set up before entry.,Moderate,51.3,HIGH,Windy,Day,86,0,11
INC-EXP-0715,2024-06-30,12:54,Lifting,Loading Area,Load exceeded rated capacity of lifting equipment.,Moderate,29.9,MEDIUM,Clear,Day,73,0,5
INC-EXP-0716,2024-08-01,12:55,Working at Height,Building Site,Unsecured tools at elevated height posing drop hazard.,Moderate,49.0,HIGH,Clear,Day,60,0,6
INC-EXP-0717,2024-10-30,10:44,Excavation,Excavation Area,Excavation walls showing signs of instability.,Near Miss,48.4,HIGH,Rain,Day,93,2,8
INC-EXP-0718,2025-08-20,09:21,Vehicle Movement,Loading Area,Vehicle reversing without a spotter present.,Minor,30.8,MEDIUM,Adverse,Day,90,0,2
INC-EXP-0719,2024-03-29,20:47,Lifting,Loading Area,Tag line omitted during crane load swinging operation.,Moderate,53.1,HIGH,Adverse,Night,83,0,4
INC-EXP-0720,2024-03-30,08:26,Lifting,Building Site,Tandem lift performed without approved lift plan.,Moderate,24.8,LOW,Clear,Day,97,1,3
INC-EXP-0721,2024-02-14,11:02,Material Handling,Warehouse,Heavy drum handled without designated drum gripper.,Near Miss,37.6,MEDIUM,Clear,Day,47,0,3
INC-EXP-0722,2025-11-22,19:38,Housekeeping,Warehouse,Inadequate lighting along primary pedestrian egress corridor.,Minor,33.1,MEDIUM,Windy,Night,66,0,3
INC-EXP-0723,2024-04-07,13:24,Welding,Building Site,Inadequate fume extraction during galvanized steel welding.,Near Miss,60.4,HIGH,Adverse,Day,65,0,3
INC-EXP-0724,2024-07-12,18:20,Scaffolding,Scaffolding Area,Missing guardrail on scaffold platform.,Moderate,32.8,MEDIUM,Clear,Day,100,0,1
INC-EXP-0725,2026-01-09,12:56,Housekeeping,Building Site,Inadequate lighting along primary pedestrian egress corridor.,Near Miss,13.3,LOW,Rain,Day,100,0,12
INC-EXP-0726,2025-06-02,13:16,Lifting,Warehouse,Tandem lift performed without approved lift plan.,Moderate,59.3,HIGH,Adverse,Day,71,1,4
INC-EXP-0727,2024-09-08,09:44,Working at Height,Scaffolding Area,Ladder used beyond recommended height without stabilization.,Major,79.8,CRITICAL,Windy,Day,59,0,13
INC-EXP-0728,2024-10-18,17:12,Scaffolding,Building Site,Incomplete scaffold tagging system observed.,Minor,38.9,MEDIUM,Clear,Day,82,0,7
INC-EXP-0729,2025-12-13,20:32,Scaffolding,Scaffolding Area,"Scaffold base observed on uneven, unstable ground.",Minor,29.0,MEDIUM,Clear,Night,83,0,1
INC-EXP-0730,2024-11-18,07:57,Material Handling,Warehouse,Unsecured pipes stored on slope without chocks.,Near Miss,51.2,HIGH,Adverse,Day,68,0,6
INC-EXP-0731,2026-01-07,21:00,Material Handling,Warehouse,Stacked materials observed in an unstable configuration.,Minor,25.9,LOW,Clear,Night,83,1,4
INC-EXP-0732,2025-12-23,18:00,Lifting,Building Site,Tag line omitted during crane load swinging operation.,Minor,25.6,LOW,Clear,Day,93,0,5
INC-EXP-0733,2025-07-02,12:42,Electrical Work,Electrical Room,Improper lockout/tagout procedure observed.,Major,50.1,HIGH,Clear,Day,74,0,5
INC-EXP-0734,2024-05-19,13:03,Vehicle Movement,Loading Area,Blind spot hazard noted at site access road.,Near Miss,34.4,MEDIUM,Rain,Day,77,0,6
INC-EXP-0735,2025-08-24,14:45,Welding,Warehouse,Welding screen missing in shared work area.,Near Miss,24.7,LOW,Clear,Day,78,0,1
INC-EXP-0736,2024-05-19,23:25,Vehicle Movement,Road/Access Area,Unattended vehicle left idling on active haul road.,Near Miss,41.5,MEDIUM,Rain,Night,69,0,7
INC-EXP-0737,2025-06-09,19:30,Welding,Warehouse,Inadequate fume extraction during galvanized steel welding.,Near Miss,41.2,MEDIUM,Clear,Night,89,2,3
INC-EXP-0738,2025-07-27,07:51,Welding,Warehouse,Combustible solvent containers stored within hot work radius.,Near Miss,14.1,LOW,Clear,Day,93,0,8
INC-EXP-0739,2025-10-29,12:24,Electrical Work,Building Site,Improper lockout/tagout procedure observed.,Minor,51.4,HIGH,Clear,Day,57,0,9
INC-EXP-0740,2024-04-14,15:44,Material Handling,Loading Area,Excessive repetitive lifting without job rotation.,Moderate,43.6,MEDIUM,Clear,Day,61,0,7
INC-EXP-0741,2025-06-22,12:23,Material Handling,Warehouse,Stacked materials observed in an unstable configuration.,Major,38.0,MEDIUM,Adverse,Day,70,0,9
INC-EXP-0742,2024-07-15,08:10,Welding,Building Site,Welding cables crossing wet floor without insulation mats.,Minor,43.4,MEDIUM,Clear,Day,57,1,1
INC-EXP-0743,2024-09-14,22:16,Housekeeping,Building Site,Spilled material not cleaned up promptly.,Near Miss,33.0,MEDIUM,Clear,Night,71,0,6
INC-EXP-0744,2024-07-25,10:20,Scaffolding,Scaffolding Area,Missing toe-boards on working platform exceeding six feet.,Minor,37.5,MEDIUM,Clear,Day,71,0,2
INC-EXP-0745,2025-12-11,12:36,Vehicle Movement,Road/Access Area,Pedestrian and vehicle routes not segregated.,Near Miss,21.2,LOW,Rain,Day,92,0,7
INC-EXP-0746,2024-03-30,08:06,Scaffolding,Building Site,Incomplete scaffold tagging system observed.,Near Miss,39.6,MEDIUM,Clear,Day,67,0,7
INC-EXP-0747,2024-07-16,09:39,Material Handling,Loading Area,Manual handling of heavy load without mechanical aid.,Near Miss,5.8,LOW,Clear,Day,100,0,8
INC-EXP-0748,2025-06-07,06:37,Vehicle Movement,Road/Access Area,Vehicle observed exceeding site speed limit.,Near Miss,38.0,MEDIUM,Clear,Day,48,0,8
INC-EXP-0749,2024-04-25,22:39,Lifting,Loading Area,Rigging inspection not completed before lift.,Minor,35.2,MEDIUM,Windy,Night,72,0,1
INC-EXP-0750,2025-06-15,18:07,Welding,Building Site,Welding cables crossing wet floor without insulation mats.,Minor,82.2,CRITICAL,Clear,Day,63,3,3
INC-EXP-0751,2024-09-08,16:52,Scaffolding,Scaffolding Area,Scaffold access partially obstructed.,Moderate,55.4,HIGH,Clear,Day,52,0,1
INC-EXP-0752,2024-02-16,18:04,Material Handling,Loading Area,Stacked materials observed in an unstable configuration.,Minor,31.0,MEDIUM,Rain,Day,72,0,1
INC-EXP-0753,2024-01-08,15:33,Lifting,Building Site,Sling showing visible wear used during heavy assembly hoist.,Moderate,37.5,MEDIUM,Clear,Day,64,0,7
INC-EXP-0754,2024-12-30,11:54,Material Handling,Loading Area,Excessive repetitive lifting without job rotation.,Minor,19.3,LOW,Clear,Day,83,0,6
INC-EXP-0755,2024-08-04,09:36,Working at Height,Scaffolding Area,Unprotected edge observed during elevated work.,Near Miss,60.3,HIGH,Rain,Day,80,0,9
INC-EXP-0756,2024-04-27,13:11,Vehicle Movement,Loading Area,Vehicle reversing without a spotter present.,Minor,35.3,MEDIUM,Clear,Day,67,0,8
INC-EXP-0757,2024-10-15,20:13,Vehicle Movement,Road/Access Area,Missing high-visibility delineator posts along haul ramp.,Near Miss,19.9,LOW,Clear,Night,92,0,6
INC-EXP-0758,2024-11-21,15:28,Material Handling,Warehouse,Manual handling of heavy load without mechanical aid.,Near Miss,14.8,LOW,Rain,Day,96,0,3
INC-EXP-0759,2024-10-26,21:44,Lifting,Loading Area,Sling showing visible wear used during heavy assembly hoist.,Near Miss,45.7,MEDIUM,Clear,Night,69,0,1
INC-EXP-0760,2024-11-05,16:21,Lifting,Building Site,Tag line omitted during crane load swinging operation.,Near Miss,31.7,MEDIUM,Clear,Day,95,0,7
INC-EXP-0761,2025-11-04,18:56,Material Handling,Loading Area,Excessive repetitive lifting without job rotation.,Minor,46.4,MEDIUM,Windy,Day,62,0,5
INC-EXP-0762,2024-04-22,16:43,Material Handling,Loading Area,Obstructed walkway due to stored materials.,Minor,38.5,MEDIUM,Rain,Day,81,0,9
INC-EXP-0763,2024-12-02,15:33,Scaffolding,Building Site,Incomplete scaffold tagging system observed.,Major,39.4,MEDIUM,Clear,Day,53,0,2
INC-EXP-0764,2024-06-16,17:15,Material Handling,Loading Area,Obstructed walkway due to stored materials.,Near Miss,40.2,MEDIUM,Clear,Day,43,0,6
INC-EXP-0765,2024-08-31,16:55,Confined Space,Excavation Area,Communication failure between entrant and safety attendant.,Moderate,62.6,HIGH,Rain,Day,60,0,6
INC-EXP-0766,2026-01-14,17:17,Vehicle Movement,Road/Access Area,Unattended vehicle left idling on active haul road.,Minor,28.8,MEDIUM,Clear,Day,81,0,5
INC-EXP-0767,2025-03-03,14:04,Welding,Building Site,Welding cables crossing wet floor without insulation mats.,Minor,59.9,HIGH,Clear,Day,59,1,6
INC-EXP-0768,2025-09-15,14:31,Vehicle Movement,Loading Area,Vehicle observed exceeding site speed limit.,Near Miss,25.3,LOW,Clear,Day,72,0,5
INC-EXP-0769,2026-01-15,21:08,Excavation,Excavation Area,Inadequate barricading around excavation area.,Near Miss,46.9,MEDIUM,Clear,Night,96,1,8
INC-EXP-0770,2025-04-28,23:24,Confined Space,Electrical Room,Continuous gas monitor calibrated incorrectly before entry.,Near Miss,45.4,MEDIUM,Clear,Night,91,0,3
INC-EXP-0771,2024-05-05,19:33,Excavation,Excavation Area,Underground utility markers ignored near mechanical digging.,Minor,57.2,HIGH,Clear,Night,65,1,6
INC-EXP-0772,2025-06-08,09:01,Working at Height,Building Site,Static line lifeline inspection overdue during roofing installation.,Moderate,67.3,CRITICAL,Adverse,Day,58,0,7
INC-EXP-0773,2024-11-13,10:26,Lifting,Warehouse,Improper lifting zone setup observed.,Near Miss,47.3,MEDIUM,Adverse,Day,67,0,6
INC-EXP-0774,2024-07-03,10:26,Working at Height,Scaffolding Area,Worker observed near roof edge without guardrail.,Moderate,65.4,CRITICAL,Adverse,Day,83,0,3
INC-EXP-0775,2025-07-19,13:56,Scaffolding,Building Site,Scaffold access partially obstructed.,Major,51.1,HIGH,Windy,Day,56,0,7
INC-EXP-0776,2024-12-06,06:26,Excavation,Road/Access Area,No safe access/egress ladder provided in trench.,Minor,71.4,CRITICAL,Adverse,Day,68,2,2
INC-EXP-0777,2024-09-02,10:20,Lifting,Warehouse,Exclusion zone around lift not maintained.,Moderate,35.2,MEDIUM,Rain,Day,93,1,8
INC-EXP-0778,2025-11-15,10:51,Lifting,Building Site,Exclusion zone around lift not maintained.,Near Miss,21.5,LOW,Clear,Day,90,0,7
INC-EXP-0779,2024-08-06,14:16,Scaffolding,Scaffolding Area,Scaffold access partially obstructed.,Major,33.6,MEDIUM,Clear,Day,87,1,6
INC-EXP-0780,2024-09-21,11:18,Excavation,Road/Access Area,Spoil pile placed too close to excavation edge.,Minor,64.2,HIGH,Rain,Day,51,0,3
INC-EXP-0781,2024-10-07,16:25,Confined Space,Electrical Room,Emergency retrieval system not set up before entry.,Major,77.0,CRITICAL,Rain,Day,61,0,5
INC-EXP-0782,2025-05-17,07:17,Scaffolding,Building Site,Incomplete scaffold tagging system observed.,Minor,44.8,MEDIUM,Clear,Day,87,1,7
INC-EXP-0783,2024-01-22,10:29,Working at Height,Building Site,Work on leading edge without adequate perimeter protection.,Minor,33.0,MEDIUM,Clear,Day,69,0,8
INC-EXP-0784,2024-09-08,17:25,Welding,Warehouse,Inadequate ventilation observed during welding task.,Near Miss,26.8,LOW,Windy,Day,92,0,5
INC-EXP-0785,2024-02-09,18:10,Excavation,Road/Access Area,Spoil pile placed too close to excavation edge.,Major,81.2,CRITICAL,Clear,Day,56,3,8
INC-EXP-0786,2025-02-13,06:59,Vehicle Movement,Loading Area,Blind spot hazard noted at site access road.,Major,50.6,HIGH,Rain,Day,89,2,5
INC-EXP-0787,2026-01-19,13:03,Vehicle Movement,Road/Access Area,Vehicle reversing without a spotter present.,Moderate,37.7,MEDIUM,Rain,Day,90,0,6
INC-EXP-0788,2024-04-26,12:28,Vehicle Movement,Loading Area,Unattended vehicle left idling on active haul road.,Minor,13.4,LOW,Clear,Day,94,0,7
INC-EXP-0789,2025-06-19,06:48,Vehicle Movement,Loading Area,Missing high-visibility delineator posts along haul ramp.,Near Miss,55.0,HIGH,Adverse,Day,74,0,10
INC-EXP-0790,2025-10-02,09:59,Confined Space,Electrical Room,Restricted egress portal partially blocked by ventilation ducting.,Near Miss,63.0,HIGH,Clear,Day,60,1,9
INC-EXP-0791,2025-04-03,09:18,Excavation,Road/Access Area,Excavation depth exceeded benching ratio requirements.,Minor,54.2,HIGH,Clear,Day,63,0,2
INC-EXP-0792,2025-10-24,12:08,Welding,Building Site,Welding conducted near flammable materials.,Minor,31.6,MEDIUM,Clear,Day,96,1,5
INC-EXP-0793,2025-06-27,19:53,Welding,Warehouse,Welding screen missing in shared work area.,Moderate,40.4,MEDIUM,Windy,Night,74,0,1
INC-EXP-0794,2025-03-29,19:07,Excavation,Road/Access Area,Underground utility markers ignored near mechanical digging.,Minor,45.5,MEDIUM,Clear,Night,81,0,10
INC-EXP-0795,2024-12-09,10:17,Electrical Work,Building Site,Uninsulated temporary power distribution board in active zone.,Minor,50.5,HIGH,Rain,Day,83,0,6
INC-EXP-0796,2025-02-05,10:49,Electrical Work,Building Site,Absence of GFCI protection on portable power tools.,Minor,40.5,MEDIUM,Clear,Day,74,0,6
INC-EXP-0797,2025-03-09,13:19,Lifting,Building Site,Tandem lift performed without approved lift plan.,Moderate,47.4,MEDIUM,Adverse,Day,61,0,5
INC-EXP-0798,2025-02-04,12:40,Welding,Building Site,Welding screen missing in shared work area.,Minor,34.0,MEDIUM,Clear,Day,79,0,7
INC-EXP-0799,2024-04-05,06:51,Vehicle Movement,Loading Area,Vehicle observed exceeding site speed limit.,Near Miss,24.8,LOW,Clear,Day,85,0,2
INC-EXP-0800,2025-12-21,20:00,Working at Height,Scaffolding Area,Fall arrest harness not properly anchored.,Major,57.7,HIGH,Rain,Night,100,0,2
INC-EXP-0801,2024-09-29,15:00,Confined Space,Electrical Room,Emergency retrieval system not set up before entry.,Moderate,69.5,CRITICAL,Adverse,Day,100,1,4
INC-EXP-0802,2025-02-16,08:43,Vehicle Movement,Loading Area,Reversing alarm inoperative on earthmoving equipment.,Near Miss,30.4,MEDIUM,Clear,Day,71,0,8
INC-EXP-0803,2025-01-04,21:23,Lifting,Loading Area,Improper lifting zone setup observed.,Minor,54.9,HIGH,Windy,Night,83,0,6
INC-EXP-0804,2025-12-22,06:02,Welding,Warehouse,Inadequate fume extraction during galvanized steel welding.,Minor,34.2,MEDIUM,Clear,Day,59,0,5
INC-EXP-0805,2025-02-02,16:09,Excavation,Excavation Area,Water accumulation undermining trench base after rain.,Major,53.4,HIGH,Clear,Day,73,1,5
INC-EXP-0806,2025-01-23,18:04,Scaffolding,Building Site,Incomplete scaffold tagging system observed.,Near Miss,41.6,MEDIUM,Adverse,Day,88,0,6
INC-EXP-0807,2024-11-17,21:20,Scaffolding,Scaffolding Area,Scaffold access partially obstructed.,Minor,43.6,MEDIUM,Rain,Night,87,0,4
INC-EXP-0808,2025-01-30,08:52,Excavation,Excavation Area,Water accumulation undermining trench base after rain.,Major,45.9,MEDIUM,Adverse,Day,100,0,8
INC-EXP-0809,2025-01-20,19:48,Working at Height,Roof,Ladder used beyond recommended height without stabilization.,Moderate,61.9,HIGH,Clear,Night,69,0,12
INC-EXP-0810,2024-01-11,06:22,Welding,Building Site,Welding cables crossing wet floor without insulation mats.,Near Miss,39.6,MEDIUM,Rain,Day,66,0,8
INC-EXP-0811,2025-03-16,12:17,Excavation,Road/Access Area,No safe access/egress ladder provided in trench.,Minor,27.8,LOW,Rain,Day,89,0,6
INC-EXP-0812,2026-01-17,11:20,Scaffolding,Building Site,Missing toe-boards on working platform exceeding six feet.,Minor,47.8,MEDIUM,Windy,Day,67,0,6
INC-EXP-0813,2024-07-20,16:31,Welding,Warehouse,Welding cables crossing wet floor without insulation mats.,Near Miss,39.0,MEDIUM,Clear,Day,58,1,1
INC-EXP-0814,2025-11-27,12:35,Working at Height,Building Site,Unsecured tools at elevated height posing drop hazard.,Near Miss,28.3,MEDIUM,Clear,Day,71,0,1
INC-EXP-0815,2025-11-05,12:58,Working at Height,Building Site,Work on leading edge without adequate perimeter protection.,Moderate,56.6,HIGH,Clear,Day,79,1,4
INC-EXP-0816,2025-04-24,16:04,Vehicle Movement,Loading Area,Missing high-visibility delineator posts along haul ramp.,Moderate,55.4,HIGH,Clear,Day,82,2,3
INC-EXP-0817,2024-08-10,06:08,Lifting,Loading Area,Tag line omitted during crane load swinging operation.,Near Miss,39.0,MEDIUM,Adverse,Day,98,0,8
INC-EXP-0818,2024-05-15,12:46,Working at Height,Scaffolding Area,Static line lifeline inspection overdue during roofing installation.,Minor,60.2,HIGH,Windy,Day,81,0,7
INC-EXP-0819,2024-08-17,12:43,Electrical Work,Building Site,Absence of GFCI protection on portable power tools.,Near Miss,26.6,LOW,Clear,Day,86,0,4
INC-EXP-0820,2025-01-17,23:35,Lifting,Building Site,Crane outrigger placed on uncompacted soil.,Moderate,59.2,HIGH,Rain,Night,80,1,6
INC-EXP-0821,2025-05-12,10:37,Housekeeping,Warehouse,Inadequate lighting along primary pedestrian egress corridor.,Near Miss,17.7,LOW,Clear,Day,55,0,8
INC-EXP-0822,2024-12-13,17:59,Material Handling,Warehouse,Improper storage of materials near a walkway.,Moderate,37.2,MEDIUM,Clear,Day,66,0,7
INC-EXP-0823,2025-12-01,16:45,Working at Height,Roof,Work on leading edge without adequate perimeter protection.,Moderate,57.7,HIGH,Rain,Day,83,0,6
INC-EXP-0824,2024-05-17,14:54,Electrical Work,Building Site,Live electrical panel left unlocked and unattended.,Minor,44.9,MEDIUM,Adverse,Day,79,0,1
INC-EXP-0825,2024-11-20,23:33,Electrical Work,Electrical Room,Live electrical panel left unlocked and unattended.,Near Miss,47.2,MEDIUM,Clear,Night,87,0,3
INC-EXP-0826,2025-01-08,16:20,Lifting,Warehouse,Sling showing visible wear used during heavy assembly hoist.,Minor,70.7,CRITICAL,Windy,Day,68,3,6
INC-EXP-0827,2024-08-23,18:16,Welding,Building Site,Welding conducted near flammable materials.,Near Miss,13.5,LOW,Clear,Day,93,0,1
INC-EXP-0828,2025-11-29,11:50,Excavation,Road/Access Area,No safe access/egress ladder provided in trench.,Major,64.0,HIGH,Clear,Day,67,1,11
INC-EXP-0829,2024-02-16,10:26,Electrical Work,Electrical Room,Absence of GFCI protection on portable power tools.,Moderate,48.4,HIGH,Clear,Day,90,0,3
INC-EXP-0830,2025-03-23,16:27,Electrical Work,Electrical Room,Exposed wiring near a wet work area.,Near Miss,58.1,HIGH,Clear,Day,64,0,11
INC-EXP-0831,2025-11-09,12:27,Housekeeping,Building Site,Obstruction observed blocking emergency access route.,Minor,16.6,LOW,Clear,Day,100,0,9
INC-EXP-0832,2024-02-19,23:04,Material Handling,Warehouse,Excessive repetitive lifting without job rotation.,Minor,64.2,HIGH,Rain,Night,60,1,1
INC-EXP-0833,2025-12-12,17:11,Electrical Work,Building Site,Arc flash PPE missing during high-voltage switchgear testing.,Minor,58.8,HIGH,Adverse,Day,69,0,7
INC-EXP-0834,2025-02-28,22:18,Scaffolding,Scaffolding Area,Incomplete scaffold tagging system observed.,Minor,40.4,MEDIUM,Clear,Night,87,0,5
INC-EXP-0835,2025-07-15,11:05,Housekeeping,Warehouse,Debris accumulation observed in walkway.,Near Miss,30.7,MEDIUM,Clear,Day,64,1,2
INC-EXP-0836,2024-11-04,22:12,Material Handling,Loading Area,Pallet racking upright bent by handling equipment.,Moderate,48.4,HIGH,Clear,Night,82,2,6
INC-EXP-0837,2025-04-02,16:20,Working at Height,Building Site,Fall arrest harness not properly anchored.,Moderate,48.3,HIGH,Clear,Day,79,0,1
INC-EXP-0838,2025-01-02,21:58,Vehicle Movement,Road/Access Area,Pedestrian and vehicle routes not segregated.,Minor,49.8,HIGH,Adverse,Night,100,0,2
INC-EXP-0839,2024-09-10,19:00,Working at Height,Building Site,Static line lifeline inspection overdue during roofing installation.,Minor,43.4,MEDIUM,Windy,Night,85,0,5
INC-EXP-0840,2025-06-26,20:21,Lifting,Building Site,Improper lifting zone setup observed.,Minor,45.1,MEDIUM,Clear,Night,76,0,6
INC-EXP-0841,2024-07-19,16:47,Scaffolding,Scaffolding Area,Damaged ladder rung on internal scaffold access tower.,Moderate,33.3,MEDIUM,Windy,Day,72,0,8
INC-EXP-0842,2025-01-10,21:10,Excavation,Excavation Area,Underground utility markers ignored near mechanical digging.,Near Miss,56.0,HIGH,Rain,Night,57,0,7
INC-EXP-0843,2024-06-04,17:42,Welding,Building Site,Welding conducted near flammable materials.,Moderate,42.8,MEDIUM,Rain,Day,67,0,7
INC-EXP-0844,2025-08-07,19:07,Material Handling,Warehouse,Heavy drum handled without designated drum gripper.,Near Miss,15.8,LOW,Clear,Night,100,1,9
INC-EXP-0845,2025-07-31,13:54,Welding,Warehouse,Combustible solvent containers stored within hot work radius.,Moderate,41.0,MEDIUM,Windy,Day,77,0,3
INC-EXP-0846,2024-12-15,08:57,Vehicle Movement,Loading Area,Blind spot hazard noted at site access road.,Minor,58.5,HIGH,Clear,Day,74,2,3
INC-EXP-0847,2024-04-13,18:32,Vehicle Movement,Loading Area,Vehicle reversing without a spotter present.,Near Miss,27.7,LOW,Rain,Day,84,0,8
INC-EXP-0848,2024-11-24,11:33,Material Handling,Loading Area,Excessive repetitive lifting without job rotation.,Near Miss,21.9,LOW,Clear,Day,88,1,5
INC-EXP-0849,2026-01-08,07:01,Scaffolding,Building Site,Scaffold access partially obstructed.,Moderate,26.6,LOW,Clear,Day,93,0,5
INC-EXP-0850,2024-01-26,09:59,Vehicle Movement,Loading Area,Pedestrian and vehicle routes not segregated.,Minor,26.0,LOW,Rain,Day,87,0,2
INC-EXP-0851,2025-08-03,21:39,Confined Space,Electrical Room,Ventilation equipment not in place for confined space entry.,Near Miss,45.9,MEDIUM,Rain,Night,95,0,6
INC-EXP-0852,2024-04-28,23:11,Vehicle Movement,Loading Area,Reversing alarm inoperative on earthmoving equipment.,Near Miss,29.7,MEDIUM,Clear,Night,84,0,5
INC-EXP-0853,2024-11-25,13:58,Excavation,Excavation Area,Excavation walls showing signs of instability.,Major,66.3,CRITICAL,Rain,Day,61,0,9
INC-EXP-0854,2025-05-02,13:46,Housekeeping,Warehouse,Emergency eyewash station blocked by storage boxes.,Major,10.7,LOW,Windy,Day,100,0,9
INC-EXP-0855,2024-11-12,14:46,Scaffolding,Scaffolding Area,"Scaffold base observed on uneven, unstable ground.",Minor,56.0,HIGH,Rain,Day,72,1,5
INC-EXP-0856,2025-08-30,06:14,Welding,Warehouse,Combustible solvent containers stored within hot work radius.,Minor,30.5,MEDIUM,Clear,Day,79,0,3
INC-EXP-0857,2024-07-17,06:56,Working at Height,Building Site,Worker observed near roof edge without guardrail.,Moderate,54.0,HIGH,Rain,Day,57,0,5
INC-EXP-0858,2024-06-01,11:45,Lifting,Loading Area,Load exceeded rated capacity of lifting equipment.,Minor,47.9,MEDIUM,Windy,Day,63,0,4
INC-EXP-0859,2024-03-22,09:32,Material Handling,Loading Area,Pallet racking upright bent by handling equipment.,Minor,31.8,MEDIUM,Windy,Day,92,0,1
INC-EXP-0860,2025-04-24,18:06,Working at Height,Roof,Worker observed near roof edge without guardrail.,Minor,63.2,HIGH,Adverse,Day,80,0,4
INC-EXP-0861,2025-11-29,08:44,Confined Space,Excavation Area,Permit-required confined space entry log not signed.,Near Miss,37.4,MEDIUM,Clear,Day,100,0,9
INC-EXP-0862,2025-04-19,16:30,Vehicle Movement,Road/Access Area,Missing high-visibility delineator posts along haul ramp.,Minor,40.6,MEDIUM,Adverse,Day,95,0,5
INC-EXP-0863,2024-03-16,10:07,Lifting,Loading Area,Rigging inspection not completed before lift.,Near Miss,38.4,MEDIUM,Clear,Day,94,0,10
INC-EXP-0864,2025-02-01,20:30,Electrical Work,Electrical Room,Damaged electrical cable observed.,Moderate,54.0,HIGH,Windy,Night,78,0,10
INC-EXP-0865,2025-01-26,22:02,Scaffolding,Building Site,Incomplete scaffold tagging system observed.,Moderate,34.9,MEDIUM,Rain,Night,89,0,1
INC-EXP-0866,2025-12-14,09:17,Vehicle Movement,Road/Access Area,Pedestrian and vehicle routes not segregated.,Minor,29.1,MEDIUM,Clear,Day,93,0,4
INC-EXP-0867,2024-11-08,07:08,Working at Height,Building Site,Worker observed near roof edge without guardrail.,Major,58.8,HIGH,Windy,Day,73,0,7
INC-EXP-0868,2025-07-18,17:37,Welding,Warehouse,Welding screen missing in shared work area.,Moderate,53.8,HIGH,Adverse,Day,61,0,7
INC-EXP-0869,2024-11-26,07:49,Confined Space,Electrical Room,Ventilation equipment not in place for confined space entry.,Minor,53.8,HIGH,Clear,Day,62,0,4
INC-EXP-0870,2024-10-03,17:32,Excavation,Road/Access Area,Excavation walls showing signs of instability.,Minor,34.1,MEDIUM,Rain,Day,90,0,1
INC-EXP-0871,2024-12-12,13:51,Confined Space,Electrical Room,Ventilation equipment not in place for confined space entry.,Moderate,84.9,CRITICAL,Clear,Day,46,3,4
INC-EXP-0872,2024-02-12,22:50,Welding,Warehouse,Damaged gas hose connected to oxy-fuel cutting cylinder.,Major,37.3,MEDIUM,Adverse,Night,75,0,10
INC-EXP-0873,2025-02-16,15:22,Confined Space,Electrical Room,Permit-required confined space entry log not signed.,Moderate,42.1,MEDIUM,Clear,Day,81,0,7
INC-EXP-0874,2024-10-02,18:27,Housekeeping,Building Site,Debris accumulation observed in walkway.,Major,30.1,MEDIUM,Windy,Day,86,1,10
INC-EXP-0875,2024-11-18,23:16,Scaffolding,Scaffolding Area,Overloaded scaffold bay holding excess brick pallets.,Minor,64.2,HIGH,Clear,Night,57,0,3
INC-EXP-0876,2025-08-03,17:12,Working at Height,Roof,Static line lifeline inspection overdue during roofing installation.,Moderate,36.0,MEDIUM,Clear,Day,86,0,8
INC-EXP-0877,2024-10-15,12:51,Lifting,Warehouse,Tag line omitted during crane load swinging operation.,Minor,61.4,HIGH,Rain,Day,61,1,4
INC-EXP-0878,2025-07-25,18:22,Lifting,Loading Area,Improper lifting zone setup observed.,Near Miss,53.8,HIGH,Windy,Day,52,0,5
INC-EXP-0879,2024-08-14,06:37,Electrical Work,Building Site,Absence of GFCI protection on portable power tools.,Moderate,28.5,MEDIUM,Clear,Day,88,0,8
INC-EXP-0880,2024-04-03,18:15,Excavation,Road/Access Area,Spoil pile placed too close to excavation edge.,Near Miss,38.4,MEDIUM,Clear,Day,82,0,3
INC-EXP-0881,2025-03-14,13:08,Vehicle Movement,Loading Area,Missing high-visibility delineator posts along haul ramp.,Minor,28.4,MEDIUM,Clear,Day,76,0,8
INC-EXP-0882,2025-12-20,18:28,Lifting,Warehouse,Tandem lift performed without approved lift plan.,Major,48.9,HIGH,Windy,Day,64,0,9
INC-EXP-0883,2025-10-08,22:29,Welding,Warehouse,Welding conducted near flammable materials.,Near Miss,27.7,LOW,Clear,Night,73,0,4
INC-EXP-0884,2024-03-28,12:14,Scaffolding,Scaffolding Area,Missing toe-boards on working platform exceeding six feet.,Minor,38.7,MEDIUM,Rain,Day,100,1,5
INC-EXP-0885,2025-12-14,13:07,Confined Space,Electrical Room,Restricted egress portal partially blocked by ventilation ducting.,Major,65.0,CRITICAL,Adverse,Day,82,0,7
INC-EXP-0886,2024-02-13,21:17,Welding,Warehouse,Welding conducted near flammable materials.,Major,37.8,MEDIUM,Rain,Night,79,0,3
INC-EXP-0887,2024-03-17,17:17,Excavation,Excavation Area,No safe access/egress ladder provided in trench.,Near Miss,45.5,MEDIUM,Windy,Day,93,0,4
INC-EXP-0888,2025-03-05,12:37,Electrical Work,Building Site,Live electrical panel left unlocked and unattended.,Near Miss,46.1,MEDIUM,Adverse,Day,78,0,6
INC-EXP-0889,2024-06-05,14:39,Lifting,Loading Area,Improper lifting zone setup observed.,Moderate,25.6,LOW,Clear,Day,72,0,6
INC-EXP-0890,2024-02-04,10:23,Vehicle Movement,Road/Access Area,Vehicle observed exceeding site speed limit.,Moderate,38.8,MEDIUM,Clear,Day,82,0,1
INC-EXP-0891,2024-08-02,17:59,Lifting,Warehouse,Crane outrigger placed on uncompacted soil.,Minor,30.7,MEDIUM,Rain,Day,90,0,7
INC-EXP-0892,2024-05-26,23:15,Working at Height,Scaffolding Area,Unprotected edge observed during elevated work.,Near Miss,47.7,MEDIUM,Clear,Night,89,0,1
INC-EXP-0893,2025-01-04,21:57,Vehicle Movement,Loading Area,Vehicle reversing without a spotter present.,Minor,22.4,LOW,Rain,Night,100,0,6
INC-EXP-0894,2025-02-07,15:34,Confined Space,Excavation Area,Continuous gas monitor calibrated incorrectly before entry.,Moderate,66.8,CRITICAL,Clear,Day,62,1,9
INC-EXP-0895,2024-03-15,12:38,Welding,Building Site,Inadequate ventilation observed during welding task.,Minor,31.6,MEDIUM,Clear,Day,88,0,6
INC-EXP-0896,2025-10-03,14:01,Welding,Building Site,Inadequate ventilation observed during welding task.,Major,36.2,MEDIUM,Rain,Day,95,0,6
INC-EXP-0897,2025-07-14,11:41,Confined Space,Electrical Room,Ventilation equipment not in place for confined space entry.,Major,61.8,HIGH,Windy,Day,62,0,1
INC-EXP-0898,2025-02-10,08:51,Excavation,Excavation Area,Excavation walls showing signs of instability.,Minor,20.6,LOW,Clear,Day,85,0,8
INC-EXP-0899,2024-06-01,20:31,Electrical Work,Building Site,Damaged electrical cable observed.,Moderate,59.3,HIGH,Clear,Night,58,0,2
INC-EXP-0900,2025-01-15,08:21,Electrical Work,Electrical Room,Damaged electrical cable observed.,Moderate,55.8,HIGH,Clear,Day,63,0,6
INC-EXP-0901,2024-09-06,19:40,Excavation,Road/Access Area,Inadequate barricading around excavation area.,Near Miss,26.4,LOW,Clear,Night,89,0,10
INC-EXP-0902,2025-07-26,15:42,Material Handling,Loading Area,Stacked materials observed in an unstable configuration.,Minor,30.9,MEDIUM,Clear,Day,59,0,7
INC-EXP-0903,2024-06-03,14:06,Welding,Warehouse,Inadequate ventilation observed during welding task.,Moderate,39.6,MEDIUM,Adverse,Day,82,0,6
INC-EXP-0904,2026-01-01,20:39,Lifting,Loading Area,Load exceeded rated capacity of lifting equipment.,Minor,33.5,MEDIUM,Clear,Night,79,0,8
INC-EXP-0905,2025-09-29,14:08,Lifting,Building Site,Improper lifting zone setup observed.,Near Miss,28.9,MEDIUM,Adverse,Day,93,0,9
INC-EXP-0906,2025-02-18,14:39,Excavation,Road/Access Area,Spoil pile placed too close to excavation edge.,Major,80.4,CRITICAL,Adverse,Day,68,1,5
INC-EXP-0907,2025-11-04,12:38,Welding,Building Site,Combustible solvent containers stored within hot work radius.,Minor,37.3,MEDIUM,Rain,Day,65,0,2
INC-EXP-0908,2024-08-19,07:03,Electrical Work,Building Site,Absence of GFCI protection on portable power tools.,Minor,50.9,HIGH,Clear,Day,45,0,8
INC-EXP-0909,2024-09-11,10:05,Scaffolding,Building Site,"Scaffold base observed on uneven, unstable ground.",Minor,37.3,MEDIUM,Rain,Day,85,0,8
INC-EXP-0910,2024-06-10,22:10,Excavation,Excavation Area,Water accumulation undermining trench base after rain.,Moderate,66.9,CRITICAL,Adverse,Night,73,0,9
INC-EXP-0911,2024-12-31,15:23,Material Handling,Warehouse,Excessive repetitive lifting without job rotation.,Minor,32.4,MEDIUM,Rain,Day,100,0,8
INC-EXP-0912,2025-08-21,06:47,Excavation,Excavation Area,Excavation walls showing signs of instability.,Moderate,68.8,CRITICAL,Rain,Day,63,1,5
INC-EXP-0913,2024-10-19,17:19,Scaffolding,Building Site,Overloaded scaffold bay holding excess brick pallets.,Major,57.4,HIGH,Windy,Day,49,0,6
INC-EXP-0914,2025-04-14,15:52,Vehicle Movement,Road/Access Area,Missing high-visibility delineator posts along haul ramp.,Near Miss,14.8,LOW,Clear,Day,94,0,4
INC-EXP-0915,2024-02-15,10:31,Welding,Building Site,Fire watch not posted during hot work.,Minor,24.7,LOW,Clear,Day,72,0,5
INC-EXP-0916,2025-02-23,19:38,Scaffolding,Building Site,Overloaded scaffold bay holding excess brick pallets.,Major,38.2,MEDIUM,Clear,Night,75,0,8
INC-EXP-0917,2024-04-14,13:27,Working at Height,Building Site,Ladder used beyond recommended height without stabilization.,Moderate,70.0,CRITICAL,Adverse,Day,100,1,3
INC-EXP-0918,2025-01-10,21:18,Excavation,Excavation Area,Trench box not extended above trench crest in loose soil.,Minor,52.1,HIGH,Clear,Night,82,0,10
INC-EXP-0919,2024-05-09,14:21,Electrical Work,Electrical Room,Uninsulated temporary power distribution board in active zone.,Minor,34.7,MEDIUM,Clear,Day,96,0,6
INC-EXP-0920,2025-05-04,21:29,Lifting,Loading Area,Tandem lift performed without approved lift plan.,Major,55.6,HIGH,Rain,Night,77,0,2
INC-EXP-0921,2026-01-06,09:47,Vehicle Movement,Loading Area,Pedestrian and vehicle routes not segregated.,Near Miss,19.5,LOW,Clear,Day,90,0,6
INC-EXP-0922,2025-06-20,15:31,Scaffolding,Building Site,Scaffold tie-backs removed prematurely during cladding.,Major,46.8,MEDIUM,Clear,Day,67,2,6
INC-EXP-0923,2024-12-31,23:21,Housekeeping,Warehouse,Liquid chemical spill without containment barrier.,Major,48.6,HIGH,Windy,Night,57,0,1
INC-EXP-0924,2024-11-06,21:06,Excavation,Road/Access Area,Excavation walls showing signs of instability.,Minor,44.4,MEDIUM,Rain,Night,100,1,5
INC-EXP-0925,2025-08-13,16:42,Vehicle Movement,Road/Access Area,Vehicle observed exceeding site speed limit.,Moderate,41.2,MEDIUM,Rain,Day,80,0,4
INC-EXP-0926,2024-04-06,09:28,Vehicle Movement,Loading Area,Vehicle observed exceeding site speed limit.,Major,60.8,HIGH,Adverse,Day,53,1,7
INC-EXP-0927,2024-04-07,07:37,Scaffolding,Building Site,Damaged ladder rung on internal scaffold access tower.,Minor,34.9,MEDIUM,Clear,Day,49,0,1
INC-EXP-0928,2025-04-06,17:48,Vehicle Movement,Road/Access Area,Blind spot hazard noted at site access road.,Minor,39.3,MEDIUM,Clear,Day,63,0,5
INC-EXP-0929,2024-10-27,08:44,Welding,Building Site,Combustible solvent containers stored within hot work radius.,Near Miss,50.8,HIGH,Windy,Day,54,0,9
INC-EXP-0930,2025-05-08,13:10,Welding,Building Site,Combustible solvent containers stored within hot work radius.,Near Miss,30.8,MEDIUM,Clear,Day,93,0,7
INC-EXP-0931,2024-12-13,14:55,Working at Height,Building Site,Unsecured tools at elevated height posing drop hazard.,Minor,52.4,HIGH,Windy,Day,89,0,9
INC-EXP-0932,2024-10-24,20:53,Welding,Warehouse,Welding cables crossing wet floor without insulation mats.,Minor,26.6,LOW,Clear,Night,81,0,1
INC-EXP-0933,2024-01-05,21:12,Housekeeping,Warehouse,Scrap timber with protruding nails left on ground.,Near Miss,23.5,LOW,Windy,Night,91,1,7
INC-EXP-0934,2024-04-27,08:42,Working at Height,Building Site,Work on leading edge without adequate perimeter protection.,Moderate,43.6,MEDIUM,Clear,Day,68,0,3
INC-EXP-0935,2024-11-06,09:56,Welding,Warehouse,Combustible solvent containers stored within hot work radius.,Near Miss,26.0,LOW,Clear,Day,46,0,3
INC-EXP-0936,2025-10-03,11:57,Housekeeping,Building Site,Debris accumulation observed in walkway.,Near Miss,66.3,CRITICAL,Adverse,Day,79,3,1
INC-EXP-0937,2025-09-09,14:55,Welding,Building Site,Inadequate fume extraction during galvanized steel welding.,Moderate,31.0,MEDIUM,Clear,Day,69,0,1
INC-EXP-0938,2025-11-23,14:53,Working at Height,Scaffolding Area,Unsecured tools at elevated height posing drop hazard.,Moderate,57.3,HIGH,Rain,Day,64,0,6
INC-EXP-0939,2024-08-31,19:01,Electrical Work,Building Site,Absence of GFCI protection on portable power tools.,Moderate,54.7,HIGH,Clear,Night,75,1,8
INC-EXP-0940,2025-04-22,17:20,Material Handling,Loading Area,Obstructed walkway due to stored materials.,Near Miss,20.4,LOW,Clear,Day,84,0,7
INC-EXP-0941,2024-10-23,07:30,Material Handling,Loading Area,Heavy drum handled without designated drum gripper.,Minor,10.0,LOW,Windy,Day,87,0,1
INC-EXP-0942,2024-08-10,14:03,Welding,Warehouse,Welding conducted near flammable materials.,Moderate,64.1,HIGH,Adverse,Day,50,1,10
INC-EXP-0943,2025-09-30,09:55,Electrical Work,Electrical Room,Improper lockout/tagout procedure observed.,Major,65.1,CRITICAL,Adverse,Day,69,0,9
INC-EXP-0944,2025-04-13,21:28,Electrical Work,Building Site,Live electrical panel left unlocked and unattended.,Moderate,69.0,CRITICAL,Adverse,Night,71,1,5
INC-EXP-0945,2024-09-12,09:11,Working at Height,Roof,Worker observed near roof edge without guardrail.,Minor,55.2,HIGH,Clear,Day,100,1,1
INC-EXP-0946,2024-08-12,15:06,Housekeeping,Warehouse,Obstruction observed blocking emergency access route.,Moderate,38.3,MEDIUM,Adverse,Day,74,1,1
INC-EXP-0947,2024-08-25,21:15,Scaffolding,Building Site,"Scaffold base observed on uneven, unstable ground.",Minor,51.4,HIGH,Rain,Night,71,0,7
INC-EXP-0948,2026-01-18,20:55,Electrical Work,Building Site,Improper lockout/tagout procedure observed.,Major,61.6,HIGH,Adverse,Night,75,0,3
INC-EXP-0949,2025-04-09,09:51,Vehicle Movement,Road/Access Area,Forklift mast elevated while traveling in shared zone.,Near Miss,27.9,LOW,Clear,Day,85,0,5
INC-EXP-0950,2026-01-09,08:13,Material Handling,Loading Area,Unsecured pipes stored on slope without chocks.,Near Miss,59.4,HIGH,Adverse,Day,68,0,7
INC-EXP-0951,2025-01-23,19:07,Working at Height,Scaffolding Area,Worker observed near roof edge without guardrail.,Moderate,57.9,HIGH,Rain,Night,100,2,6
INC-EXP-0952,2024-01-06,15:14,Excavation,Road/Access Area,Excavation depth exceeded benching ratio requirements.,Near Miss,44.8,MEDIUM,Clear,Day,64,0,5
INC-EXP-0953,2024-01-23,18:31,Material Handling,Loading Area,Stacked materials observed in an unstable configuration.,Near Miss,14.4,LOW,Clear,Day,94,0,6
INC-EXP-0954,2025-12-10,22:10,Working at Height,Roof,Worker observed near roof edge without guardrail.,Minor,65.0,HIGH,Rain,Night,61,0,4
INC-EXP-0955,2024-07-19,17:09,Vehicle Movement,Road/Access Area,Vehicle reversing without a spotter present.,Moderate,35.6,MEDIUM,Clear,Day,63,1,8
INC-EXP-0956,2024-07-29,23:36,Housekeeping,Warehouse,Debris accumulation observed in walkway.,Moderate,25.0,LOW,Clear,Night,84,1,6
INC-EXP-0957,2024-06-18,20:30,Confined Space,Electrical Room,Continuous gas monitor calibrated incorrectly before entry.,Near Miss,36.1,MEDIUM,Clear,Night,94,0,4
INC-EXP-0958,2025-08-18,13:11,Welding,Building Site,Damaged gas hose connected to oxy-fuel cutting cylinder.,Near Miss,46.0,MEDIUM,Clear,Day,75,1,1
INC-EXP-0959,2025-10-08,15:00,Housekeeping,Warehouse,Inadequate lighting along primary pedestrian egress corridor.,Near Miss,3.0,LOW,Clear,Day,100,0,6
INC-EXP-0960,2024-03-02,17:41,Welding,Warehouse,Welding conducted near flammable materials.,Minor,32.1,MEDIUM,Clear,Day,72,0,4
INC-EXP-0961,2024-12-06,16:58,Scaffolding,Building Site,Missing guardrail on scaffold platform.,Major,54.0,HIGH,Clear,Day,59,1,2
INC-EXP-0962,2025-10-10,13:05,Lifting,Loading Area,Improper lifting zone setup observed.,Near Miss,31.1,MEDIUM,Clear,Day,86,0,11
INC-EXP-0963,2024-10-17,08:40,Material Handling,Loading Area,Manual handling of heavy load without mechanical aid.,Near Miss,18.7,LOW,Clear,Day,85,0,6
INC-EXP-0964,2024-09-01,20:49,Electrical Work,Electrical Room,Uninsulated temporary power distribution board in active zone.,Near Miss,45.9,MEDIUM,Clear,Night,82,0,6
INC-EXP-0965,2025-08-15,17:44,Working at Height,Roof,Worker observed near roof edge without guardrail.,Minor,36.8,MEDIUM,Clear,Day,100,0,6
INC-EXP-0966,2025-05-28,07:11,Lifting,Warehouse,Crane outrigger placed on uncompacted soil.,Moderate,34.7,MEDIUM,Rain,Day,74,0,4
INC-EXP-0967,2024-04-12,07:01,Lifting,Loading Area,Sling showing visible wear used during heavy assembly hoist.,Major,85.5,CRITICAL,Rain,Day,72,3,9
INC-EXP-0968,2025-04-04,19:12,Working at Height,Scaffolding Area,Fall arrest harness not properly anchored.,Near Miss,31.7,MEDIUM,Clear,Night,100,0,3
INC-EXP-0969,2024-11-02,12:30,Vehicle Movement,Loading Area,Blind spot hazard noted at site access road.,Near Miss,23.6,LOW,Clear,Day,83,0,7
INC-EXP-0970,2024-12-02,14:04,Excavation,Excavation Area,Underground utility markers ignored near mechanical digging.,Moderate,38.2,MEDIUM,Clear,Day,72,0,3
INC-EXP-0971,2025-02-02,16:42,Scaffolding,Scaffolding Area,Missing toe-boards on working platform exceeding six feet.,Minor,39.3,MEDIUM,Clear,Day,89,1,1
INC-EXP-0972,2025-04-08,15:22,Working at Height,Roof,Ladder used beyond recommended height without stabilization.,Major,52.1,HIGH,Rain,Day,73,0,3
INC-EXP-0973,2026-01-08,15:15,Material Handling,Warehouse,Pallet racking upright bent by handling equipment.,Minor,14.9,LOW,Rain,Day,85,0,3
INC-EXP-0974,2024-02-04,20:08,Scaffolding,Building Site,Incomplete scaffold tagging system observed.,Moderate,78.4,CRITICAL,Windy,Night,68,1,13
INC-EXP-0975,2025-09-19,09:57,Working at Height,Roof,Ladder used beyond recommended height without stabilization.,Near Miss,68.8,CRITICAL,Adverse,Day,64,0,6
INC-EXP-0976,2025-01-02,13:38,Lifting,Building Site,Crane outrigger placed on uncompacted soil.,Major,72.5,CRITICAL,Adverse,Day,51,0,4
INC-EXP-0977,2025-04-25,18:35,Welding,Warehouse,Inadequate ventilation observed during welding task.,Major,67.6,CRITICAL,Windy,Day,100,3,4
INC-EXP-0978,2025-09-16,10:10,Electrical Work,Building Site,Arc flash PPE missing during high-voltage switchgear testing.,Near Miss,32.6,MEDIUM,Rain,Day,99,0,6
INC-EXP-0979,2024-03-19,21:09,Material Handling,Loading Area,Unsecured pipes stored on slope without chocks.,Moderate,33.4,MEDIUM,Clear,Night,70,1,9
INC-EXP-0980,2025-12-28,22:35,Working at Height,Roof,Unprotected edge observed during elevated work.,Near Miss,59.6,HIGH,Clear,Night,95,0,6
INC-EXP-0981,2025-01-18,21:29,Lifting,Warehouse,Crane outrigger placed on uncompacted soil.,Major,78.4,CRITICAL,Adverse,Night,79,3,7
INC-EXP-0982,2025-07-07,07:29,Lifting,Building Site,Rigging inspection not completed before lift.,Minor,56.8,HIGH,Rain,Day,69,0,6
INC-EXP-0983,2025-09-06,21:11,Vehicle Movement,Loading Area,Blind spot hazard noted at site access road.,Near Miss,20.3,LOW,Clear,Night,88,0,4
INC-EXP-0984,2025-08-24,23:32,Electrical Work,Building Site,Live electrical panel left unlocked and unattended.,Moderate,57.5,HIGH,Rain,Night,53,1,4
INC-EXP-0985,2025-06-27,07:11,Housekeeping,Warehouse,Spilled material not cleaned up promptly.,Moderate,49.9,HIGH,Adverse,Day,63,0,6
INC-EXP-0986,2024-06-23,11:41,Excavation,Road/Access Area,Excavation depth exceeded benching ratio requirements.,Moderate,82.5,CRITICAL,Clear,Day,64,3,11
INC-EXP-0987,2024-08-19,16:53,Confined Space,Electrical Room,Restricted egress portal partially blocked by ventilation ducting.,Minor,40.0,MEDIUM,Clear,Day,96,0,7
INC-EXP-0988,2024-08-15,07:16,Confined Space,Excavation Area,Continuous gas monitor calibrated incorrectly before entry.,Minor,51.8,HIGH,Rain,Day,87,0,4
INC-EXP-0989,2024-06-15,20:12,Housekeeping,Building Site,Liquid chemical spill without containment barrier.,Near Miss,37.7,MEDIUM,Windy,Night,79,0,4
INC-EXP-0990,2024-07-21,18:48,Lifting,Building Site,Load exceeded rated capacity of lifting equipment.,Major,39.2,MEDIUM,Adverse,Day,85,0,7
INC-EXP-0991,2025-02-20,09:03,Confined Space,Electrical Room,Restricted egress portal partially blocked by ventilation ducting.,Moderate,58.4,HIGH,Windy,Day,100,1,6
INC-EXP-0992,2025-10-03,09:28,Working at Height,Scaffolding Area,Unsecured tools at elevated height posing drop hazard.,Major,45.6,MEDIUM,Clear,Day,68,0,4
INC-EXP-0993,2024-11-09,14:53,Electrical Work,Building Site,Overloaded circuit breaker showing signs of overheating.,Moderate,42.3,MEDIUM,Rain,Day,79,0,3
INC-EXP-0994,2024-03-10,23:44,Vehicle Movement,Road/Access Area,Blind spot hazard noted at site access road.,Major,52.7,HIGH,Adverse,Night,74,1,6
INC-EXP-0995,2025-06-22,09:13,Scaffolding,Scaffolding Area,Damaged ladder rung on internal scaffold access tower.,Minor,56.2,HIGH,Rain,Day,79,1,6
INC-EXP-0996,2024-03-29,07:47,Working at Height,Building Site,Ladder used beyond recommended height without stabilization.,Minor,63.8,HIGH,Windy,Day,79,1,1
INC-EXP-0997,2025-11-15,14:09,Material Handling,Loading Area,Obstructed walkway due to stored materials.,Minor,34.1,MEDIUM,Clear,Day,76,1,2
INC-EXP-0998,2024-01-20,11:42,Excavation,Excavation Area,Excavation depth exceeded benching ratio requirements.,Near Miss,57.7,HIGH,Clear,Day,63,0,4
INC-EXP-0999,2025-03-03,08:02,Scaffolding,Scaffolding Area,Scaffold access partially obstructed.,Near Miss,59.9,HIGH,Adverse,Day,87,0,8
INC-EXP-1000,2025-09-29,14:54,Vehicle Movement,Loading Area,Reversing alarm inoperative on earthmoving equipment.,Moderate,52.7,HIGH,Adverse,Day,64,0,1
INC-EXP-1001,2025-11-24,22:20,Housekeeping,Warehouse,Spilled material not cleaned up promptly.,Minor,46.1,MEDIUM,Clear,Night,62,1,5
INC-EXP-1002,2024-02-16,18:52,Material Handling,Loading Area,Obstructed walkway due to stored materials.,Near Miss,32.0,MEDIUM,Clear,Day,65,0,6
INC-EXP-1003,2024-02-07,23:05,Material Handling,Loading Area,Manual handling of heavy load without mechanical aid.,Near Miss,22.4,LOW,Clear,Night,82,0,2
INC-EXP-1004,2025-06-06,20:00,Housekeeping,Building Site,Debris accumulation observed in walkway.,Near Miss,36.3,MEDIUM,Clear,Night,82,0,4
INC-EXP-1005,2025-06-20,13:56,Working at Height,Roof,Improper harness inspection before elevated decking task.,Major,66.7,CRITICAL,Rain,Day,69,1,6
INC-EXP-1006,2024-05-18,15:30,Electrical Work,Electrical Room,Damaged electrical cable observed.,Major,54.9,HIGH,Rain,Day,79,0,3
INC-EXP-1007,2024-11-12,11:06,Working at Height,Building Site,Static line lifeline inspection overdue during roofing installation.,Major,55.3,HIGH,Clear,Day,89,0,14
INC-EXP-1008,2025-10-18,14:58,Working at Height,Scaffolding Area,Improper harness inspection before elevated decking task.,Near Miss,61.6,HIGH,Adverse,Day,78,0,6
INC-EXP-1009,2024-02-15,21:11,Electrical Work,Electrical Room,Exposed wiring near a wet work area.,Major,87.1,CRITICAL,Adverse,Night,68,0,12
INC-EXP-1010,2024-08-13,22:04,Working at Height,Building Site,Fall arrest harness not properly anchored.,Near Miss,39.9,MEDIUM,Clear,Night,87,0,3
INC-EXP-1011,2025-11-30,12:05,Scaffolding,Building Site,Scaffold access partially obstructed.,Moderate,40.7,MEDIUM,Clear,Day,73,0,4
INC-EXP-1012,2025-12-24,10:53,Electrical Work,Building Site,Arc flash PPE missing during high-voltage switchgear testing.,Near Miss,20.8,LOW,Clear,Day,91,0,6
INC-EXP-1013,2024-10-04,13:40,Housekeeping,Building Site,Obstruction observed blocking emergency access route.,Moderate,36.3,MEDIUM,Clear,Day,74,1,8
INC-EXP-1014,2025-02-21,07:16,Vehicle Movement,Loading Area,Unattended vehicle left idling on active haul road.,Minor,33.9,MEDIUM,Clear,Day,70,0,1
INC-EXP-1015,2024-01-23,21:58,Confined Space,Electrical Room,Continuous gas monitor calibrated incorrectly before entry.,Minor,48.3,HIGH,Clear,Night,91,0,6
INC-EXP-1016,2026-01-15,10:55,Scaffolding,Scaffolding Area,Overloaded scaffold bay holding excess brick pallets.,Near Miss,81.0,CRITICAL,Rain,Day,57,3,4
INC-EXP-1017,2025-02-15,19:27,Lifting,Loading Area,Exclusion zone around lift not maintained.,Minor,32.5,MEDIUM,Rain,Night,71,0,6
INC-EXP-1018,2025-08-30,23:56,Lifting,Warehouse,Tandem lift performed without approved lift plan.,Near Miss,62.5,HIGH,Windy,Night,64,0,6
INC-EXP-1019,2025-10-08,06:13,Material Handling,Warehouse,Improper storage of materials near a walkway.,Major,15.8,LOW,Clear,Day,77,0,5
INC-EXP-1020,2024-12-20,22:20,Electrical Work,Building Site,Exposed wiring near a wet work area.,Minor,54.2,HIGH,Clear,Night,56,0,1
INC-EXP-1021,2024-02-23,13:42,Working at Height,Building Site,Unsecured tools at elevated height posing drop hazard.,Major,32.3,MEDIUM,Clear,Day,97,0,5
INC-EXP-1022,2026-01-17,22:46,Vehicle Movement,Loading Area,Blind spot hazard noted at site access road.,Near Miss,41.6,MEDIUM,Clear,Night,95,3,4
INC-EXP-1023,2025-01-06,18:00,Material Handling,Warehouse,Obstructed walkway due to stored materials.,Near Miss,35.1,MEDIUM,Rain,Day,81,0,10
INC-EXP-1024,2025-09-16,10:39,Confined Space,Electrical Room,No standby attendant present during confined space work.,Major,60.0,HIGH,Adverse,Day,93,0,7
INC-EXP-1025,2024-01-13,17:46,Confined Space,Excavation Area,No standby attendant present during confined space work.,Minor,61.2,HIGH,Rain,Day,46,0,6
INC-EXP-1026,2025-01-23,15:25,Excavation,Road/Access Area,Spoil pile placed too close to excavation edge.,Minor,52.5,HIGH,Adverse,Day,100,0,5
INC-EXP-1027,2025-07-31,19:54,Electrical Work,Building Site,Exposed wiring near a wet work area.,Minor,75.3,CRITICAL,Clear,Night,82,3,6
INC-EXP-1028,2024-09-30,13:13,Vehicle Movement,Road/Access Area,Blind spot hazard noted at site access road.,Moderate,49.2,HIGH,Adverse,Day,93,0,11
INC-EXP-1029,2024-11-27,21:45,Vehicle Movement,Road/Access Area,Vehicle reversing without a spotter present.,Moderate,35.0,MEDIUM,Clear,Night,75,0,4
INC-EXP-1030,2025-06-09,16:15,Electrical Work,Electrical Room,Exposed wiring near a wet work area.,Near Miss,51.7,HIGH,Adverse,Day,89,0,5
INC-EXP-1031,2025-08-14,17:48,Vehicle Movement,Loading Area,Reversing alarm inoperative on earthmoving equipment.,Near Miss,18.4,LOW,Rain,Day,87,0,8
INC-EXP-1033,2024-11-11,22:38,Confined Space,Electrical Room,Permit-required confined space entry log not signed.,Minor,66.1,CRITICAL,Clear,Night,93,1,2
INC-EXP-1034,2025-12-31,19:16,Welding,Warehouse,Welding screen missing in shared work area.,Near Miss,42.3,MEDIUM,Adverse,Night,74,0,5
INC-EXP-1035,2026-01-11,19:57,Excavation,Road/Access Area,No safe access/egress ladder provided in trench.,Minor,61.4,HIGH,Adverse,Night,80,0,8
INC-EXP-1036,2025-10-07,12:36,Confined Space,Electrical Room,Permit-required confined space entry log not signed.,Minor,47.9,MEDIUM,Clear,Day,73,0,9
INC-EXP-1037,2025-10-31,22:42,Excavation,Excavation Area,Underground utility markers ignored near mechanical digging.,Minor,41.8,MEDIUM,Clear,Night,98,1,3
INC-EXP-1038,2024-01-11,19:03,Working at Height,Roof,Ladder used beyond recommended height without stabilization.,Near Miss,41.8,MEDIUM,Clear,Night,77,0,4
INC-EXP-1039,2025-08-15,11:57,Material Handling,Warehouse,Heavy drum handled without designated drum gripper.,Near Miss,12.8,LOW,Clear,Day,75,0,6
INC-EXP-1040,2024-04-12,08:53,Lifting,Building Site,Tandem lift performed without approved lift plan.,Minor,38.5,MEDIUM,Clear,Day,92,1,2
INC-EXP-1041,2025-09-07,19:39,Working at Height,Scaffolding Area,Work on leading edge without adequate perimeter protection.,Major,79.6,CRITICAL,Rain,Night,83,3,5
INC-EXP-1042,2024-02-22,06:42,Welding,Warehouse,Inadequate fume extraction during galvanized steel welding.,Near Miss,37.3,MEDIUM,Clear,Day,72,1,5
INC-EXP-1043,2024-06-29,10:59,Housekeeping,Building Site,Tools left in walking path after task completion.,Minor,10.1,LOW,Clear,Day,93,0,6
INC-EXP-1044,2024-03-13,10:11,Lifting,Loading Area,Exclusion zone around lift not maintained.,Moderate,61.3,HIGH,Adverse,Day,83,1,6
INC-EXP-1045,2025-07-09,17:00,Lifting,Warehouse,Rigging inspection not completed before lift.,Minor,32.8,MEDIUM,Rain,Day,93,0,7
INC-EXP-1046,2024-08-01,22:16,Lifting,Building Site,Rigging inspection not completed before lift.,Moderate,70.8,CRITICAL,Clear,Night,87,3,8
INC-EXP-1047,2025-06-07,22:41,Welding,Warehouse,Inadequate ventilation observed during welding task.,Near Miss,37.3,MEDIUM,Clear,Night,85,2,7
INC-EXP-1048,2024-05-20,22:20,Working at Height,Building Site,Improper harness inspection before elevated decking task.,Moderate,44.5,MEDIUM,Clear,Night,92,0,4
INC-EXP-1049,2025-12-25,20:05,Housekeeping,Building Site,Scrap timber with protruding nails left on ground.,Near Miss,41.8,MEDIUM,Clear,Night,53,0,5
INC-EXP-1050,2024-10-01,23:56,Scaffolding,Scaffolding Area,"Scaffold base observed on uneven, unstable ground.",Near Miss,54.4,HIGH,Rain,Night,85,2,3
INC-EXP-1051,2024-06-29,21:56,Confined Space,Electrical Room,No standby attendant present during confined space work.,Moderate,55.0,HIGH,Clear,Night,83,0,4
INC-EXP-1052,2024-11-07,07:42,Excavation,Road/Access Area,Underground utility markers ignored near mechanical digging.,Near Miss,60.4,HIGH,Windy,Day,79,1,11
INC-EXP-1053,2025-09-10,10:28,Vehicle Movement,Road/Access Area,Vehicle reversing without a spotter present.,Near Miss,16.4,LOW,Rain,Day,85,0,8
INC-EXP-1054,2024-12-03,18:41,Excavation,Road/Access Area,Excavation depth exceeded benching ratio requirements.,Moderate,42.1,MEDIUM,Clear,Day,77,1,3
INC-EXP-1055,2025-11-10,13:00,Electrical Work,Building Site,Improper lockout/tagout procedure observed.,Moderate,60.4,HIGH,Rain,Day,43,0,4
INC-EXP-1056,2025-11-27,07:44,Lifting,Loading Area,Crane outrigger placed on uncompacted soil.,Minor,36.4,MEDIUM,Clear,Day,65,0,5
INC-EXP-1057,2025-10-25,12:38,Confined Space,Electrical Room,Confined space entry without atmospheric testing.,Minor,54.7,HIGH,Clear,Day,77,0,2
INC-EXP-1058,2024-02-04,23:08,Electrical Work,Electrical Room,Uninsulated temporary power distribution board in active zone.,Major,35.5,MEDIUM,Clear,Night,100,0,4
INC-EXP-1059,2024-01-03,11:58,Housekeeping,Building Site,Debris accumulation observed in walkway.,Minor,45.9,MEDIUM,Windy,Day,57,0,6
INC-EXP-1060,2025-02-01,09:32,Scaffolding,Building Site,Missing toe-boards on working platform exceeding six feet.,Major,55.3,HIGH,Clear,Day,56,0,2
INC-EXP-1061,2024-04-28,21:15,Vehicle Movement,Road/Access Area,Forklift mast elevated while traveling in shared zone.,Major,42.4,MEDIUM,Clear,Night,74,0,9
INC-EXP-1062,2025-12-27,19:18,Excavation,Excavation Area,Excavation depth exceeded benching ratio requirements.,Minor,39.4,MEDIUM,Rain,Night,91,0,10
INC-EXP-1063,2024-11-15,20:27,Excavation,Road/Access Area,Underground utility markers ignored near mechanical digging.,Major,30.1,MEDIUM,Clear,Night,87,0,1
INC-EXP-1064,2025-10-05,19:31,Working at Height,Scaffolding Area,Unprotected edge observed during elevated work.,Minor,45.3,MEDIUM,Clear,Night,76,0,4
INC-EXP-1065,2025-10-13,15:15,Scaffolding,Building Site,Missing toe-boards on working platform exceeding six feet.,Moderate,65.0,HIGH,Rain,Day,54,0,4
INC-EXP-1066,2024-03-16,13:42,Housekeeping,Building Site,Obstruction observed blocking emergency access route.,Minor,58.2,HIGH,Adverse,Day,69,0,7
INC-EXP-1067,2025-01-12,23:30,Electrical Work,Building Site,Overloaded circuit breaker showing signs of overheating.,Near Miss,37.1,MEDIUM,Clear,Night,85,0,3
INC-EXP-1068,2025-04-14,18:54,Confined Space,Excavation Area,Restricted egress portal partially blocked by ventilation ducting.,Moderate,74.1,CRITICAL,Adverse,Day,72,1,7
INC-EXP-1069,2025-10-04,23:40,Welding,Warehouse,Inadequate fume extraction during galvanized steel welding.,Near Miss,43.3,MEDIUM,Clear,Night,80,0,10
INC-EXP-1070,2024-03-01,10:23,Working at Height,Building Site,Unprotected edge observed during elevated work.,Minor,50.9,HIGH,Clear,Day,81,1,7
INC-EXP-1071,2024-05-17,18:53,Housekeeping,Warehouse,Spilled material not cleaned up promptly.,Near Miss,13.5,LOW,Rain,Day,89,0,5
INC-EXP-1072,2024-05-25,19:58,Excavation,Road/Access Area,Spoil pile placed too close to excavation edge.,Minor,48.4,HIGH,Clear,Night,69,0,8
INC-EXP-1073,2025-04-04,20:19,Excavation,Road/Access Area,Excavation depth exceeded benching ratio requirements.,Moderate,68.7,CRITICAL,Adverse,Night,61,0,8
INC-EXP-1074,2025-02-14,08:01,Lifting,Loading Area,Rigging inspection not completed before lift.,Minor,40.8,MEDIUM,Rain,Day,99,1,5
INC-EXP-1075,2024-10-24,23:14,Lifting,Building Site,Exclusion zone around lift not maintained.,Minor,33.1,MEDIUM,Clear,Night,80,0,6
INC-EXP-1076,2026-01-07,20:54,Electrical Work,Electrical Room,Arc flash PPE missing during high-voltage switchgear testing.,Near Miss,40.3,MEDIUM,Clear,Night,100,0,2
INC-EXP-1077,2024-05-11,14:06,Lifting,Loading Area,Sling showing visible wear used during heavy assembly hoist.,Minor,37.1,MEDIUM,Clear,Day,83,0,6
INC-EXP-1078,2024-09-25,17:56,Welding,Building Site,Welding conducted near flammable materials.,Moderate,56.3,HIGH,Rain,Day,54,0,1
INC-EXP-1079,2024-02-27,15:53,Scaffolding,Building Site,Incomplete scaffold tagging system observed.,Near Miss,60.7,HIGH,Adverse,Day,47,0,7
INC-EXP-1080,2024-09-22,16:58,Excavation,Excavation Area,Underground utility markers ignored near mechanical digging.,Near Miss,44.7,MEDIUM,Clear,Day,85,0,9
INC-EXP-1081,2024-06-27,08:59,Excavation,Road/Access Area,Water accumulation undermining trench base after rain.,Minor,43.7,MEDIUM,Adverse,Day,97,0,2
INC-EXP-1082,2026-01-14,18:39,Lifting,Warehouse,Improper lifting zone setup observed.,Near Miss,37.7,MEDIUM,Clear,Day,52,0,4
INC-EXP-1083,2024-09-11,19:06,Excavation,Road/Access Area,Excavation walls showing signs of instability.,Moderate,52.3,HIGH,Rain,Night,81,0,13
INC-EXP-1084,2025-03-04,20:56,Housekeeping,Warehouse,Obstruction observed blocking emergency access route.,Near Miss,29.9,MEDIUM,Clear,Night,59,1,3
INC-EXP-1085,2025-04-14,19:24,Lifting,Loading Area,Tandem lift performed without approved lift plan.,Near Miss,55.1,HIGH,Adverse,Night,85,1,6
INC-EXP-1086,2024-07-14,18:06,Confined Space,Excavation Area,Continuous gas monitor calibrated incorrectly before entry.,Moderate,57.7,HIGH,Clear,Day,54,0,9
INC-EXP-1087,2024-01-06,18:46,Working at Height,Scaffolding Area,Worker observed near roof edge without guardrail.,Near Miss,31.5,MEDIUM,Windy,Day,85,0,5
INC-EXP-1088,2025-08-21,12:30,Working at Height,Roof,Unsecured tools at elevated height posing drop hazard.,Minor,50.1,HIGH,Windy,Day,80,0,2
INC-EXP-1089,2025-02-23,20:20,Confined Space,Electrical Room,Confined space entry without atmospheric testing.,Moderate,78.7,CRITICAL,Rain,Night,76,1,5
INC-EXP-1090,2025-05-15,22:23,Working at Height,Roof,Worker observed near roof edge without guardrail.,Near Miss,47.5,MEDIUM,Clear,Night,74,0,6
INC-EXP-1091,2024-09-12,13:34,Vehicle Movement,Road/Access Area,Unattended vehicle left idling on active haul road.,Major,34.3,MEDIUM,Clear,Day,81,0,2
INC-EXP-1092,2025-01-26,22:06,Electrical Work,Electrical Room,Uninsulated temporary power distribution board in active zone.,Minor,43.4,MEDIUM,Clear,Night,81,0,6
INC-EXP-1093,2024-01-26,18:07,Material Handling,Loading Area,Pallet racking upright bent by handling equipment.,Near Miss,29.9,MEDIUM,Rain,Day,71,0,5
INC-EXP-1094,2024-06-25,21:40,Working at Height,Scaffolding Area,Ladder used beyond recommended height without stabilization.,Moderate,67.6,CRITICAL,Adverse,Night,57,0,7
INC-EXP-1095,2025-03-29,16:40,Scaffolding,Building Site,Incomplete scaffold tagging system observed.,Major,50.8,HIGH,Adverse,Day,93,0,6
INC-EXP-1096,2024-10-26,17:14,Excavation,Road/Access Area,Spoil pile placed too close to excavation edge.,Moderate,48.7,HIGH,Rain,Day,83,0,2
INC-EXP-1097,2024-01-20,10:49,Confined Space,Excavation Area,Communication failure between entrant and safety attendant.,Near Miss,59.3,HIGH,Clear,Day,81,1,11
INC-EXP-1098,2025-04-19,11:56,Electrical Work,Electrical Room,Exposed wiring near a wet work area.,Major,58.0,HIGH,Clear,Day,71,1,9
INC-EXP-1099,2025-11-02,10:28,Scaffolding,Scaffolding Area,Missing toe-boards on working platform exceeding six feet.,Near Miss,29.8,MEDIUM,Rain,Day,100,0,9
INC-EXP-1100,2025-11-28,09:36,Material Handling,Loading Area,Excessive repetitive lifting without job rotation.,Near Miss,31.3,MEDIUM,Windy,Day,86,1,4
INC-EXP-1101,2025-11-07,21:47,Welding,Building Site,Inadequate ventilation observed during welding task.,Minor,40.9,MEDIUM,Clear,Night,52,0,5
INC-EXP-1102,2025-03-22,23:14,Confined Space,Excavation Area,Emergency retrieval system not set up before entry.,Minor,75.5,CRITICAL,Rain,Night,65,0,4
INC-EXP-1103,2025-01-24,17:40,Excavation,Excavation Area,Underground utility markers ignored near mechanical digging.,Major,57.5,HIGH,Clear,Day,50,0,11
INC-EXP-1104,2024-07-06,15:29,Housekeeping,Building Site,Debris accumulation observed in walkway.,Near Miss,7.3,LOW,Clear,Day,94,0,10
INC-EXP-1105,2025-03-17,11:13,Welding,Building Site,Inadequate fume extraction during galvanized steel welding.,Moderate,12.0,LOW,Clear,Day,93,0,1
INC-EXP-1106,2025-10-08,15:35,Working at Height,Scaffolding Area,Unsecured tools at elevated height posing drop hazard.,Major,51.3,HIGH,Clear,Day,76,0,4
INC-EXP-1107,2024-06-17,19:08,Welding,Building Site,Welding conducted near flammable materials.,Near Miss,45.2,MEDIUM,Clear,Night,56,1,1
INC-EXP-1108,2025-06-28,21:47,Welding,Building Site,Welding screen missing in shared work area.,Moderate,39.6,MEDIUM,Windy,Night,80,1,4
INC-EXP-1109,2025-02-12,15:13,Vehicle Movement,Loading Area,Unattended vehicle left idling on active haul road.,Moderate,59.9,HIGH,Clear,Day,69,2,6
INC-EXP-1110,2025-10-31,18:04,Vehicle Movement,Loading Area,Vehicle reversing without a spotter present.,Moderate,31.8,MEDIUM,Windy,Day,75,0,1
INC-EXP-1111,2024-03-13,14:14,Welding,Building Site,Welding cables crossing wet floor without insulation mats.,Minor,43.4,MEDIUM,Rain,Day,80,0,3
INC-EXP-1112,2024-07-20,07:07,Excavation,Excavation Area,Underground utility markers ignored near mechanical digging.,Major,50.0,HIGH,Clear,Day,72,0,2
INC-EXP-1113,2024-02-12,10:56,Confined Space,Electrical Room,No standby attendant present during confined space work.,Near Miss,62.2,HIGH,Clear,Day,97,0,1
INC-EXP-1114,2025-03-25,16:18,Excavation,Excavation Area,Water accumulation undermining trench base after rain.,Near Miss,40.6,MEDIUM,Adverse,Day,96,0,2
INC-EXP-1115,2024-06-14,11:23,Lifting,Loading Area,Crane outrigger placed on uncompacted soil.,Near Miss,42.4,MEDIUM,Windy,Day,81,1,4
INC-EXP-1116,2025-09-02,21:01,Vehicle Movement,Loading Area,Vehicle observed exceeding site speed limit.,Minor,48.5,HIGH,Windy,Night,59,0,3
INC-EXP-1117,2025-01-15,20:23,Vehicle Movement,Loading Area,Blind spot hazard noted at site access road.,Major,36.4,MEDIUM,Clear,Night,81,0,6
INC-EXP-1118,2025-04-09,08:14,Working at Height,Building Site,Improper harness inspection before elevated decking task.,Moderate,85.0,CRITICAL,Adverse,Day,67,1,1
INC-EXP-1119,2024-03-07,19:28,Confined Space,Electrical Room,Communication failure between entrant and safety attendant.,Moderate,69.7,CRITICAL,Clear,Night,74,1,4
INC-EXP-1120,2024-02-24,21:32,Scaffolding,Scaffolding Area,"Scaffold base observed on uneven, unstable ground.",Minor,36.5,MEDIUM,Clear,Night,88,0,3
INC-EXP-1121,2024-05-23,17:07,Lifting,Building Site,Sling showing visible wear used during heavy assembly hoist.,Near Miss,36.1,MEDIUM,Rain,Day,85,0,1
INC-EXP-1122,2025-03-28,13:08,Housekeeping,Warehouse,Liquid chemical spill without containment barrier.,Near Miss,16.8,LOW,Clear,Day,92,1,8
INC-EXP-1123,2024-04-03,16:28,Scaffolding,Scaffolding Area,Scaffold access partially obstructed.,Near Miss,38.2,MEDIUM,Clear,Day,85,0,9
INC-EXP-1124,2024-01-08,13:27,Excavation,Excavation Area,Spoil pile placed too close to excavation edge.,Moderate,61.9,HIGH,Rain,Day,62,0,6
INC-EXP-1125,2025-04-07,13:32,Housekeeping,Warehouse,Tools left in walking path after task completion.,Moderate,37.8,MEDIUM,Adverse,Day,82,0,2
INC-EXP-1126,2024-04-11,15:17,Working at Height,Scaffolding Area,Improper harness inspection before elevated decking task.,Major,51.6,HIGH,Clear,Day,78,0,9
INC-EXP-1127,2024-02-14,08:18,Housekeeping,Building Site,Emergency eyewash station blocked by storage boxes.,Moderate,14.8,LOW,Clear,Day,74,0,2
INC-EXP-1128,2024-01-24,13:10,Housekeeping,Building Site,Obstruction observed blocking emergency access route.,Minor,22.3,LOW,Clear,Day,65,0,5
INC-EXP-1129,2024-09-03,22:27,Electrical Work,Electrical Room,Damaged electrical cable observed.,Minor,57.7,HIGH,Rain,Night,73,0,7
INC-EXP-1130,2024-01-11,12:48,Excavation,Road/Access Area,Excavation depth exceeded benching ratio requirements.,Near Miss,44.8,MEDIUM,Adverse,Day,78,0,7
INC-EXP-1131,2025-09-13,17:32,Working at Height,Roof,Work on leading edge without adequate perimeter protection.,Minor,50.3,HIGH,Clear,Day,78,1,5
INC-EXP-1132,2024-12-28,21:10,Housekeeping,Warehouse,Debris accumulation observed in walkway.,Minor,5.7,LOW,Clear,Night,100,0,1
INC-EXP-1133,2025-08-07,15:11,Excavation,Excavation Area,Excavation depth exceeded benching ratio requirements.,Moderate,54.0,HIGH,Rain,Day,95,1,5
INC-EXP-1134,2024-08-26,23:29,Scaffolding,Scaffolding Area,Scaffold access partially obstructed.,Minor,22.4,LOW,Clear,Night,87,0,5
INC-EXP-1135,2025-02-20,12:34,Scaffolding,Scaffolding Area,"Scaffold base observed on uneven, unstable ground.",Moderate,40.0,MEDIUM,Clear,Day,95,0,5
INC-EXP-1136,2024-02-08,16:18,Working at Height,Building Site,Work on leading edge without adequate perimeter protection.,Moderate,43.4,MEDIUM,Rain,Day,90,0,4
INC-EXP-1137,2024-01-31,06:47,Confined Space,Excavation Area,Communication failure between entrant and safety attendant.,Minor,56.7,HIGH,Rain,Day,82,0,7
INC-EXP-1138,2025-06-20,08:25,Excavation,Excavation Area,Underground utility markers ignored near mechanical digging.,Minor,41.5,MEDIUM,Rain,Day,86,0,6
INC-EXP-1139,2025-01-23,18:56,Vehicle Movement,Loading Area,Vehicle reversing without a spotter present.,Moderate,30.7,MEDIUM,Clear,Day,54,0,8
INC-EXP-1140,2025-11-06,16:53,Housekeeping,Building Site,Obstruction observed blocking emergency access route.,Near Miss,20.3,LOW,Clear,Day,78,0,7
INC-EXP-1141,2024-01-06,23:28,Material Handling,Loading Area,Stacked materials observed in an unstable configuration.,Near Miss,44.6,MEDIUM,Adverse,Night,81,0,6
INC-EXP-1142,2024-04-04,09:55,Confined Space,Excavation Area,Ventilation equipment not in place for confined space entry.,Moderate,55.0,HIGH,Clear,Day,77,0,2
INC-EXP-1143,2024-01-09,17:04,Working at Height,Scaffolding Area,Worker observed near roof edge without guardrail.,Moderate,98.7,CRITICAL,Adverse,Day,66,3,1
INC-EXP-1144,2024-08-28,14:05,Scaffolding,Building Site,Damaged ladder rung on internal scaffold access tower.,Minor,70.1,CRITICAL,Clear,Day,57,2,2
INC-EXP-1145,2024-06-23,18:29,Housekeeping,Building Site,Emergency eyewash station blocked by storage boxes.,Near Miss,35.5,MEDIUM,Clear,Day,64,0,5
INC-EXP-1146,2025-12-05,07:03,Excavation,Road/Access Area,Underground utility markers ignored near mechanical digging.,Moderate,58.6,HIGH,Adverse,Day,58,0,7
INC-EXP-1147,2025-09-01,21:37,Excavation,Excavation Area,Excavation depth exceeded benching ratio requirements.,Near Miss,53.4,HIGH,Windy,Night,91,0,2
INC-EXP-1148,2024-11-12,09:27,Housekeeping,Building Site,Obstruction observed blocking emergency access route.,Minor,4.3,LOW,Clear,Day,94,0,6
INC-EXP-1149,2025-10-19,18:45,Welding,Warehouse,Welding cables crossing wet floor without insulation mats.,Near Miss,29.3,MEDIUM,Clear,Day,100,0,6
INC-EXP-1150,2025-09-03,07:28,Scaffolding,Scaffolding Area,Missing guardrail on scaffold platform.,Near Miss,47.5,MEDIUM,Clear,Day,63,0,6
INC-EXP-1151,2025-09-06,16:50,Welding,Building Site,Fire watch not posted during hot work.,Moderate,47.9,MEDIUM,Rain,Day,69,0,5
INC-EXP-1152,2024-02-03,06:08,Housekeeping,Warehouse,Tools left in walking path after task completion.,Minor,43.7,MEDIUM,Adverse,Day,61,0,1
INC-EXP-1153,2025-03-02,17:49,Lifting,Warehouse,Rigging inspection not completed before lift.,Minor,30.8,MEDIUM,Clear,Day,93,0,2
INC-EXP-1154,2024-03-07,19:03,Welding,Warehouse,Damaged gas hose connected to oxy-fuel cutting cylinder.,Moderate,74.8,CRITICAL,Rain,Night,64,1,4
INC-EXP-1155,2025-02-03,11:26,Confined Space,Electrical Room,Restricted egress portal partially blocked by ventilation ducting.,Major,65.2,CRITICAL,Clear,Day,63,0,6
INC-EXP-1156,2024-01-24,15:16,Electrical Work,Electrical Room,Improper lockout/tagout procedure observed.,Minor,56.7,HIGH,Clear,Day,64,0,6
INC-EXP-1157,2025-06-19,22:57,Lifting,Warehouse,Load exceeded rated capacity of lifting equipment.,Near Miss,32.8,MEDIUM,Clear,Night,57,0,9
INC-EXP-1158,2024-04-17,06:11,Working at Height,Scaffolding Area,Work on leading edge without adequate perimeter protection.,Major,52.5,HIGH,Adverse,Day,79,0,1
INC-EXP-1159,2025-02-15,09:06,Working at Height,Roof,Unsecured tools at elevated height posing drop hazard.,Major,40.9,MEDIUM,Clear,Day,89,0,4
INC-EXP-1160,2025-12-20,12:09,Lifting,Building Site,Load exceeded rated capacity of lifting equipment.,Near Miss,47.3,MEDIUM,Rain,Day,95,2,7
INC-EXP-1161,2024-09-27,15:50,Excavation,Road/Access Area,Underground utility markers ignored near mechanical digging.,Near Miss,47.9,MEDIUM,Clear,Day,47,0,7
INC-EXP-1162,2025-02-23,17:31,Electrical Work,Building Site,Improper lockout/tagout procedure observed.,Near Miss,28.0,MEDIUM,Clear,Day,100,0,1
INC-EXP-1163,2025-12-18,13:53,Working at Height,Scaffolding Area,Unprotected edge observed during elevated work.,Moderate,56.9,HIGH,Rain,Day,88,1,5
INC-EXP-1164,2024-08-11,06:59,Electrical Work,Building Site,Arc flash PPE missing during high-voltage switchgear testing.,Minor,38.9,MEDIUM,Clear,Day,80,1,7
INC-EXP-1165,2025-12-10,09:59,Material Handling,Warehouse,Stacked materials observed in an unstable configuration.,Minor,52.4,HIGH,Adverse,Day,76,1,8
INC-EXP-1166,2025-01-02,11:16,Material Handling,Loading Area,Manual handling of heavy load without mechanical aid.,Minor,61.6,HIGH,Windy,Day,73,3,8
INC-EXP-1167,2024-12-08,15:59,Material Handling,Loading Area,Obstructed walkway due to stored materials.,Near Miss,23.0,LOW,Clear,Day,70,0,6
INC-EXP-1168,2024-08-23,09:53,Lifting,Warehouse,Rigging inspection not completed before lift.,Near Miss,19.9,LOW,Windy,Day,96,0,7
INC-EXP-1169,2025-08-17,07:29,Electrical Work,Building Site,Arc flash PPE missing during high-voltage switchgear testing.,Minor,49.5,HIGH,Adverse,Day,83,0,4
INC-EXP-1170,2024-06-27,12:05,Vehicle Movement,Road/Access Area,Pedestrian and vehicle routes not segregated.,Near Miss,46.1,MEDIUM,Adverse,Day,82,0,1
INC-EXP-1171,2025-03-01,08:58,Scaffolding,Building Site,Scaffold access partially obstructed.,Minor,45.9,MEDIUM,Rain,Day,60,0,3
INC-EXP-1172,2025-01-02,16:36,Material Handling,Loading Area,Stacked materials observed in an unstable configuration.,Minor,30.4,MEDIUM,Rain,Day,84,0,1
INC-EXP-1173,2024-05-10,12:21,Vehicle Movement,Road/Access Area,Missing high-visibility delineator posts along haul ramp.,Moderate,49.9,HIGH,Adverse,Day,100,0,8
INC-EXP-1174,2024-08-18,08:47,Material Handling,Warehouse,Improper storage of materials near a walkway.,Minor,20.5,LOW,Clear,Day,100,0,5
INC-EXP-1175,2025-03-02,12:25,Welding,Building Site,Damaged gas hose connected to oxy-fuel cutting cylinder.,Near Miss,39.3,MEDIUM,Clear,Day,63,0,3
INC-EXP-1176,2024-09-02,15:20,Welding,Building Site,Inadequate ventilation observed during welding task.,Minor,62.1,HIGH,Adverse,Day,73,0,8
INC-EXP-1177,2024-02-06,13:08,Scaffolding,Building Site,Missing guardrail on scaffold platform.,Moderate,66.1,CRITICAL,Clear,Day,79,2,5
INC-EXP-1178,2025-06-26,21:46,Working at Height,Building Site,Worker observed near roof edge without guardrail.,Major,42.9,MEDIUM,Rain,Night,90,1,1
INC-EXP-1179,2025-08-04,09:11,Housekeeping,Building Site,Obstruction observed blocking emergency access route.,Minor,12.7,LOW,Clear,Day,80,0,2
INC-EXP-1180,2024-01-01,11:02,Working at Height,Building Site,Static line lifeline inspection overdue during roofing installation.,Major,82.5,CRITICAL,Windy,Day,87,3,2
INC-EXP-1181,2025-07-02,23:14,Excavation,Excavation Area,Excavation depth exceeded benching ratio requirements.,Near Miss,55.4,HIGH,Adverse,Night,90,0,6
INC-EXP-1182,2025-02-11,23:06,Vehicle Movement,Road/Access Area,Forklift mast elevated while traveling in shared zone.,Near Miss,41.2,MEDIUM,Windy,Night,85,0,3
INC-EXP-1183,2025-05-27,19:31,Scaffolding,Scaffolding Area,Damaged ladder rung on internal scaffold access tower.,Minor,46.1,MEDIUM,Clear,Night,76,0,7
INC-EXP-1184,2025-10-18,21:03,Excavation,Excavation Area,Trench box not extended above trench crest in loose soil.,Major,58.0,HIGH,Rain,Night,70,0,7
INC-EXP-1185,2025-09-04,21:33,Scaffolding,Scaffolding Area,Overloaded scaffold bay holding excess brick pallets.,Near Miss,50.7,HIGH,Clear,Night,79,1,7
INC-EXP-1186,2025-08-01,06:30,Lifting,Loading Area,Rigging inspection not completed before lift.,Near Miss,41.9,MEDIUM,Clear,Day,83,1,7
INC-EXP-1187,2024-05-16,09:02,Excavation,Excavation Area,Excavation depth exceeded benching ratio requirements.,Major,49.7,HIGH,Rain,Day,75,0,2
INC-EXP-1188,2026-01-18,22:26,Lifting,Warehouse,Tag line omitted during crane load swinging operation.,Near Miss,39.2,MEDIUM,Adverse,Night,92,0,7
INC-EXP-1189,2024-07-06,16:32,Confined Space,Electrical Room,Restricted egress portal partially blocked by ventilation ducting.,Near Miss,43.1,MEDIUM,Clear,Day,82,0,8
INC-EXP-1190,2025-12-06,06:41,Confined Space,Electrical Room,No standby attendant present during confined space work.,Minor,64.1,HIGH,Clear,Day,89,3,5
INC-EXP-1191,2024-01-17,14:27,Confined Space,Excavation Area,Restricted egress portal partially blocked by ventilation ducting.,Near Miss,40.7,MEDIUM,Clear,Day,100,0,10
INC-EXP-1192,2025-12-19,11:41,Welding,Warehouse,Damaged gas hose connected to oxy-fuel cutting cylinder.,Moderate,37.9,MEDIUM,Clear,Day,68,0,5
INC-EXP-1193,2024-05-31,15:34,Welding,Building Site,Welding screen missing in shared work area.,Major,53.4,HIGH,Adverse,Day,73,0,2
INC-EXP-1194,2024-04-12,09:53,Vehicle Movement,Loading Area,Blind spot hazard noted at site access road.,Near Miss,56.0,HIGH,Clear,Day,83,3,6
INC-EXP-1195,2024-05-10,08:11,Housekeeping,Warehouse,Spilled material not cleaned up promptly.,Moderate,45.7,MEDIUM,Adverse,Day,78,1,5
INC-EXP-1196,2025-08-25,19:12,Confined Space,Excavation Area,Restricted egress portal partially blocked by ventilation ducting.,Minor,63.3,HIGH,Clear,Night,63,0,1
INC-EXP-1197,2025-02-22,22:47,Confined Space,Excavation Area,Confined space entry without atmospheric testing.,Moderate,50.2,HIGH,Clear,Night,82,0,8
INC-EXP-1198,2024-06-10,23:23,Vehicle Movement,Loading Area,Vehicle reversing without a spotter present.,Moderate,26.7,LOW,Rain,Night,81,0,3
INC-EXP-1199,2024-07-21,12:23,Lifting,Warehouse,Exclusion zone around lift not maintained.,Minor,55.7,HIGH,Adverse,Day,44,0,11
INC-EXP-1200,2024-08-28,06:13,Lifting,Loading Area,Exclusion zone around lift not maintained.,Moderate,47.3,MEDIUM,Clear,Day,100,3,4
INC-EXP-1201,2024-08-14,14:39,Material Handling,Warehouse,Stacked materials observed in an unstable configuration.,Minor,38.2,MEDIUM,Clear,Day,49,0,8
INC-EXP-1202,2024-03-25,17:32,Electrical Work,Building Site,Absence of GFCI protection on portable power tools.,Near Miss,41.7,MEDIUM,Clear,Day,78,0,6
INC-EXP-1203,2025-08-07,13:21,Material Handling,Warehouse,Improper storage of materials near a walkway.,Minor,4.4,LOW,Clear,Day,99,0,2
INC-EXP-1204,2024-07-17,14:56,Vehicle Movement,Road/Access Area,Blind spot hazard noted at site access road.,Near Miss,24.0,LOW,Clear,Day,73,0,6
INC-EXP-1205,2024-01-22,06:42,Vehicle Movement,Road/Access Area,Vehicle observed exceeding site speed limit.,Near Miss,53.2,HIGH,Rain,Day,70,1,5
INC-EXP-1206,2024-04-30,17:11,Confined Space,Electrical Room,No standby attendant present during confined space work.,Near Miss,75.0,CRITICAL,Rain,Day,62,1,8
INC-EXP-1207,2024-11-22,12:44,Lifting,Warehouse,Crane outrigger placed on uncompacted soil.,Near Miss,22.1,LOW,Rain,Day,95,0,7
INC-EXP-1208,2025-09-11,10:00,Lifting,Loading Area,Sling showing visible wear used during heavy assembly hoist.,Moderate,51.7,HIGH,Clear,Day,73,1,2
INC-EXP-1209,2025-02-25,12:19,Excavation,Excavation Area,Spoil pile placed too close to excavation edge.,Near Miss,59.0,HIGH,Clear,Day,63,0,1
INC-EXP-1210,2024-03-16,12:45,Confined Space,Electrical Room,Communication failure between entrant and safety attendant.,Major,64.1,HIGH,Clear,Day,61,0,9
INC-EXP-1211,2025-03-17,08:28,Housekeeping,Warehouse,Scrap timber with protruding nails left on ground.,Minor,39.5,MEDIUM,Windy,Day,66,0,8
INC-EXP-1212,2025-04-03,21:35,Vehicle Movement,Loading Area,Reversing alarm inoperative on earthmoving equipment.,Moderate,47.6,MEDIUM,Clear,Night,75,1,7
INC-EXP-1213,2024-06-09,21:48,Working at Height,Roof,Static line lifeline inspection overdue during roofing installation.,Minor,61.3,HIGH,Clear,Night,61,0,3
INC-EXP-1214,2024-10-05,12:00,Electrical Work,Electrical Room,Damaged electrical cable observed.,Minor,36.5,MEDIUM,Windy,Day,71,0,1
INC-EXP-1215,2025-12-02,06:34,Electrical Work,Building Site,Damaged electrical cable observed.,Near Miss,19.0,LOW,Rain,Day,100,0,4
INC-EXP-1216,2025-12-21,21:36,Working at Height,Scaffolding Area,Improper harness inspection before elevated decking task.,Major,65.1,CRITICAL,Clear,Night,67,0,5
INC-EXP-1217,2024-01-01,22:17,Excavation,Road/Access Area,Water accumulation undermining trench base after rain.,Moderate,51.1,HIGH,Clear,Night,61,0,1
INC-EXP-1218,2024-11-05,13:48,Confined Space,Excavation Area,Ventilation equipment not in place for confined space entry.,Major,55.8,HIGH,Clear,Day,68,0,6
INC-EXP-1219,2024-04-25,10:35,Housekeeping,Warehouse,Emergency eyewash station blocked by storage boxes.,Minor,28.5,MEDIUM,Adverse,Day,100,0,1
INC-EXP-1220,2024-07-28,19:29,Lifting,Building Site,Tandem lift performed without approved lift plan.,Near Miss,49.2,HIGH,Adverse,Night,81,0,3
INC-EXP-1221,2025-08-28,11:16,Excavation,Road/Access Area,No safe access/egress ladder provided in trench.,Major,32.0,MEDIUM,Clear,Day,100,0,9
INC-EXP-1222,2025-03-02,13:04,Vehicle Movement,Road/Access Area,Vehicle reversing without a spotter present.,Minor,40.6,MEDIUM,Rain,Day,77,1,4
INC-EXP-1223,2025-02-14,11:40,Material Handling,Loading Area,Unsecured pipes stored on slope without chocks.,Near Miss,47.0,MEDIUM,Rain,Day,74,2,6
INC-EXP-1224,2025-09-08,20:35,Vehicle Movement,Road/Access Area,Unattended vehicle left idling on active haul road.,Minor,28.2,MEDIUM,Clear,Night,68,0,7
INC-EXP-1225,2024-11-22,18:39,Housekeeping,Building Site,Emergency eyewash station blocked by storage boxes.,Minor,28.4,MEDIUM,Adverse,Day,70,0,2
INC-EXP-1226,2025-07-19,11:35,Housekeeping,Warehouse,Debris accumulation observed in walkway.,Minor,44.4,MEDIUM,Windy,Day,56,0,12
INC-EXP-1228,2025-09-01,16:11,Electrical Work,Electrical Room,Exposed wiring near a wet work area.,Minor,59.5,HIGH,Rain,Day,79,0,7
INC-EXP-1229,2024-06-14,23:33,Electrical Work,Electrical Room,Exposed wiring near a wet work area.,Major,63.2,HIGH,Clear,Night,69,0,4
INC-EXP-1230,2025-06-14,15:28,Material Handling,Warehouse,Stacked materials observed in an unstable configuration.,Near Miss,12.3,LOW,Clear,Day,100,0,6
INC-EXP-1231,2024-07-07,16:52,Excavation,Excavation Area,Excavation walls showing signs of instability.,Near Miss,45.9,MEDIUM,Windy,Day,75,0,7
INC-EXP-1232,2024-09-14,19:16,Material Handling,Warehouse,Heavy drum handled without designated drum gripper.,Near Miss,33.7,MEDIUM,Clear,Night,82,1,7
INC-EXP-1233,2025-07-02,08:40,Lifting,Building Site,Exclusion zone around lift not maintained.,Near Miss,26.8,LOW,Clear,Day,88,0,1
INC-EXP-1234,2024-01-25,17:25,Confined Space,Electrical Room,Communication failure between entrant and safety attendant.,Minor,47.4,MEDIUM,Clear,Day,93,0,1
INC-EXP-1235,2024-09-26,16:06,Housekeeping,Building Site,Spilled material not cleaned up promptly.,Near Miss,36.3,MEDIUM,Windy,Day,72,1,9
INC-EXP-1236,2025-10-05,12:16,Electrical Work,Electrical Room,Arc flash PPE missing during high-voltage switchgear testing.,Moderate,31.1,MEDIUM,Clear,Day,70,0,3
INC-EXP-1237,2025-07-04,12:13,Confined Space,Excavation Area,Ventilation equipment not in place for confined space entry.,Minor,54.7,HIGH,Rain,Day,80,0,4
INC-EXP-1238,2025-09-29,13:22,Material Handling,Loading Area,Manual handling of heavy load without mechanical aid.,Near Miss,31.6,MEDIUM,Clear,Day,75,0,11
INC-EXP-1239,2024-06-28,16:34,Vehicle Movement,Road/Access Area,Pedestrian and vehicle routes not segregated.,Minor,28.8,MEDIUM,Clear,Day,72,0,6
INC-EXP-1240,2026-01-13,18:58,Electrical Work,Building Site,Overloaded circuit breaker showing signs of overheating.,Minor,35.5,MEDIUM,Clear,Day,85,0,7
INC-EXP-1241,2024-10-19,09:42,Vehicle Movement,Road/Access Area,Forklift mast elevated while traveling in shared zone.,Near Miss,50.6,HIGH,Adverse,Day,83,0,9
INC-EXP-1242,2025-11-25,19:58,Vehicle Movement,Road/Access Area,Blind spot hazard noted at site access road.,Near Miss,41.9,MEDIUM,Clear,Night,86,1,7
INC-EXP-1243,2025-01-07,07:24,Vehicle Movement,Road/Access Area,Vehicle reversing without a spotter present.,Moderate,35.2,MEDIUM,Clear,Day,72,0,5
INC-EXP-1244,2025-02-27,14:21,Confined Space,Excavation Area,Restricted egress portal partially blocked by ventilation ducting.,Near Miss,43.5,MEDIUM,Rain,Day,100,0,4
INC-EXP-1245,2025-05-31,16:15,Confined Space,Electrical Room,Emergency retrieval system not set up before entry.,Major,46.8,MEDIUM,Rain,Day,72,0,10
INC-EXP-1246,2025-02-13,19:26,Housekeeping,Warehouse,Spilled material not cleaned up promptly.,Near Miss,57.3,HIGH,Clear,Night,68,3,8
INC-EXP-1247,2024-02-13,09:32,Working at Height,Building Site,Ladder used beyond recommended height without stabilization.,Near Miss,50.1,HIGH,Clear,Day,54,0,1
INC-EXP-1248,2025-06-18,06:21,Material Handling,Loading Area,Manual handling of heavy load without mechanical aid.,Minor,27.3,LOW,Adverse,Day,83,0,2
INC-EXP-1249,2024-05-10,23:33,Vehicle Movement,Road/Access Area,Blind spot hazard noted at site access road.,Near Miss,44.7,MEDIUM,Rain,Night,98,2,3
INC-EXP-1250,2025-07-24,23:42,Vehicle Movement,Road/Access Area,Vehicle observed exceeding site speed limit.,Moderate,48.2,HIGH,Clear,Night,75,1,5
INC-EXP-1251,2024-08-26,11:43,Electrical Work,Electrical Room,Improper lockout/tagout procedure observed.,Moderate,54.2,HIGH,Adverse,Day,88,1,8
INC-EXP-1252,2025-10-31,12:46,Scaffolding,Building Site,Incomplete scaffold tagging system observed.,Major,58.2,HIGH,Windy,Day,83,1,3
INC-EXP-1253,2024-07-02,21:45,Excavation,Road/Access Area,Trench box not extended above trench crest in loose soil.,Near Miss,40.0,MEDIUM,Clear,Night,95,0,7
INC-EXP-1254,2024-06-10,09:38,Electrical Work,Electrical Room,Uninsulated temporary power distribution board in active zone.,Near Miss,41.4,MEDIUM,Clear,Day,47,0,7
INC-EXP-1255,2025-06-14,07:29,Confined Space,Electrical Room,Emergency retrieval system not set up before entry.,Near Miss,45.9,MEDIUM,Clear,Day,89,0,9
INC-EXP-1256,2024-12-24,06:17,Housekeeping,Building Site,Scrap timber with protruding nails left on ground.,Near Miss,30.2,MEDIUM,Clear,Day,77,0,2
INC-EXP-1257,2024-02-02,21:26,Lifting,Warehouse,Exclusion zone around lift not maintained.,Moderate,60.5,HIGH,Adverse,Night,79,1,3
INC-EXP-1258,2024-10-09,12:34,Scaffolding,Building Site,"Scaffold base observed on uneven, unstable ground.",Minor,23.5,LOW,Windy,Day,88,0,7
INC-EXP-1259,2024-07-03,18:40,Confined Space,Electrical Room,Emergency retrieval system not set up before entry.,Near Miss,47.3,MEDIUM,Rain,Day,80,0,9
INC-EXP-1260,2025-06-12,10:45,Housekeeping,Building Site,Tools left in walking path after task completion.,Near Miss,47.3,MEDIUM,Adverse,Day,59,0,7
INC-EXP-1261,2025-09-08,19:13,Vehicle Movement,Road/Access Area,Reversing alarm inoperative on earthmoving equipment.,Minor,17.4,LOW,Clear,Night,70,0,2
INC-EXP-1262,2025-05-27,06:51,Lifting,Warehouse,Improper lifting zone setup observed.,Near Miss,39.0,MEDIUM,Clear,Day,62,1,9
INC-EXP-1263,2025-02-05,11:47,Vehicle Movement,Road/Access Area,Reversing alarm inoperative on earthmoving equipment.,Minor,30.0,MEDIUM,Clear,Day,82,0,3
INC-EXP-1264,2024-11-08,21:28,Housekeeping,Building Site,Scrap timber with protruding nails left on ground.,Near Miss,24.3,LOW,Clear,Night,60,0,7
INC-EXP-1265,2024-04-11,17:15,Housekeeping,Building Site,Tools left in walking path after task completion.,Minor,20.4,LOW,Windy,Day,100,0,2
INC-EXP-1266,2024-05-25,07:07,Electrical Work,Electrical Room,Live electrical panel left unlocked and unattended.,Moderate,44.2,MEDIUM,Clear,Day,90,0,2
INC-EXP-1267,2024-11-21,11:42,Working at Height,Roof,Fall arrest harness not properly anchored.,Minor,61.7,HIGH,Clear,Day,68,0,9
INC-EXP-1268,2025-02-11,10:49,Material Handling,Loading Area,Obstructed walkway due to stored materials.,Near Miss,27.3,LOW,Clear,Day,100,1,6
INC-EXP-1269,2024-03-03,12:56,Confined Space,Excavation Area,No standby attendant present during confined space work.,Near Miss,66.4,CRITICAL,Windy,Day,78,2,7
INC-EXP-1270,2025-10-06,09:47,Welding,Building Site,Damaged gas hose connected to oxy-fuel cutting cylinder.,Minor,51.4,HIGH,Adverse,Day,62,0,1
INC-EXP-1271,2025-07-16,21:24,Electrical Work,Electrical Room,Overloaded circuit breaker showing signs of overheating.,Near Miss,62.8,HIGH,Rain,Night,69,0,4
INC-EXP-1272,2024-06-03,12:27,Working at Height,Roof,Static line lifeline inspection overdue during roofing installation.,Major,65.3,CRITICAL,Clear,Day,67,0,10
INC-EXP-1273,2024-02-28,06:45,Electrical Work,Electrical Room,Uninsulated temporary power distribution board in active zone.,Minor,53.4,HIGH,Rain,Day,63,0,5
INC-EXP-1274,2024-03-29,08:22,Vehicle Movement,Road/Access Area,Pedestrian and vehicle routes not segregated.,Moderate,46.7,MEDIUM,Clear,Day,80,0,6
INC-EXP-1275,2024-06-30,23:15,Housekeeping,Building Site,Tools left in walking path after task completion.,Moderate,51.6,HIGH,Clear,Night,69,3,7
INC-EXP-1276,2025-10-18,09:37,Welding,Building Site,Inadequate fume extraction during galvanized steel welding.,Minor,51.4,HIGH,Rain,Day,79,0,10
INC-EXP-1277,2024-04-29,13:35,Welding,Warehouse,Combustible solvent containers stored within hot work radius.,Near Miss,17.7,LOW,Clear,Day,82,0,4
INC-EXP-1278,2025-08-12,20:54,Welding,Warehouse,Welding conducted near flammable materials.,Near Miss,39.7,MEDIUM,Clear,Night,52,0,7
INC-EXP-1279,2024-02-29,07:20,Lifting,Warehouse,Tag line omitted during crane load swinging operation.,Near Miss,35.6,MEDIUM,Adverse,Day,85,0,2
INC-EXP-1280,2025-12-12,15:39,Electrical Work,Electrical Room,Exposed wiring near a wet work area.,Near Miss,29.2,MEDIUM,Clear,Day,95,0,1
INC-EXP-1281,2024-10-28,08:51,Material Handling,Loading Area,Pallet racking upright bent by handling equipment.,Near Miss,31.7,MEDIUM,Rain,Day,73,0,1
INC-EXP-1282,2024-07-29,18:02,Lifting,Warehouse,Sling showing visible wear used during heavy assembly hoist.,Moderate,66.3,CRITICAL,Clear,Day,58,2,1
INC-EXP-1283,2024-11-06,07:56,Lifting,Building Site,Sling showing visible wear used during heavy assembly hoist.,Minor,45.7,MEDIUM,Adverse,Day,86,0,8
INC-EXP-1284,2024-06-11,11:42,Vehicle Movement,Loading Area,Reversing alarm inoperative on earthmoving equipment.,Near Miss,28.1,MEDIUM,Clear,Day,52,0,7
INC-EXP-1285,2024-09-27,17:59,Material Handling,Warehouse,Manual handling of heavy load without mechanical aid.,Minor,31.3,MEDIUM,Clear,Day,65,1,9
INC-EXP-1286,2024-06-17,18:22,Scaffolding,Building Site,Missing toe-boards on working platform exceeding six feet.,Minor,53.4,HIGH,Adverse,Day,79,0,9
INC-EXP-1287,2025-09-25,08:29,Confined Space,Excavation Area,Confined space entry without atmospheric testing.,Moderate,56.0,HIGH,Clear,Day,72,0,9
INC-EXP-1288,2024-01-23,10:09,Scaffolding,Building Site,Incomplete scaffold tagging system observed.,Major,39.4,MEDIUM,Clear,Day,81,0,5
INC-EXP-1289,2024-01-18,09:37,Confined Space,Excavation Area,Communication failure between entrant and safety attendant.,Near Miss,42.2,MEDIUM,Clear,Day,99,0,6
INC-EXP-1290,2025-05-02,15:12,Working at Height,Roof,Fall arrest harness not properly anchored.,Moderate,67.9,CRITICAL,Clear,Day,67,1,6
INC-EXP-1291,2025-11-26,11:23,Excavation,Excavation Area,Underground utility markers ignored near mechanical digging.,Near Miss,31.9,MEDIUM,Clear,Day,93,0,4
INC-EXP-1292,2024-03-18,18:38,Electrical Work,Electrical Room,Uninsulated temporary power distribution board in active zone.,Minor,17.1,LOW,Clear,Day,99,0,7
INC-EXP-1293,2024-12-03,16:31,Vehicle Movement,Road/Access Area,Vehicle reversing without a spotter present.,Near Miss,47.5,MEDIUM,Clear,Day,58,0,9
INC-EXP-1294,2024-07-20,08:57,Working at Height,Scaffolding Area,Work on leading edge without adequate perimeter protection.,Minor,58.6,HIGH,Adverse,Day,83,1,6
INC-EXP-1295,2024-08-11,16:11,Welding,Building Site,Fire watch not posted during hot work.,Moderate,38.6,MEDIUM,Clear,Day,82,1,7
INC-EXP-1296,2025-09-12,21:50,Excavation,Excavation Area,No safe access/egress ladder provided in trench.,Minor,65.5,CRITICAL,Adverse,Night,90,1,7
INC-EXP-1297,2025-02-25,20:57,Material Handling,Warehouse,Unsecured pipes stored on slope without chocks.,Near Miss,41.3,MEDIUM,Clear,Night,81,1,2
INC-EXP-1298,2024-01-18,06:37,Material Handling,Warehouse,Unsecured pipes stored on slope without chocks.,Near Miss,29.8,MEDIUM,Rain,Day,85,0,9
INC-EXP-1299,2024-06-24,12:39,Excavation,Excavation Area,No safe access/egress ladder provided in trench.,Major,50.4,HIGH,Clear,Day,64,0,5
INC-EXP-1300,2025-08-19,21:34,Lifting,Warehouse,Improper lifting zone setup observed.,Major,14.0,LOW,Clear,Night,88,0,9
INC-EXP-1301,2024-09-20,10:04,Excavation,Road/Access Area,No safe access/egress ladder provided in trench.,Near Miss,55.9,HIGH,Adverse,Day,83,0,6
INC-EXP-1302,2025-08-16,10:06,Confined Space,Excavation Area,Permit-required confined space entry log not signed.,Minor,43.6,MEDIUM,Clear,Day,86,0,2
INC-EXP-1303,2025-05-09,08:43,Material Handling,Warehouse,Stacked materials observed in an unstable configuration.,Moderate,45.3,MEDIUM,Adverse,Day,62,0,6
INC-EXP-1304,2024-04-14,10:45,Vehicle Movement,Loading Area,Vehicle observed exceeding site speed limit.,Near Miss,38.2,MEDIUM,Rain,Day,51,0,8
INC-EXP-1305,2025-02-26,15:19,Scaffolding,Building Site,Incomplete scaffold tagging system observed.,Near Miss,47.8,MEDIUM,Windy,Day,53,0,8
INC-EXP-1306,2024-01-20,18:26,Electrical Work,Electrical Room,Uninsulated temporary power distribution board in active zone.,Major,80.0,CRITICAL,Clear,Day,84,3,13
INC-EXP-1307,2024-10-23,13:12,Housekeeping,Building Site,Spilled material not cleaned up promptly.,Near Miss,8.0,LOW,Clear,Day,83,0,3
INC-EXP-1308,2024-07-06,08:16,Welding,Building Site,Welding cables crossing wet floor without insulation mats.,Moderate,27.3,LOW,Clear,Day,85,1,1
INC-EXP-1309,2025-10-28,21:58,Excavation,Excavation Area,Water accumulation undermining trench base after rain.,Major,52.7,HIGH,Clear,Night,69,0,7
INC-EXP-1310,2025-04-26,15:03,Working at Height,Roof,Unprotected edge observed during elevated work.,Major,77.4,CRITICAL,Adverse,Day,68,0,1
INC-EXP-1311,2025-05-20,06:37,Lifting,Building Site,Load exceeded rated capacity of lifting equipment.,Major,53.0,HIGH,Adverse,Day,82,0,6
INC-EXP-1312,2025-03-12,20:19,Material Handling,Loading Area,Obstructed walkway due to stored materials.,Major,33.3,MEDIUM,Clear,Night,79,0,8
INC-EXP-1313,2025-01-26,21:13,Electrical Work,Building Site,Damaged electrical cable observed.,Near Miss,42.0,MEDIUM,Clear,Night,88,1,8
INC-EXP-1314,2025-07-22,19:42,Confined Space,Excavation Area,Communication failure between entrant and safety attendant.,Minor,49.1,HIGH,Clear,Night,100,1,9
INC-EXP-1315,2025-02-24,10:00,Electrical Work,Building Site,Uninsulated temporary power distribution board in active zone.,Major,38.1,MEDIUM,Adverse,Day,74,0,7
INC-EXP-1316,2025-03-14,21:49,Electrical Work,Building Site,Damaged electrical cable observed.,Near Miss,44.5,MEDIUM,Windy,Night,82,0,1
INC-EXP-1317,2024-12-03,06:00,Vehicle Movement,Road/Access Area,Reversing alarm inoperative on earthmoving equipment.,Near Miss,43.6,MEDIUM,Clear,Day,94,2,4
INC-EXP-1319,2025-03-04,17:25,Welding,Warehouse,Fire watch not posted during hot work.,Moderate,43.7,MEDIUM,Clear,Day,60,0,9
INC-EXP-1320,2025-09-11,07:13,Electrical Work,Electrical Room,Damaged electrical cable observed.,Minor,23.9,LOW,Rain,Day,100,0,6
INC-EXP-1321,2024-12-06,10:00,Working at Height,Scaffolding Area,Unprotected edge observed during elevated work.,Minor,39.5,MEDIUM,Clear,Day,77,0,8
INC-EXP-1322,2025-02-24,23:30,Electrical Work,Electrical Room,Improper lockout/tagout procedure observed.,Near Miss,48.2,HIGH,Clear,Night,73,1,4
INC-EXP-1323,2025-05-30,08:03,Welding,Building Site,Damaged gas hose connected to oxy-fuel cutting cylinder.,Moderate,19.2,LOW,Windy,Day,100,0,8
INC-EXP-1324,2025-06-15,21:46,Welding,Warehouse,Damaged gas hose connected to oxy-fuel cutting cylinder.,Near Miss,22.4,LOW,Rain,Night,85,0,2
INC-EXP-1325,2025-07-20,23:38,Welding,Warehouse,Fire watch not posted during hot work.,Near Miss,36.3,MEDIUM,Rain,Night,99,0,3
INC-EXP-1326,2025-12-16,19:12,Excavation,Road/Access Area,Water accumulation undermining trench base after rain.,Major,58.0,HIGH,Clear,Night,73,1,3
INC-EXP-1327,2025-03-20,10:54,Confined Space,Excavation Area,Ventilation equipment not in place for confined space entry.,Near Miss,59.4,HIGH,Clear,Day,68,0,4
INC-EXP-1328,2025-08-08,20:12,Vehicle Movement,Road/Access Area,Unattended vehicle left idling on active haul road.,Major,54.6,HIGH,Rain,Night,81,1,1
INC-EXP-1329,2024-10-14,15:35,Welding,Warehouse,Fire watch not posted during hot work.,Minor,30.2,MEDIUM,Clear,Day,90,1,10
INC-EXP-1330,2025-06-15,14:48,Housekeeping,Building Site,Debris accumulation observed in walkway.,Minor,42.6,MEDIUM,Rain,Day,74,1,4
INC-EXP-1331,2024-06-13,15:35,Material Handling,Warehouse,Manual handling of heavy load without mechanical aid.,Near Miss,13.4,LOW,Clear,Day,97,0,5
INC-EXP-1332,2024-01-03,09:29,Electrical Work,Building Site,Damaged electrical cable observed.,Minor,43.3,MEDIUM,Windy,Day,76,1,8
INC-EXP-1333,2024-04-26,16:20,Electrical Work,Building Site,Damaged electrical cable observed.,Minor,39.1,MEDIUM,Windy,Day,100,0,12
INC-EXP-1334,2024-07-20,20:35,Housekeeping,Building Site,Tools left in walking path after task completion.,Moderate,40.0,MEDIUM,Windy,Night,68,0,5
INC-EXP-1335,2025-12-01,18:06,Welding,Warehouse,Combustible solvent containers stored within hot work radius.,Minor,42.4,MEDIUM,Adverse,Day,71,0,4
INC-EXP-1336,2025-12-15,21:53,Working at Height,Roof,Unsecured tools at elevated height posing drop hazard.,Moderate,49.5,HIGH,Clear,Night,83,0,5
INC-EXP-1337,2025-10-28,15:34,Electrical Work,Building Site,Exposed wiring near a wet work area.,Near Miss,39.8,MEDIUM,Clear,Day,85,0,8
INC-EXP-1338,2025-01-03,12:35,Excavation,Excavation Area,Underground utility markers ignored near mechanical digging.,Near Miss,63.0,HIGH,Clear,Day,77,2,7
INC-EXP-1339,2025-05-12,14:18,Working at Height,Building Site,Improper harness inspection before elevated decking task.,Near Miss,57.8,HIGH,Adverse,Day,73,0,1
INC-EXP-1340,2025-08-09,16:02,Scaffolding,Scaffolding Area,Missing toe-boards on working platform exceeding six feet.,Minor,63.4,HIGH,Adverse,Day,100,2,7
INC-EXP-1341,2025-11-23,18:25,Electrical Work,Building Site,Absence of GFCI protection on portable power tools.,Near Miss,49.4,HIGH,Windy,Day,70,0,3
INC-EXP-1342,2026-01-11,18:21,Electrical Work,Building Site,Exposed wiring near a wet work area.,Minor,37.4,MEDIUM,Adverse,Day,87,0,3
INC-EXP-1343,2024-02-05,09:32,Excavation,Excavation Area,Excavation walls showing signs of instability.,Minor,37.9,MEDIUM,Clear,Day,88,0,6
INC-EXP-1344,2024-04-28,06:07,Excavation,Excavation Area,No safe access/egress ladder provided in trench.,Near Miss,46.6,MEDIUM,Adverse,Day,85,0,3
INC-EXP-1345,2026-01-05,10:04,Working at Height,Building Site,Improper harness inspection before elevated decking task.,Minor,33.3,MEDIUM,Clear,Day,82,0,6
INC-EXP-1346,2024-01-03,11:54,Confined Space,Electrical Room,No standby attendant present during confined space work.,Near Miss,59.5,HIGH,Windy,Day,79,0,7
INC-EXP-1347,2024-04-17,12:29,Confined Space,Electrical Room,Permit-required confined space entry log not signed.,Minor,54.4,HIGH,Adverse,Day,81,0,4
INC-EXP-1348,2024-11-24,14:39,Excavation,Road/Access Area,Spoil pile placed too close to excavation edge.,Near Miss,45.0,MEDIUM,Windy,Day,100,0,1
INC-EXP-1349,2025-04-12,18:58,Excavation,Excavation Area,Inadequate barricading around excavation area.,Major,57.0,HIGH,Clear,Day,76,1,8
INC-EXP-1350,2024-06-06,19:05,Material Handling,Warehouse,Improper storage of materials near a walkway.,Moderate,37.8,MEDIUM,Clear,Night,66,1,1
INC-EXP-1351,2025-03-19,16:41,Working at Height,Building Site,Unprotected edge observed during elevated work.,Minor,43.1,MEDIUM,Clear,Day,67,0,9
INC-EXP-1352,2025-04-14,09:29,Material Handling,Loading Area,Unsecured pipes stored on slope without chocks.,Near Miss,24.9,LOW,Adverse,Day,94,0,7
INC-EXP-1353,2024-06-25,15:31,Welding,Building Site,Inadequate fume extraction during galvanized steel welding.,Minor,48.2,HIGH,Clear,Day,53,0,4
INC-EXP-1354,2024-08-10,15:04,Scaffolding,Scaffolding Area,Missing guardrail on scaffold platform.,Moderate,52.0,HIGH,Adverse,Day,80,0,5
INC-EXP-1355,2025-04-17,12:18,Lifting,Building Site,Sling showing visible wear used during heavy assembly hoist.,Minor,41.1,MEDIUM,Windy,Day,84,0,1
INC-EXP-1356,2025-07-11,09:34,Material Handling,Warehouse,Pallet racking upright bent by handling equipment.,Near Miss,37.0,MEDIUM,Adverse,Day,81,0,1
INC-EXP-1357,2024-02-06,15:07,Lifting,Building Site,Exclusion zone around lift not maintained.,Moderate,46.5,MEDIUM,Rain,Day,78,1,11
INC-EXP-1358,2024-01-15,14:13,Welding,Warehouse,Welding cables crossing wet floor without insulation mats.,Near Miss,37.4,MEDIUM,Clear,Day,62,0,2
INC-EXP-1359,2025-01-14,21:58,Welding,Building Site,Combustible solvent containers stored within hot work radius.,Moderate,39.2,MEDIUM,Clear,Night,71,1,4
INC-EXP-1360,2024-03-24,14:09,Housekeeping,Warehouse,Emergency eyewash station blocked by storage boxes.,Near Miss,34.4,MEDIUM,Adverse,Day,55,0,8
INC-EXP-1361,2025-11-08,13:50,Electrical Work,Building Site,Uninsulated temporary power distribution board in active zone.,Major,53.1,HIGH,Clear,Day,58,0,4
INC-EXP-1362,2024-09-26,09:45,Material Handling,Warehouse,Obstructed walkway due to stored materials.,Near Miss,28.1,MEDIUM,Clear,Day,75,0,7
INC-EXP-1363,2024-07-09,13:25,Material Handling,Warehouse,Pallet racking upright bent by handling equipment.,Minor,23.9,LOW,Rain,Day,76,0,11
INC-EXP-1364,2024-02-16,16:17,Welding,Building Site,Combustible solvent containers stored within hot work radius.,Minor,26.6,LOW,Windy,Day,88,0,6
INC-EXP-1365,2024-08-02,14:43,Lifting,Building Site,Load exceeded rated capacity of lifting equipment.,Minor,30.0,MEDIUM,Adverse,Day,91,0,7
INC-EXP-1366,2025-03-16,21:58,Lifting,Loading Area,Sling showing visible wear used during heavy assembly hoist.,Moderate,45.0,MEDIUM,Clear,Night,59,0,4
INC-EXP-1367,2025-05-19,12:26,Electrical Work,Building Site,Exposed wiring near a wet work area.,Moderate,34.5,MEDIUM,Windy,Day,89,0,10
INC-EXP-1368,2025-05-04,23:07,Lifting,Loading Area,Sling showing visible wear used during heavy assembly hoist.,Minor,57.9,HIGH,Windy,Night,66,0,6
INC-EXP-1369,2024-03-15,16:11,Confined Space,Excavation Area,Confined space entry without atmospheric testing.,Moderate,59.8,HIGH,Windy,Day,79,0,6
INC-EXP-1370,2024-02-06,13:41,Material Handling,Warehouse,Improper storage of materials near a walkway.,Moderate,41.9,MEDIUM,Clear,Day,68,0,7
INC-EXP-1371,2025-08-17,22:15,Electrical Work,Building Site,Live electrical panel left unlocked and unattended.,Minor,26.5,LOW,Clear,Night,92,0,5
INC-EXP-1372,2025-08-04,16:48,Electrical Work,Electrical Room,Uninsulated temporary power distribution board in active zone.,Moderate,63.8,HIGH,Adverse,Day,60,0,9
INC-EXP-1373,2025-09-25,22:47,Excavation,Excavation Area,Excavation depth exceeded benching ratio requirements.,Minor,33.9,MEDIUM,Clear,Night,100,0,9
INC-EXP-1374,2025-01-23,16:00,Material Handling,Loading Area,Excessive repetitive lifting without job rotation.,Near Miss,41.1,MEDIUM,Clear,Day,67,0,6
INC-EXP-1375,2025-05-03,14:18,Confined Space,Electrical Room,Emergency retrieval system not set up before entry.,Minor,38.6,MEDIUM,Clear,Day,93,0,3
INC-EXP-1376,2025-04-21,16:10,Working at Height,Building Site,Ladder used beyond recommended height without stabilization.,Near Miss,47.0,MEDIUM,Rain,Day,69,0,1
INC-EXP-1377,2024-08-14,11:36,Scaffolding,Building Site,Damaged ladder rung on internal scaffold access tower.,Minor,24.8,LOW,Clear,Day,87,1,7
INC-EXP-1378,2025-08-13,13:25,Electrical Work,Electrical Room,Absence of GFCI protection on portable power tools.,Moderate,48.6,HIGH,Rain,Day,71,0,4
INC-EXP-1379,2024-06-29,08:42,Working at Height,Scaffolding Area,Unsecured tools at elevated height posing drop hazard.,Near Miss,71.4,CRITICAL,Clear,Day,55,1,3
INC-EXP-1380,2025-08-17,17:48,Excavation,Excavation Area,Trench box not extended above trench crest in loose soil.,Major,80.2,CRITICAL,Adverse,Day,58,1,8
INC-EXP-1381,2025-12-16,13:55,Working at Height,Scaffolding Area,Improper harness inspection before elevated decking task.,Minor,29.9,MEDIUM,Clear,Day,99,0,5
INC-EXP-1382,2024-08-09,10:31,Vehicle Movement,Road/Access Area,Vehicle reversing without a spotter present.,Near Miss,34.1,MEDIUM,Clear,Day,66,0,4
INC-EXP-1383,2024-07-10,21:39,Working at Height,Building Site,Unsecured tools at elevated height posing drop hazard.,Major,52.3,HIGH,Rain,Night,81,1,6
INC-EXP-1384,2024-06-22,19:19,Housekeeping,Warehouse,Debris accumulation observed in walkway.,Near Miss,9.3,LOW,Clear,Night,88,0,4
INC-EXP-1385,2024-05-22,20:05,Scaffolding,Building Site,Scaffold access partially obstructed.,Near Miss,54.1,HIGH,Rain,Night,63,0,3
INC-EXP-1386,2025-10-26,10:45,Vehicle Movement,Loading Area,Vehicle reversing without a spotter present.,Major,27.4,LOW,Clear,Day,91,0,7
INC-EXP-1387,2024-02-07,12:09,Lifting,Building Site,Improper lifting zone setup observed.,Near Miss,45.5,MEDIUM,Clear,Day,67,0,7
INC-EXP-1388,2024-11-11,08:32,Welding,Building Site,Inadequate fume extraction during galvanized steel welding.,Minor,48.2,HIGH,Adverse,Day,93,1,4
INC-EXP-1389,2025-11-18,22:32,Material Handling,Loading Area,Manual handling of heavy load without mechanical aid.,Minor,61.2,HIGH,Clear,Night,62,3,5
INC-EXP-1390,2025-09-03,06:40,Vehicle Movement,Loading Area,Unattended vehicle left idling on active haul road.,Minor,52.4,HIGH,Adverse,Day,80,1,4
INC-EXP-1391,2025-12-28,23:16,Electrical Work,Building Site,Overloaded circuit breaker showing signs of overheating.,Minor,58.3,HIGH,Adverse,Night,70,0,6
INC-EXP-1392,2024-02-15,19:13,Vehicle Movement,Loading Area,Pedestrian and vehicle routes not segregated.,Moderate,60.9,HIGH,Clear,Night,82,2,9
INC-EXP-1393,2025-06-07,19:31,Housekeeping,Warehouse,Liquid chemical spill without containment barrier.,Near Miss,27.4,LOW,Clear,Night,72,1,7
INC-EXP-1394,2025-07-08,07:25,Confined Space,Electrical Room,Ventilation equipment not in place for confined space entry.,Major,68.2,CRITICAL,Clear,Day,67,1,4
INC-EXP-1395,2024-08-12,10:22,Confined Space,Electrical Room,Permit-required confined space entry log not signed.,Major,69.2,CRITICAL,Windy,Day,74,0,6
INC-EXP-1396,2024-01-16,11:49,Confined Space,Excavation Area,No standby attendant present during confined space work.,Minor,50.4,HIGH,Rain,Day,74,0,5
INC-EXP-1397,2025-08-10,20:54,Material Handling,Warehouse,Unsecured pipes stored on slope without chocks.,Moderate,18.6,LOW,Clear,Night,75,0,3
INC-EXP-1398,2025-04-19,16:09,Housekeeping,Building Site,Inadequate lighting along primary pedestrian egress corridor.,Near Miss,23.1,LOW,Rain,Day,78,0,5
INC-EXP-1399,2025-10-04,07:36,Excavation,Road/Access Area,Excavation walls showing signs of instability.,Major,57.2,HIGH,Clear,Day,63,0,4
INC-EXP-1400,2025-04-12,20:54,Working at Height,Roof,Static line lifeline inspection overdue during roofing installation.,Moderate,57.9,HIGH,Clear,Night,97,0,10
INC-EXP-1401,2024-10-26,17:50,Material Handling,Warehouse,Unsecured pipes stored on slope without chocks.,Near Miss,13.4,LOW,Clear,Day,100,0,3
INC-EXP-1402,2025-08-29,14:28,Excavation,Road/Access Area,No safe access/egress ladder provided in trench.,Near Miss,37.6,MEDIUM,Rain,Day,91,0,6
INC-EXP-1403,2024-03-04,17:56,Confined Space,Electrical Room,No standby attendant present during confined space work.,Minor,41.7,MEDIUM,Clear,Day,81,0,5
INC-EXP-1404,2024-11-23,13:05,Electrical Work,Building Site,Live electrical panel left unlocked and unattended.,Minor,49.1,HIGH,Rain,Day,72,0,11
INC-EXP-1405,2024-05-28,08:48,Vehicle Movement,Road/Access Area,Vehicle observed exceeding site speed limit.,Near Miss,41.3,MEDIUM,Clear,Day,82,1,1
INC-EXP-1406,2024-12-15,23:56,Lifting,Building Site,Tandem lift performed without approved lift plan.,Minor,47.9,MEDIUM,Clear,Night,98,1,8
INC-EXP-1407,2025-12-04,11:29,Welding,Warehouse,Fire watch not posted during hot work.,Moderate,37.7,MEDIUM,Clear,Day,64,0,5
INC-EXP-1408,2025-05-17,17:57,Lifting,Building Site,Improper lifting zone setup observed.,Minor,41.7,MEDIUM,Clear,Day,71,0,6
INC-EXP-1409,2025-08-08,14:46,Welding,Building Site,Combustible solvent containers stored within hot work radius.,Near Miss,55.8,HIGH,Rain,Day,68,0,7
INC-EXP-1410,2025-12-07,07:41,Electrical Work,Building Site,Absence of GFCI protection on portable power tools.,Minor,53.4,HIGH,Clear,Day,63,1,6
INC-EXP-1411,2024-08-11,07:07,Electrical Work,Building Site,Live electrical panel left unlocked and unattended.,Near Miss,31.3,MEDIUM,Clear,Day,72,0,7
INC-EXP-1412,2024-12-15,10:08,Housekeeping,Warehouse,Emergency eyewash station blocked by storage boxes.,Minor,26.8,LOW,Clear,Day,60,0,6
INC-EXP-1413,2024-11-28,10:18,Excavation,Road/Access Area,No safe access/egress ladder provided in trench.,Major,45.4,MEDIUM,Adverse,Day,97,0,5
INC-EXP-1414,2024-06-07,09:03,Housekeeping,Warehouse,Tools left in walking path after task completion.,Minor,19.1,LOW,Clear,Day,82,0,5
INC-EXP-1415,2024-06-08,20:31,Excavation,Road/Access Area,Water accumulation undermining trench base after rain.,Minor,55.4,HIGH,Adverse,Night,82,0,7
INC-EXP-1416,2025-02-02,23:22,Working at Height,Scaffolding Area,Ladder used beyond recommended height without stabilization.,Major,75.9,CRITICAL,Windy,Night,74,1,9
INC-EXP-1417,2025-04-07,18:51,Electrical Work,Building Site,Exposed wiring near a wet work area.,Near Miss,21.4,LOW,Clear,Day,99,1,1
INC-EXP-1418,2025-12-25,10:35,Confined Space,Excavation Area,Confined space entry without atmospheric testing.,Near Miss,45.8,MEDIUM,Clear,Day,91,0,2
INC-EXP-1419,2026-01-13,06:33,Welding,Warehouse,Welding conducted near flammable materials.,Moderate,48.4,HIGH,Windy,Day,53,0,7
INC-EXP-1420,2025-07-26,13:11,Lifting,Warehouse,Tandem lift performed without approved lift plan.,Near Miss,43.5,MEDIUM,Windy,Day,88,2,2
INC-EXP-1421,2024-06-09,16:38,Electrical Work,Electrical Room,Overloaded circuit breaker showing signs of overheating.,Near Miss,51.3,HIGH,Clear,Day,76,0,10
INC-EXP-1422,2025-01-05,12:18,Lifting,Building Site,Tandem lift performed without approved lift plan.,Near Miss,43.4,MEDIUM,Clear,Day,65,0,5
INC-EXP-1423,2026-01-10,18:45,Housekeeping,Warehouse,Obstruction observed blocking emergency access route.,Minor,4.4,LOW,Clear,Day,82,0,1
INC-EXP-1424,2025-06-16,11:09,Confined Space,Excavation Area,Continuous gas monitor calibrated incorrectly before entry.,Major,67.3,CRITICAL,Clear,Day,53,0,11
INC-EXP-1425,2025-05-18,11:01,Housekeeping,Warehouse,Inadequate lighting along primary pedestrian egress corridor.,Near Miss,33.5,MEDIUM,Clear,Day,66,0,1
INC-EXP-1426,2025-02-23,16:39,Welding,Building Site,Inadequate ventilation observed during welding task.,Minor,43.3,MEDIUM,Adverse,Day,72,0,5
INC-EXP-1427,2025-10-24,16:24,Material Handling,Loading Area,Heavy drum handled without designated drum gripper.,Near Miss,27.4,LOW,Rain,Day,75,0,8
INC-EXP-1428,2025-02-08,11:22,Working at Height,Roof,Fall arrest harness not properly anchored.,Major,57.7,HIGH,Clear,Day,69,0,2
INC-EXP-1429,2025-11-08,06:51,Welding,Warehouse,Welding screen missing in shared work area.,Moderate,55.5,HIGH,Rain,Day,63,0,8
INC-EXP-1430,2025-07-12,19:05,Confined Space,Excavation Area,No standby attendant present during confined space work.,Minor,52.2,HIGH,Clear,Night,72,0,7
INC-EXP-1431,2025-01-16,18:22,Scaffolding,Building Site,Incomplete scaffold tagging system observed.,Near Miss,44.2,MEDIUM,Windy,Day,76,0,2
INC-EXP-1432,2024-04-03,22:51,Working at Height,Roof,Improper harness inspection before elevated decking task.,Moderate,74.8,CRITICAL,Adverse,Night,62,0,2
INC-EXP-1433,2025-10-23,13:38,Welding,Building Site,Inadequate fume extraction during galvanized steel welding.,Major,25.4,LOW,Adverse,Day,100,0,1
INC-EXP-1434,2025-09-21,15:31,Welding,Building Site,Welding conducted near flammable materials.,Minor,26.9,LOW,Rain,Day,85,0,2
INC-EXP-1435,2024-06-23,14:24,Confined Space,Electrical Room,Confined space entry without atmospheric testing.,Near Miss,31.6,MEDIUM,Clear,Day,100,0,5
INC-EXP-1436,2024-08-01,08:07,Confined Space,Electrical Room,Communication failure between entrant and safety attendant.,Major,81.7,CRITICAL,Rain,Day,82,3,1
INC-EXP-1437,2025-12-04,09:44,Vehicle Movement,Road/Access Area,Vehicle observed exceeding site speed limit.,Major,16.6,LOW,Clear,Day,81,0,8
INC-EXP-1438,2025-10-29,14:13,Housekeeping,Warehouse,Liquid chemical spill without containment barrier.,Near Miss,14.3,LOW,Clear,Day,81,0,8
INC-EXP-1439,2025-11-01,16:42,Vehicle Movement,Loading Area,Forklift mast elevated while traveling in shared zone.,Near Miss,50.1,HIGH,Adverse,Day,61,0,4
INC-EXP-1440,2025-09-07,20:38,Housekeeping,Building Site,Debris accumulation observed in walkway.,Minor,36.7,MEDIUM,Rain,Night,54,0,7
INC-EXP-1441,2025-04-04,20:01,Working at Height,Building Site,Ladder used beyond recommended height without stabilization.,Minor,46.8,MEDIUM,Rain,Night,85,0,10
INC-EXP-1442,2024-07-03,14:43,Confined Space,Excavation Area,Restricted egress portal partially blocked by ventilation ducting.,Near Miss,57.0,HIGH,Clear,Day,64,0,6
INC-EXP-1443,2024-10-03,15:39,Confined Space,Electrical Room,Emergency retrieval system not set up before entry.,Moderate,70.8,CRITICAL,Rain,Day,88,3,6
INC-EXP-1444,2025-11-07,21:43,Confined Space,Excavation Area,Continuous gas monitor calibrated incorrectly before entry.,Minor,54.1,HIGH,Rain,Night,77,0,8
INC-EXP-1445,2024-11-26,14:55,Electrical Work,Electrical Room,Absence of GFCI protection on portable power tools.,Minor,47.7,MEDIUM,Clear,Day,97,2,5
INC-EXP-1446,2025-08-01,09:37,Electrical Work,Building Site,Overloaded circuit breaker showing signs of overheating.,Major,32.6,MEDIUM,Clear,Day,72,0,9
INC-EXP-1447,2025-10-20,06:09,Excavation,Road/Access Area,Spoil pile placed too close to excavation edge.,Near Miss,48.9,HIGH,Windy,Day,76,0,6
INC-EXP-1448,2025-10-19,21:35,Confined Space,Electrical Room,Restricted egress portal partially blocked by ventilation ducting.,Major,54.7,HIGH,Clear,Night,75,0,2
INC-EXP-1449,2024-11-11,12:24,Electrical Work,Building Site,Absence of GFCI protection on portable power tools.,Near Miss,31.1,MEDIUM,Clear,Day,82,0,1
INC-EXP-1450,2024-05-08,09:02,Material Handling,Warehouse,Unsecured pipes stored on slope without chocks.,Minor,32.2,MEDIUM,Clear,Day,63,0,7
INC-EXP-1451,2025-02-18,21:58,Working at Height,Scaffolding Area,Ladder used beyond recommended height without stabilization.,Near Miss,59.6,HIGH,Rain,Night,97,0,3
INC-EXP-1452,2025-12-24,10:33,Working at Height,Building Site,Work on leading edge without adequate perimeter protection.,Moderate,35.5,MEDIUM,Clear,Day,100,0,1
INC-EXP-1453,2024-10-25,13:18,Excavation,Road/Access Area,Trench box not extended above trench crest in loose soil.,Near Miss,43.0,MEDIUM,Clear,Day,74,0,9
INC-EXP-1454,2025-04-23,18:38,Vehicle Movement,Loading Area,Pedestrian and vehicle routes not segregated.,Near Miss,42.6,MEDIUM,Rain,Day,69,0,7
INC-EXP-1455,2024-01-13,06:21,Housekeeping,Warehouse,Obstruction observed blocking emergency access route.,Minor,69.3,CRITICAL,Adverse,Day,84,3,9
INC-EXP-1456,2025-10-14,20:48,Scaffolding,Scaffolding Area,Missing guardrail on scaffold platform.,Minor,48.3,HIGH,Clear,Night,55,0,6
INC-EXP-1457,2024-03-14,23:03,Housekeeping,Warehouse,Tools left in walking path after task completion.,Near Miss,36.0,MEDIUM,Clear,Night,57,0,3
INC-EXP-1458,2024-03-19,09:36,Housekeeping,Building Site,Spilled material not cleaned up promptly.,Moderate,41.9,MEDIUM,Adverse,Day,90,3,10
INC-EXP-1459,2024-03-02,21:13,Material Handling,Loading Area,Manual handling of heavy load without mechanical aid.,Minor,30.3,MEDIUM,Windy,Night,85,0,6
INC-EXP-1460,2025-03-30,10:07,Confined Space,Electrical Room,Continuous gas monitor calibrated incorrectly before entry.,Minor,56.2,HIGH,Windy,Day,77,0,11
INC-EXP-1461,2024-04-18,16:23,Welding,Building Site,Welding cables crossing wet floor without insulation mats.,Near Miss,38.3,MEDIUM,Rain,Day,74,0,2
INC-EXP-1462,2025-02-13,14:25,Working at Height,Scaffolding Area,Fall arrest harness not properly anchored.,Moderate,78.6,CRITICAL,Adverse,Day,64,0,1
INC-EXP-1463,2024-10-26,11:14,Housekeeping,Building Site,Inadequate lighting along primary pedestrian egress corridor.,Near Miss,7.3,LOW,Rain,Day,91,0,1
INC-EXP-1464,2025-01-09,21:05,Working at Height,Building Site,Worker observed near roof edge without guardrail.,Minor,52.3,HIGH,Clear,Night,72,0,7
INC-EXP-1465,2024-02-13,18:09,Confined Space,Excavation Area,Communication failure between entrant and safety attendant.,Major,35.3,MEDIUM,Clear,Day,100,0,4
INC-EXP-1466,2024-10-11,18:19,Vehicle Movement,Loading Area,Missing high-visibility delineator posts along haul ramp.,Minor,45.9,MEDIUM,Rain,Day,57,0,5
INC-EXP-1467,2024-07-04,15:06,Welding,Building Site,Welding conducted near flammable materials.,Near Miss,38.4,MEDIUM,Clear,Day,90,1,2
INC-EXP-1468,2024-04-23,19:40,Confined Space,Excavation Area,Confined space entry without atmospheric testing.,Major,86.1,CRITICAL,Clear,Night,84,3,3
INC-EXP-1469,2024-09-20,14:58,Scaffolding,Scaffolding Area,Incomplete scaffold tagging system observed.,Moderate,39.3,MEDIUM,Clear,Day,71,0,5
INC-EXP-1470,2025-11-17,13:03,Electrical Work,Electrical Room,Exposed wiring near a wet work area.,Minor,41.8,MEDIUM,Clear,Day,67,0,2
INC-EXP-1471,2025-07-25,06:44,Excavation,Excavation Area,Excavation depth exceeded benching ratio requirements.,Near Miss,45.4,MEDIUM,Clear,Day,99,0,3
INC-EXP-1472,2025-05-03,14:33,Housekeeping,Building Site,Inadequate lighting along primary pedestrian egress corridor.,Near Miss,20.4,LOW,Rain,Day,78,0,9
INC-EXP-1473,2024-06-08,14:39,Vehicle Movement,Loading Area,Unattended vehicle left idling on active haul road.,Near Miss,34.7,MEDIUM,Clear,Day,83,0,4
INC-EXP-1474,2024-01-13,20:59,Welding,Building Site,Combustible solvent containers stored within hot work radius.,Major,70.6,CRITICAL,Windy,Night,52,2,2
INC-EXP-1475,2024-04-23,17:58,Housekeeping,Warehouse,Inadequate lighting along primary pedestrian egress corridor.,Near Miss,18.2,LOW,Windy,Day,84,0,5
INC-EXP-1476,2024-04-06,13:52,Material Handling,Warehouse,Stacked materials observed in an unstable configuration.,Moderate,43.9,MEDIUM,Clear,Day,61,1,3
INC-EXP-1477,2025-02-16,23:41,Lifting,Building Site,Tandem lift performed without approved lift plan.,Near Miss,24.5,LOW,Clear,Night,86,0,7
INC-EXP-1478,2025-06-23,13:25,Housekeeping,Building Site,Obstruction observed blocking emergency access route.,Minor,52.0,HIGH,Rain,Day,58,1,1
INC-EXP-1479,2025-12-14,16:29,Material Handling,Loading Area,Heavy drum handled without designated drum gripper.,Major,20.8,LOW,Clear,Day,81,0,4
INC-EXP-1480,2025-12-27,23:39,Working at Height,Scaffolding Area,Ladder used beyond recommended height without stabilization.,Minor,53.5,HIGH,Adverse,Night,93,0,7
INC-EXP-1481,2024-06-01,06:22,Material Handling,Warehouse,Improper storage of materials near a walkway.,Minor,28.2,MEDIUM,Clear,Day,80,1,9
INC-EXP-1482,2024-02-17,13:11,Welding,Warehouse,Welding conducted near flammable materials.,Moderate,48.9,HIGH,Windy,Day,67,0,8
INC-EXP-1483,2024-04-11,19:34,Electrical Work,Electrical Room,Arc flash PPE missing during high-voltage switchgear testing.,Minor,60.3,HIGH,Clear,Night,67,2,6
INC-EXP-1484,2024-04-06,22:49,Welding,Warehouse,Welding conducted near flammable materials.,Moderate,47.6,MEDIUM,Rain,Night,67,0,1
INC-EXP-1485,2024-12-23,10:38,Working at Height,Scaffolding Area,Fall arrest harness not properly anchored.,Moderate,85.3,CRITICAL,Rain,Day,67,1,7
INC-EXP-1486,2024-03-19,17:09,Confined Space,Excavation Area,Communication failure between entrant and safety attendant.,Near Miss,42.9,MEDIUM,Clear,Day,77,1,4
INC-EXP-1487,2025-02-08,09:58,Scaffolding,Scaffolding Area,Overloaded scaffold bay holding excess brick pallets.,Moderate,40.9,MEDIUM,Clear,Day,75,0,9
INC-EXP-1488,2024-01-14,22:40,Welding,Warehouse,Fire watch not posted during hot work.,Moderate,41.8,MEDIUM,Clear,Night,73,1,5
INC-EXP-1489,2024-07-21,13:09,Vehicle Movement,Loading Area,Missing high-visibility delineator posts along haul ramp.,Minor,33.9,MEDIUM,Clear,Day,57,1,4
INC-EXP-1490,2024-06-28,07:19,Vehicle Movement,Road/Access Area,Unattended vehicle left idling on active haul road.,Near Miss,17.1,LOW,Clear,Day,78,0,4
INC-EXP-1491,2025-04-18,06:22,Lifting,Warehouse,Load exceeded rated capacity of lifting equipment.,Major,51.3,HIGH,Adverse,Day,92,2,7
INC-EXP-1492,2025-02-08,09:48,Confined Space,Electrical Room,No standby attendant present during confined space work.,Major,59.2,HIGH,Clear,Day,45,1,2
INC-EXP-1493,2024-12-23,10:54,Vehicle Movement,Loading Area,Reversing alarm inoperative on earthmoving equipment.,Minor,42.1,MEDIUM,Rain,Day,66,0,5
INC-EXP-1494,2025-11-01,21:14,Electrical Work,Building Site,Damaged electrical cable observed.,Minor,74.8,CRITICAL,Adverse,Night,64,1,3
INC-EXP-1495,2024-04-14,20:02,Lifting,Warehouse,Improper lifting zone setup observed.,Minor,22.2,LOW,Clear,Night,95,0,7
INC-EXP-1496,2025-11-26,18:36,Lifting,Warehouse,Rigging inspection not completed before lift.,Minor,28.3,MEDIUM,Clear,Day,70,0,3
INC-EXP-1497,2024-03-04,08:48,Lifting,Building Site,Sling showing visible wear used during heavy assembly hoist.,Moderate,42.7,MEDIUM,Clear,Day,75,1,8
INC-EXP-1498,2025-08-26,17:20,Housekeeping,Building Site,Emergency eyewash station blocked by storage boxes.,Minor,16.9,LOW,Adverse,Day,91,0,6
INC-EXP-1499,2024-03-03,16:49,Confined Space,Excavation Area,Communication failure between entrant and safety attendant.,Major,64.4,HIGH,Adverse,Day,89,0,6
INC-EXP-1500,2024-05-28,11:55,Confined Space,Excavation Area,Restricted egress portal partially blocked by ventilation ducting.,Minor,60.2,HIGH,Adverse,Day,83,0,7
INC-EXP-1501,2024-09-02,16:29,Housekeeping,Warehouse,Debris accumulation observed in walkway.,Minor,41.9,MEDIUM,Clear,Day,64,0,15
INC-EXP-1502,2024-04-01,06:00,Lifting,Loading Area,Tandem lift performed without approved lift plan.,Moderate,65.1,CRITICAL,Adverse,Day,63,0,9
INC-EXP-1503,2024-09-17,17:29,Excavation,Road/Access Area,Excavation walls showing signs of instability.,Major,46.3,MEDIUM,Clear,Day,70,1,3
INC-EXP-1504,2025-06-23,08:03,Scaffolding,Building Site,Missing guardrail on scaffold platform.,Moderate,21.2,LOW,Clear,Day,81,0,9
INC-EXP-1505,2025-01-26,15:25,Housekeeping,Building Site,Scrap timber with protruding nails left on ground.,Near Miss,20.2,LOW,Rain,Day,85,0,8
INC-EXP-1506,2024-08-24,06:10,Confined Space,Electrical Room,Communication failure between entrant and safety attendant.,Near Miss,63.8,HIGH,Clear,Day,80,2,6
INC-EXP-1507,2024-08-24,07:40,Confined Space,Electrical Room,Ventilation equipment not in place for confined space entry.,Moderate,58.7,HIGH,Clear,Day,67,0,7
INC-EXP-1508,2024-04-27,11:36,Working at Height,Roof,Static line lifeline inspection overdue during roofing installation.,Moderate,48.9,HIGH,Clear,Day,78,0,9
INC-EXP-1509,2025-01-31,16:24,Vehicle Movement,Road/Access Area,Blind spot hazard noted at site access road.,Near Miss,26.1,LOW,Clear,Day,70,0,8
INC-EXP-1510,2025-04-13,23:16,Material Handling,Warehouse,Obstructed walkway due to stored materials.,Near Miss,32.5,MEDIUM,Clear,Night,70,0,4
INC-EXP-1511,2025-04-26,13:38,Confined Space,Excavation Area,Restricted egress portal partially blocked by ventilation ducting.,Major,50.5,HIGH,Clear,Day,96,1,4
INC-EXP-1512,2025-10-17,10:29,Working at Height,Roof,Worker observed near roof edge without guardrail.,Minor,67.5,CRITICAL,Adverse,Day,50,0,7
INC-EXP-1513,2024-08-24,11:17,Electrical Work,Building Site,Damaged electrical cable observed.,Near Miss,37.1,MEDIUM,Clear,Day,100,0,3
INC-EXP-1514,2024-07-17,13:00,Housekeeping,Warehouse,Emergency eyewash station blocked by storage boxes.,Minor,11.1,LOW,Clear,Day,76,0,2
INC-EXP-1515,2025-03-10,18:30,Welding,Warehouse,Welding cables crossing wet floor without insulation mats.,Minor,31.3,MEDIUM,Clear,Day,93,0,7
INC-EXP-1516,2024-05-08,20:06,Confined Space,Electrical Room,Restricted egress portal partially blocked by ventilation ducting.,Moderate,84.8,CRITICAL,Adverse,Night,69,0,7
INC-EXP-1517,2024-06-17,18:59,Housekeeping,Warehouse,Liquid chemical spill without containment barrier.,Near Miss,0.0,LOW,Clear,Day,89,0,5
INC-EXP-1518,2025-03-11,11:16,Lifting,Building Site,Sling showing visible wear used during heavy assembly hoist.,Near Miss,33.2,MEDIUM,Clear,Day,82,0,8
INC-EXP-1519,2024-07-19,22:50,Electrical Work,Electrical Room,Exposed wiring near a wet work area.,Moderate,47.7,MEDIUM,Clear,Night,73,1,5
INC-EXP-1520,2025-02-10,12:55,Welding,Warehouse,Welding screen missing in shared work area.,Minor,42.7,MEDIUM,Adverse,Day,87,1,5
INC-EXP-1521,2025-05-05,09:53,Welding,Building Site,Inadequate ventilation observed during welding task.,Moderate,41.0,MEDIUM,Rain,Day,79,0,7
INC-EXP-1522,2024-10-17,19:15,Excavation,Excavation Area,Water accumulation undermining trench base after rain.,Near Miss,70.2,CRITICAL,Rain,Night,60,0,4
INC-EXP-1523,2025-08-30,23:56,Electrical Work,Electrical Room,Overloaded circuit breaker showing signs of overheating.,Minor,30.7,MEDIUM,Clear,Night,100,0,2
INC-EXP-1524,2024-10-12,17:17,Housekeeping,Warehouse,Emergency eyewash station blocked by storage boxes.,Near Miss,34.5,MEDIUM,Adverse,Day,83,0,6
INC-EXP-1525,2025-10-18,12:24,Confined Space,Excavation Area,Confined space entry without atmospheric testing.,Major,52.9,HIGH,Adverse,Day,85,0,8
INC-EXP-1526,2024-01-17,19:52,Material Handling,Loading Area,Unsecured pipes stored on slope without chocks.,Moderate,27.1,LOW,Clear,Night,89,1,3
INC-EXP-1527,2025-12-22,13:19,Scaffolding,Scaffolding Area,Overloaded scaffold bay holding excess brick pallets.,Near Miss,58.1,HIGH,Rain,Day,58,0,2
INC-EXP-1528,2024-04-29,11:19,Excavation,Excavation Area,Underground utility markers ignored near mechanical digging.,Moderate,75.8,CRITICAL,Rain,Day,68,1,4
INC-EXP-1529,2025-02-22,13:00,Working at Height,Building Site,Unprotected edge observed during elevated work.,Major,55.4,HIGH,Clear,Day,81,0,7
INC-EXP-1530,2024-03-07,21:21,Excavation,Road/Access Area,No safe access/egress ladder provided in trench.,Minor,50.7,HIGH,Clear,Night,43,0,8
INC-EXP-1531,2025-09-01,17:27,Housekeeping,Warehouse,Obstruction observed blocking emergency access route.,Near Miss,6.4,LOW,Clear,Day,86,0,13
INC-EXP-1532,2025-09-05,09:08,Vehicle Movement,Loading Area,Reversing alarm inoperative on earthmoving equipment.,Minor,10.7,LOW,Clear,Day,97,0,8
INC-EXP-1533,2025-01-25,10:15,Excavation,Excavation Area,No safe access/egress ladder provided in trench.,Major,79.9,CRITICAL,Rain,Day,66,2,10
INC-EXP-1534,2024-12-17,23:24,Lifting,Warehouse,Sling showing visible wear used during heavy assembly hoist.,Minor,42.2,MEDIUM,Clear,Night,81,1,4
INC-EXP-1535,2024-10-20,23:12,Housekeeping,Building Site,Tools left in walking path after task completion.,Near Miss,27.5,LOW,Windy,Night,85,1,5
INC-EXP-1536,2024-01-03,10:51,Confined Space,Excavation Area,Continuous gas monitor calibrated incorrectly before entry.,Moderate,82.4,CRITICAL,Adverse,Day,71,1,4
INC-EXP-1537,2025-03-01,18:52,Lifting,Building Site,Tandem lift performed without approved lift plan.,Moderate,44.6,MEDIUM,Clear,Day,61,0,5
INC-EXP-1538,2024-02-22,15:24,Scaffolding,Building Site,Scaffold access partially obstructed.,Minor,39.1,MEDIUM,Adverse,Day,74,0,3
INC-EXP-1539,2025-07-29,13:35,Excavation,Excavation Area,Trench box not extended above trench crest in loose soil.,Moderate,62.0,HIGH,Windy,Day,61,0,7
INC-EXP-1540,2025-04-11,12:57,Lifting,Warehouse,Tandem lift performed without approved lift plan.,Near Miss,29.6,MEDIUM,Clear,Day,81,0,5
INC-EXP-1541,2025-08-02,15:59,Working at Height,Building Site,Ladder used beyond recommended height without stabilization.,Moderate,49.8,HIGH,Rain,Day,82,0,6
INC-EXP-1542,2024-04-13,18:49,Housekeeping,Building Site,Obstruction observed blocking emergency access route.,Near Miss,36.7,MEDIUM,Clear,Day,66,1,6
INC-EXP-1543,2024-08-01,13:43,Lifting,Building Site,Load exceeded rated capacity of lifting equipment.,Near Miss,84.5,CRITICAL,Adverse,Day,66,1,8
INC-EXP-1544,2025-02-26,13:13,Lifting,Building Site,Crane outrigger placed on uncompacted soil.,Moderate,49.4,HIGH,Windy,Day,87,1,10
INC-EXP-1545,2024-06-20,20:20,Housekeeping,Building Site,Emergency eyewash station blocked by storage boxes.,Moderate,36.2,MEDIUM,Adverse,Night,72,0,3
INC-EXP-1546,2025-03-06,09:25,Excavation,Road/Access Area,Trench box not extended above trench crest in loose soil.,Major,29.7,MEDIUM,Rain,Day,87,0,8
INC-EXP-1547,2024-11-05,13:11,Welding,Building Site,Welding screen missing in shared work area.,Near Miss,65.5,CRITICAL,Adverse,Day,66,0,7
INC-EXP-1548,2024-01-08,15:52,Lifting,Warehouse,Sling showing visible wear used during heavy assembly hoist.,Near Miss,43.8,MEDIUM,Rain,Day,55,0,13
INC-EXP-1549,2024-05-28,11:40,Electrical Work,Electrical Room,Absence of GFCI protection on portable power tools.,Moderate,58.3,HIGH,Clear,Day,77,2,5
INC-EXP-1550,2025-12-26,19:41,Electrical Work,Electrical Room,Live electrical panel left unlocked and unattended.,Minor,48.3,HIGH,Clear,Night,71,0,4
INC-EXP-1551,2024-02-19,19:24,Working at Height,Roof,Work on leading edge without adequate perimeter protection.,Major,72.5,CRITICAL,Clear,Night,62,0,5
INC-EXP-1552,2025-10-16,11:26,Confined Space,Electrical Room,Communication failure between entrant and safety attendant.,Minor,34.3,MEDIUM,Rain,Day,85,0,4
INC-EXP-1553,2025-06-06,23:54,Vehicle Movement,Road/Access Area,Unattended vehicle left idling on active haul road.,Moderate,22.4,LOW,Clear,Night,86,0,4
INC-EXP-1554,2025-02-25,13:44,Scaffolding,Scaffolding Area,Missing guardrail on scaffold platform.,Moderate,43.0,MEDIUM,Clear,Day,58,0,4
INC-EXP-1555,2025-04-05,15:33,Welding,Warehouse,Damaged gas hose connected to oxy-fuel cutting cylinder.,Minor,19.3,LOW,Clear,Day,85,0,1
INC-EXP-1556,2025-11-16,11:40,Excavation,Road/Access Area,Excavation depth exceeded benching ratio requirements.,Minor,31.1,MEDIUM,Clear,Day,100,0,11
INC-EXP-1557,2025-03-04,20:54,Electrical Work,Building Site,Absence of GFCI protection on portable power tools.,Near Miss,51.0,HIGH,Clear,Night,76,0,4
INC-EXP-1558,2025-07-31,16:24,Housekeeping,Warehouse,Scrap timber with protruding nails left on ground.,Minor,28.4,MEDIUM,Adverse,Day,90,0,6
INC-EXP-1559,2024-08-04,06:26,Working at Height,Building Site,Unprotected edge observed during elevated work.,Moderate,68.2,CRITICAL,Clear,Day,51,0,4
INC-EXP-1560,2025-10-08,17:44,Working at Height,Building Site,Worker observed near roof edge without guardrail.,Major,51.1,HIGH,Rain,Day,81,0,13
INC-EXP-1561,2024-08-16,06:25,Material Handling,Loading Area,Excessive repetitive lifting without job rotation.,Near Miss,44.0,MEDIUM,Clear,Day,62,1,2
INC-EXP-1562,2024-09-09,14:50,Scaffolding,Building Site,Incomplete scaffold tagging system observed.,Moderate,69.8,CRITICAL,Adverse,Day,57,0,6
INC-EXP-1563,2025-03-30,20:28,Electrical Work,Electrical Room,Uninsulated temporary power distribution board in active zone.,Major,74.3,CRITICAL,Clear,Night,75,3,8
INC-EXP-1564,2025-04-28,08:12,Excavation,Road/Access Area,Inadequate barricading around excavation area.,Minor,33.6,MEDIUM,Clear,Day,84,0,5
INC-EXP-1565,2025-02-19,08:20,Excavation,Road/Access Area,Underground utility markers ignored near mechanical digging.,Major,59.1,HIGH,Rain,Day,62,0,5
INC-EXP-1566,2025-12-07,12:04,Excavation,Excavation Area,Inadequate barricading around excavation area.,Near Miss,31.2,MEDIUM,Windy,Day,94,0,1
INC-EXP-1567,2025-04-20,21:15,Working at Height,Building Site,Work on leading edge without adequate perimeter protection.,Moderate,54.8,HIGH,Clear,Night,77,1,8
INC-EXP-1568,2025-07-24,09:17,Vehicle Movement,Loading Area,Forklift mast elevated while traveling in shared zone.,Minor,36.2,MEDIUM,Clear,Day,65,0,2
INC-EXP-1569,2024-06-04,19:47,Scaffolding,Scaffolding Area,"Scaffold base observed on uneven, unstable ground.",Minor,36.6,MEDIUM,Rain,Night,97,0,5
INC-EXP-1570,2024-01-02,06:19,Confined Space,Electrical Room,No standby attendant present during confined space work.,Minor,52.1,HIGH,Clear,Day,80,0,1
INC-EXP-1571,2024-09-24,16:41,Electrical Work,Building Site,Overloaded circuit breaker showing signs of overheating.,Near Miss,47.5,MEDIUM,Clear,Day,62,0,9
INC-EXP-1572,2025-12-02,17:44,Electrical Work,Electrical Room,Uninsulated temporary power distribution board in active zone.,Major,58.2,HIGH,Clear,Day,35,0,12
INC-EXP-1573,2024-05-17,20:55,Material Handling,Warehouse,Pallet racking upright bent by handling equipment.,Minor,33.9,MEDIUM,Rain,Night,89,0,7
INC-EXP-1574,2025-05-27,12:27,Electrical Work,Electrical Room,Exposed wiring near a wet work area.,Near Miss,52.5,HIGH,Windy,Day,98,2,5
INC-EXP-1575,2024-01-11,12:06,Welding,Building Site,Damaged gas hose connected to oxy-fuel cutting cylinder.,Near Miss,50.2,HIGH,Windy,Day,50,0,4
INC-EXP-1576,2024-09-25,12:52,Excavation,Excavation Area,Spoil pile placed too close to excavation edge.,Moderate,42.0,MEDIUM,Rain,Day,76,0,9
INC-EXP-1577,2024-12-11,23:14,Welding,Warehouse,Combustible solvent containers stored within hot work radius.,Moderate,38.8,MEDIUM,Clear,Night,73,1,8
INC-EXP-1578,2026-01-14,06:22,Electrical Work,Building Site,Arc flash PPE missing during high-voltage switchgear testing.,Major,55.1,HIGH,Clear,Day,67,1,9
INC-EXP-1579,2025-10-31,08:52,Lifting,Building Site,Tandem lift performed without approved lift plan.,Moderate,54.9,HIGH,Rain,Day,77,2,3
INC-EXP-1580,2024-08-24,17:38,Electrical Work,Building Site,Improper lockout/tagout procedure observed.,Minor,19.6,LOW,Rain,Day,83,0,4
INC-EXP-1581,2025-04-11,06:16,Vehicle Movement,Loading Area,Forklift mast elevated while traveling in shared zone.,Minor,26.9,LOW,Clear,Day,72,0,1
INC-EXP-1582,2025-01-12,18:18,Material Handling,Warehouse,Pallet racking upright bent by handling equipment.,Near Miss,37.8,MEDIUM,Clear,Day,76,1,6
INC-EXP-1583,2024-03-11,10:01,Lifting,Building Site,Tag line omitted during crane load swinging operation.,Near Miss,20.6,LOW,Rain,Day,100,0,7
INC-EXP-1584,2024-10-14,12:55,Material Handling,Loading Area,Obstructed walkway due to stored materials.,Moderate,41.2,MEDIUM,Clear,Day,65,0,3
INC-EXP-1585,2024-03-27,18:05,Housekeeping,Building Site,Emergency eyewash station blocked by storage boxes.,Near Miss,23.7,LOW,Clear,Day,30,0,6
INC-EXP-1586,2024-08-01,22:32,Lifting,Loading Area,Crane outrigger placed on uncompacted soil.,Major,56.9,HIGH,Clear,Night,45,0,1
INC-EXP-1587,2024-10-09,21:06,Confined Space,Electrical Room,Continuous gas monitor calibrated incorrectly before entry.,Moderate,48.3,HIGH,Clear,Night,85,0,4
INC-EXP-1588,2024-11-18,14:40,Scaffolding,Building Site,Overloaded scaffold bay holding excess brick pallets.,Near Miss,42.9,MEDIUM,Clear,Day,79,0,1
INC-EXP-1589,2025-05-13,19:51,Housekeeping,Warehouse,Liquid chemical spill without containment barrier.,Near Miss,36.4,MEDIUM,Clear,Night,84,1,5
INC-EXP-1590,2025-09-19,09:50,Scaffolding,Building Site,"Scaffold base observed on uneven, unstable ground.",Minor,52.4,HIGH,Adverse,Day,71,0,2
INC-EXP-1591,2024-08-10,08:37,Welding,Warehouse,Inadequate fume extraction during galvanized steel welding.,Moderate,32.7,MEDIUM,Clear,Day,74,0,1
INC-EXP-1592,2025-08-17,06:25,Confined Space,Excavation Area,Communication failure between entrant and safety attendant.,Moderate,62.7,HIGH,Adverse,Day,76,0,3
INC-EXP-1593,2024-05-03,10:08,Lifting,Loading Area,Crane outrigger placed on uncompacted soil.,Near Miss,38.6,MEDIUM,Clear,Day,71,0,3
INC-EXP-1594,2024-03-24,19:56,Vehicle Movement,Road/Access Area,Vehicle observed exceeding site speed limit.,Minor,62.2,HIGH,Adverse,Night,61,0,4
INC-EXP-1595,2024-06-04,09:26,Electrical Work,Electrical Room,Improper lockout/tagout procedure observed.,Minor,50.1,HIGH,Clear,Day,73,0,3
INC-EXP-1596,2024-06-10,17:26,Working at Height,Roof,Work on leading edge without adequate perimeter protection.,Moderate,45.4,MEDIUM,Clear,Day,93,0,5
INC-EXP-1597,2025-02-22,15:29,Vehicle Movement,Road/Access Area,Forklift mast elevated while traveling in shared zone.,Moderate,37.5,MEDIUM,Clear,Day,80,0,3
INC-EXP-1598,2025-12-19,18:18,Lifting,Loading Area,Tag line omitted during crane load swinging operation.,Minor,27.3,LOW,Clear,Day,90,0,3
INC-EXP-1599,2024-08-17,06:51,Vehicle Movement,Loading Area,Blind spot hazard noted at site access road.,Moderate,51.3,HIGH,Clear,Day,67,0,6
INC-EXP-1600,2025-08-30,16:03,Excavation,Road/Access Area,Spoil pile placed too close to excavation edge.,Minor,59.6,HIGH,Rain,Day,65,0,8
INC-EXP-1601,2025-11-19,14:34,Scaffolding,Building Site,Scaffold access partially obstructed.,Moderate,46.3,MEDIUM,Rain,Day,72,0,10
INC-EXP-1602,2024-07-12,19:04,Vehicle Movement,Road/Access Area,Forklift mast elevated while traveling in shared zone.,Moderate,45.0,MEDIUM,Clear,Night,79,1,7
INC-EXP-1603,2025-12-28,22:40,Material Handling,Warehouse,Excessive repetitive lifting without job rotation.,Near Miss,25.1,LOW,Clear,Night,79,0,6
INC-EXP-1604,2025-07-12,14:41,Scaffolding,Scaffolding Area,Overloaded scaffold bay holding excess brick pallets.,Moderate,45.3,MEDIUM,Clear,Day,71,1,1
INC-EXP-1605,2025-05-24,15:32,Electrical Work,Electrical Room,Exposed wiring near a wet work area.,Moderate,39.8,MEDIUM,Clear,Day,75,0,2
INC-EXP-1606,2025-03-04,19:50,Confined Space,Electrical Room,Restricted egress portal partially blocked by ventilation ducting.,Major,71.5,CRITICAL,Adverse,Night,89,1,4
INC-EXP-1607,2024-06-18,13:37,Electrical Work,Building Site,Absence of GFCI protection on portable power tools.,Minor,57.5,HIGH,Rain,Day,79,2,4
INC-EXP-1608,2025-11-14,20:49,Lifting,Building Site,Improper lifting zone setup observed.,Moderate,27.2,LOW,Clear,Night,52,0,5
INC-EXP-1609,2025-07-13,23:20,Lifting,Warehouse,Load exceeded rated capacity of lifting equipment.,Moderate,26.4,LOW,Clear,Night,89,1,1
INC-EXP-1610,2025-07-21,15:31,Working at Height,Building Site,Fall arrest harness not properly anchored.,Minor,55.5,HIGH,Clear,Day,80,0,7
INC-EXP-1611,2024-10-09,19:13,Welding,Warehouse,Inadequate ventilation observed during welding task.,Minor,32.2,MEDIUM,Clear,Night,74,0,8
INC-EXP-1612,2025-09-17,13:45,Electrical Work,Electrical Room,Overloaded circuit breaker showing signs of overheating.,Near Miss,44.5,MEDIUM,Rain,Day,76,0,1
INC-EXP-1613,2025-05-29,16:52,Scaffolding,Scaffolding Area,Missing toe-boards on working platform exceeding six feet.,Major,28.4,MEDIUM,Clear,Day,100,0,2
INC-EXP-1614,2024-09-15,17:09,Housekeeping,Building Site,Emergency eyewash station blocked by storage boxes.,Near Miss,12.3,LOW,Rain,Day,85,0,10
INC-EXP-1615,2026-01-11,23:14,Housekeeping,Warehouse,Liquid chemical spill without containment barrier.,Minor,11.8,LOW,Clear,Night,88,0,2
INC-EXP-1616,2026-01-14,08:48,Scaffolding,Scaffolding Area,Overloaded scaffold bay holding excess brick pallets.,Minor,48.1,HIGH,Adverse,Day,100,0,7
INC-EXP-1617,2024-05-02,12:51,Working at Height,Roof,Unprotected edge observed during elevated work.,Major,90.9,CRITICAL,Clear,Day,64,3,4
INC-EXP-1618,2024-07-03,12:02,Material Handling,Warehouse,Manual handling of heavy load without mechanical aid.,Near Miss,18.0,LOW,Rain,Day,85,0,4
INC-EXP-1619,2025-09-14,08:05,Working at Height,Scaffolding Area,Work on leading edge without adequate perimeter protection.,Moderate,52.3,HIGH,Rain,Day,75,1,3
INC-EXP-1620,2025-12-03,06:56,Working at Height,Roof,Unprotected edge observed during elevated work.,Moderate,47.9,MEDIUM,Rain,Day,88,0,8
INC-EXP-1621,2024-04-01,13:52,Material Handling,Warehouse,Obstructed walkway due to stored materials.,Major,28.4,MEDIUM,Clear,Day,78,0,8
INC-EXP-1622,2024-01-12,14:36,Scaffolding,Scaffolding Area,Missing guardrail on scaffold platform.,Major,55.4,HIGH,Clear,Day,100,3,5
INC-EXP-1623,2025-01-22,15:35,Working at Height,Scaffolding Area,Ladder used beyond recommended height without stabilization.,Minor,49.9,HIGH,Rain,Day,77,0,4
INC-EXP-1624,2025-02-04,09:49,Lifting,Loading Area,Improper lifting zone setup observed.,Moderate,25.1,LOW,Rain,Day,88,0,4
INC-EXP-1625,2025-06-02,22:55,Material Handling,Warehouse,Excessive repetitive lifting without job rotation.,Near Miss,18.6,LOW,Clear,Night,98,1,7
INC-EXP-1626,2025-01-31,22:54,Scaffolding,Scaffolding Area,Overloaded scaffold bay holding excess brick pallets.,Major,30.8,MEDIUM,Clear,Night,76,0,9
INC-EXP-1627,2024-05-07,21:07,Scaffolding,Building Site,Missing guardrail on scaffold platform.,Moderate,37.8,MEDIUM,Clear,Night,71,1,2
INC-EXP-1628,2025-02-11,15:25,Electrical Work,Electrical Room,Exposed wiring near a wet work area.,Moderate,48.4,HIGH,Clear,Day,70,1,5
INC-EXP-1629,2025-08-29,16:30,Excavation,Road/Access Area,Inadequate barricading around excavation area.,Moderate,61.8,HIGH,Windy,Day,69,0,5
INC-EXP-1630,2025-10-16,11:14,Electrical Work,Electrical Room,Arc flash PPE missing during high-voltage switchgear testing.,Minor,52.9,HIGH,Rain,Day,75,0,5
INC-EXP-1631,2025-08-09,21:14,Scaffolding,Building Site,Scaffold tie-backs removed prematurely during cladding.,Minor,47.3,MEDIUM,Clear,Night,76,0,6
INC-EXP-1632,2025-12-20,20:58,Housekeeping,Warehouse,Inadequate lighting along primary pedestrian egress corridor.,Near Miss,17.9,LOW,Clear,Night,83,0,4
INC-EXP-1633,2024-06-11,09:08,Working at Height,Scaffolding Area,Fall arrest harness not properly anchored.,Minor,45.6,MEDIUM,Clear,Day,48,0,3
INC-EXP-1634,2024-01-30,08:14,Electrical Work,Building Site,Live electrical panel left unlocked and unattended.,Near Miss,36.3,MEDIUM,Clear,Day,73,0,5
INC-EXP-1635,2025-08-05,09:06,Electrical Work,Building Site,Arc flash PPE missing during high-voltage switchgear testing.,Near Miss,53.9,HIGH,Adverse,Day,70,0,3
INC-EXP-1636,2024-05-13,15:17,Vehicle Movement,Loading Area,Forklift mast elevated while traveling in shared zone.,Near Miss,25.5,LOW,Clear,Day,84,0,7
INC-EXP-1637,2025-07-12,09:08,Vehicle Movement,Road/Access Area,Forklift mast elevated while traveling in shared zone.,Near Miss,25.3,LOW,Rain,Day,93,1,5
INC-EXP-1638,2025-08-11,07:55,Housekeeping,Warehouse,Scrap timber with protruding nails left on ground.,Near Miss,16.1,LOW,Clear,Day,85,0,11
INC-EXP-1639,2024-11-13,22:39,Working at Height,Building Site,Improper harness inspection before elevated decking task.,Moderate,51.8,HIGH,Clear,Night,63,0,3
INC-EXP-1640,2024-04-08,06:47,Electrical Work,Building Site,Live electrical panel left unlocked and unattended.,Major,36.7,MEDIUM,Clear,Day,83,0,3
INC-EXP-1641,2024-09-19,16:29,Lifting,Loading Area,Sling showing visible wear used during heavy assembly hoist.,Moderate,29.7,MEDIUM,Windy,Day,89,0,9
INC-EXP-1642,2025-03-28,17:11,Vehicle Movement,Road/Access Area,Blind spot hazard noted at site access road.,Near Miss,11.4,LOW,Clear,Day,86,0,8
INC-EXP-1643,2025-05-09,19:00,Welding,Warehouse,Combustible solvent containers stored within hot work radius.,Near Miss,35.5,MEDIUM,Clear,Night,87,0,1
INC-EXP-1644,2025-11-03,22:17,Confined Space,Electrical Room,Confined space entry without atmospheric testing.,Minor,52.9,HIGH,Clear,Night,77,0,5
INC-EXP-1645,2024-01-15,08:11,Scaffolding,Building Site,Scaffold access partially obstructed.,Near Miss,19.6,LOW,Clear,Day,94,0,7
INC-EXP-1646,2025-12-19,21:51,Welding,Warehouse,Combustible solvent containers stored within hot work radius.,Minor,25.1,LOW,Clear,Night,77,0,8
INC-EXP-1647,2024-02-23,14:27,Lifting,Loading Area,Crane outrigger placed on uncompacted soil.,Moderate,51.9,HIGH,Clear,Day,68,0,6
INC-EXP-1648,2025-08-24,10:19,Scaffolding,Building Site,Scaffold tie-backs removed prematurely during cladding.,Major,54.7,HIGH,Rain,Day,76,1,4
INC-EXP-1649,2025-11-23,22:29,Vehicle Movement,Loading Area,Unattended vehicle left idling on active haul road.,Major,81.6,CRITICAL,Adverse,Night,78,3,6
INC-EXP-1650,2025-10-29,14:58,Lifting,Building Site,Tag line omitted during crane load swinging operation.,Minor,22.7,LOW,Windy,Day,100,0,7
INC-EXP-1651,2025-01-07,09:38,Housekeeping,Building Site,Obstruction observed blocking emergency access route.,Minor,32.3,MEDIUM,Clear,Day,61,0,14
INC-EXP-1652,2025-10-13,08:56,Lifting,Loading Area,Sling showing visible wear used during heavy assembly hoist.,Minor,31.6,MEDIUM,Clear,Day,77,0,11
INC-EXP-1653,2024-03-03,20:23,Confined Space,Excavation Area,Restricted egress portal partially blocked by ventilation ducting.,Near Miss,37.4,MEDIUM,Clear,Night,85,0,4
INC-EXP-1654,2025-04-09,17:34,Scaffolding,Building Site,Missing guardrail on scaffold platform.,Major,18.7,LOW,Clear,Day,85,0,8
INC-EXP-1655,2025-03-14,09:08,Material Handling,Warehouse,Unsecured pipes stored on slope without chocks.,Minor,32.2,MEDIUM,Rain,Day,70,0,9
INC-EXP-1656,2025-12-23,18:18,Working at Height,Roof,Unsecured tools at elevated height posing drop hazard.,Moderate,53.9,HIGH,Clear,Day,84,0,9
INC-EXP-1657,2025-12-20,07:27,Working at Height,Roof,Unprotected edge observed during elevated work.,Major,47.8,MEDIUM,Clear,Day,82,0,10
INC-EXP-1658,2025-04-06,10:52,Vehicle Movement,Road/Access Area,Vehicle reversing without a spotter present.,Near Miss,31.6,MEDIUM,Clear,Day,49,0,7
INC-EXP-1659,2025-06-20,20:22,Lifting,Loading Area,Sling showing visible wear used during heavy assembly hoist.,Minor,51.7,HIGH,Clear,Night,74,1,6
INC-EXP-1660,2024-09-03,09:21,Welding,Warehouse,Fire watch not posted during hot work.,Moderate,48.9,HIGH,Adverse,Day,66,0,8
INC-EXP-1661,2025-08-13,16:04,Vehicle Movement,Loading Area,Unattended vehicle left idling on active haul road.,Minor,43.1,MEDIUM,Rain,Day,77,1,7
INC-EXP-1662,2025-03-28,22:41,Welding,Warehouse,Combustible solvent containers stored within hot work radius.,Moderate,42.0,MEDIUM,Clear,Night,80,1,7
INC-EXP-1663,2025-10-15,09:25,Working at Height,Building Site,Ladder used beyond recommended height without stabilization.,Moderate,78.1,CRITICAL,Adverse,Day,73,0,3
INC-EXP-1664,2024-07-18,21:53,Material Handling,Loading Area,Stacked materials observed in an unstable configuration.,Near Miss,18.8,LOW,Clear,Night,100,0,1
INC-EXP-1665,2025-10-19,08:33,Vehicle Movement,Road/Access Area,Vehicle observed exceeding site speed limit.,Minor,40.3,MEDIUM,Clear,Day,83,0,3
INC-EXP-1666,2025-07-02,21:53,Excavation,Excavation Area,No safe access/egress ladder provided in trench.,Moderate,56.4,HIGH,Clear,Night,93,2,5
INC-EXP-1667,2025-12-02,14:52,Welding,Warehouse,Inadequate fume extraction during galvanized steel welding.,Near Miss,18.3,LOW,Clear,Day,78,0,9
INC-EXP-1668,2024-05-10,15:22,Material Handling,Warehouse,Unsecured pipes stored on slope without chocks.,Near Miss,11.2,LOW,Clear,Day,95,0,5
INC-EXP-1669,2024-02-10,08:02,Confined Space,Electrical Room,Communication failure between entrant and safety attendant.,Moderate,57.0,HIGH,Rain,Day,76,1,2
INC-EXP-1670,2025-02-07,09:32,Vehicle Movement,Loading Area,Vehicle observed exceeding site speed limit.,Major,37.7,MEDIUM,Clear,Day,60,0,9
INC-EXP-1671,2024-12-03,14:39,Working at Height,Building Site,Static line lifeline inspection overdue during roofing installation.,Near Miss,46.7,MEDIUM,Clear,Day,59,0,3
INC-EXP-1672,2024-11-18,16:03,Lifting,Loading Area,Tandem lift performed without approved lift plan.,Minor,38.7,MEDIUM,Clear,Day,74,1,1
INC-EXP-1673,2024-08-20,06:30,Lifting,Loading Area,Crane outrigger placed on uncompacted soil.,Moderate,65.8,CRITICAL,Clear,Day,69,3,6
INC-EXP-1674,2024-10-31,16:16,Material Handling,Warehouse,Heavy drum handled without designated drum gripper.,Minor,44.8,MEDIUM,Windy,Day,58,0,8
INC-EXP-1675,2025-12-22,06:43,Housekeeping,Building Site,Emergency eyewash station blocked by storage boxes.,Major,47.4,MEDIUM,Windy,Day,64,1,8
INC-EXP-1676,2024-07-13,10:10,Confined Space,Electrical Room,Restricted egress portal partially blocked by ventilation ducting.,Minor,54.7,HIGH,Clear,Day,84,1,4
INC-EXP-1677,2025-05-08,09:48,Welding,Building Site,Fire watch not posted during hot work.,Minor,39.9,MEDIUM,Windy,Day,71,0,6
INC-EXP-1678,2025-04-12,22:17,Material Handling,Loading Area,Stacked materials observed in an unstable configuration.,Near Miss,26.1,LOW,Clear,Night,72,0,3
INC-EXP-1679,2026-01-18,21:29,Confined Space,Electrical Room,Communication failure between entrant and safety attendant.,Minor,72.6,CRITICAL,Clear,Night,49,0,9
INC-EXP-1680,2025-11-30,08:21,Vehicle Movement,Loading Area,Unattended vehicle left idling on active haul road.,Moderate,31.6,MEDIUM,Rain,Day,83,0,4
INC-EXP-1681,2024-09-17,12:24,Welding,Warehouse,Damaged gas hose connected to oxy-fuel cutting cylinder.,Minor,40.7,MEDIUM,Clear,Day,65,0,5
INC-EXP-1682,2025-06-08,22:06,Confined Space,Excavation Area,Ventilation equipment not in place for confined space entry.,Major,52.5,HIGH,Clear,Night,71,0,11
INC-EXP-1683,2025-07-04,07:30,Material Handling,Warehouse,Pallet racking upright bent by handling equipment.,Near Miss,17.2,LOW,Rain,Day,87,0,10
INC-EXP-1684,2025-08-14,09:09,Material Handling,Warehouse,Manual handling of heavy load without mechanical aid.,Major,28.2,MEDIUM,Clear,Day,76,0,3
INC-EXP-1685,2025-02-05,06:10,Lifting,Loading Area,Improper lifting zone setup observed.,Major,73.3,CRITICAL,Rain,Day,60,3,1
INC-EXP-1686,2025-09-02,09:17,Electrical Work,Building Site,Arc flash PPE missing during high-voltage switchgear testing.,Major,30.3,MEDIUM,Clear,Day,72,0,3
INC-EXP-1687,2024-12-06,14:34,Housekeeping,Warehouse,Emergency eyewash station blocked by storage boxes.,Minor,23.5,LOW,Clear,Day,61,0,4
INC-EXP-1688,2024-04-15,16:59,Excavation,Road/Access Area,Excavation depth exceeded benching ratio requirements.,Moderate,46.2,MEDIUM,Rain,Day,93,0,6
INC-EXP-1689,2024-03-13,17:09,Excavation,Road/Access Area,Inadequate barricading around excavation area.,Near Miss,38.0,MEDIUM,Windy,Day,76,0,7
INC-EXP-1690,2024-08-16,22:39,Excavation,Road/Access Area,Trench box not extended above trench crest in loose soil.,Moderate,62.6,HIGH,Rain,Night,80,0,7
INC-EXP-1691,2025-08-04,13:32,Lifting,Warehouse,Tandem lift performed without approved lift plan.,Minor,23.5,LOW,Windy,Day,89,0,8
INC-EXP-1692,2025-01-09,15:09,Lifting,Loading Area,Tandem lift performed without approved lift plan.,Minor,53.1,HIGH,Windy,Day,46,0,7
INC-EXP-1693,2025-12-03,12:34,Welding,Warehouse,Inadequate ventilation observed during welding task.,Moderate,38.2,MEDIUM,Windy,Day,70,0,9
INC-EXP-1694,2024-08-24,07:51,Vehicle Movement,Loading Area,Blind spot hazard noted at site access road.,Minor,38.5,MEDIUM,Rain,Day,100,1,2
INC-EXP-1695,2025-08-19,23:56,Lifting,Building Site,Load exceeded rated capacity of lifting equipment.,Near Miss,26.5,LOW,Clear,Night,91,0,1
INC-EXP-1696,2025-06-15,16:06,Vehicle Movement,Road/Access Area,Reversing alarm inoperative on earthmoving equipment.,Near Miss,47.4,MEDIUM,Clear,Day,64,0,6
INC-EXP-1697,2024-12-06,16:45,Electrical Work,Building Site,Damaged electrical cable observed.,Moderate,50.5,HIGH,Adverse,Day,89,0,2
INC-EXP-1698,2025-06-06,15:26,Excavation,Road/Access Area,Water accumulation undermining trench base after rain.,Moderate,49.0,HIGH,Rain,Day,75,0,9
INC-EXP-1699,2025-05-30,21:53,Welding,Building Site,Welding cables crossing wet floor without insulation mats.,Near Miss,24.5,LOW,Clear,Night,79,0,4
INC-EXP-1700,2024-05-18,06:59,Lifting,Loading Area,Tag line omitted during crane load swinging operation.,Major,51.7,HIGH,Rain,Day,38,1,5
INC-EXP-1701,2024-10-30,14:02,Lifting,Warehouse,Rigging inspection not completed before lift.,Minor,25.9,LOW,Clear,Day,83,0,3
INC-EXP-1702,2024-02-13,07:32,Welding,Building Site,Welding conducted near flammable materials.,Moderate,37.2,MEDIUM,Clear,Day,77,0,5
INC-EXP-1703,2024-11-01,13:29,Welding,Building Site,Damaged gas hose connected to oxy-fuel cutting cylinder.,Near Miss,19.8,LOW,Windy,Day,94,0,5
INC-EXP-1704,2024-10-05,14:04,Welding,Building Site,Welding conducted near flammable materials.,Minor,22.4,LOW,Clear,Day,100,0,5
INC-EXP-1705,2025-08-24,11:44,Electrical Work,Building Site,Overloaded circuit breaker showing signs of overheating.,Major,67.3,CRITICAL,Clear,Day,56,2,6
INC-EXP-1706,2025-06-24,11:53,Excavation,Excavation Area,Excavation depth exceeded benching ratio requirements.,Moderate,46.3,MEDIUM,Clear,Day,82,0,7
INC-EXP-1707,2024-12-28,10:29,Electrical Work,Building Site,Arc flash PPE missing during high-voltage switchgear testing.,Minor,45.4,MEDIUM,Clear,Day,74,0,2
INC-EXP-1708,2024-07-23,16:37,Material Handling,Loading Area,Improper storage of materials near a walkway.,Near Miss,6.7,LOW,Rain,Day,100,0,6
INC-EXP-1709,2024-12-18,13:11,Working at Height,Building Site,Improper harness inspection before elevated decking task.,Minor,61.7,HIGH,Windy,Day,72,2,4
INC-EXP-1710,2024-03-05,21:25,Confined Space,Excavation Area,Permit-required confined space entry log not signed.,Minor,44.8,MEDIUM,Clear,Night,95,0,10
INC-EXP-1711,2024-11-17,10:48,Welding,Building Site,Fire watch not posted during hot work.,Minor,36.3,MEDIUM,Clear,Day,66,0,8
INC-EXP-1712,2025-06-13,22:59,Vehicle Movement,Road/Access Area,Vehicle reversing without a spotter present.,Minor,20.2,LOW,Clear,Night,94,0,8
INC-EXP-1713,2025-11-05,21:29,Working at Height,Scaffolding Area,Static line lifeline inspection overdue during roofing installation.,Moderate,42.5,MEDIUM,Clear,Night,84,0,2
INC-EXP-1714,2024-12-15,23:32,Material Handling,Loading Area,Stacked materials observed in an unstable configuration.,Near Miss,37.4,MEDIUM,Clear,Night,93,2,5
INC-EXP-1715,2024-04-28,12:28,Scaffolding,Building Site,Scaffold access partially obstructed.,Minor,30.8,MEDIUM,Clear,Day,71,0,3
INC-EXP-1716,2025-09-27,12:27,Material Handling,Warehouse,Improper storage of materials near a walkway.,Near Miss,31.0,MEDIUM,Clear,Day,78,1,6
INC-EXP-1717,2024-08-27,22:30,Welding,Building Site,Inadequate fume extraction during galvanized steel welding.,Near Miss,34.2,MEDIUM,Clear,Night,83,0,7
INC-EXP-1718,2024-09-07,12:41,Housekeeping,Warehouse,Debris accumulation observed in walkway.,Minor,14.9,LOW,Rain,Day,70,0,6
INC-EXP-1719,2025-10-14,19:21,Vehicle Movement,Loading Area,Reversing alarm inoperative on earthmoving equipment.,Minor,31.5,MEDIUM,Rain,Night,92,0,1
INC-EXP-1720,2024-01-01,06:09,Scaffolding,Building Site,Scaffold tie-backs removed prematurely during cladding.,Major,42.5,MEDIUM,Clear,Day,80,0,4
INC-EXP-1721,2024-10-05,11:01,Vehicle Movement,Road/Access Area,Vehicle observed exceeding site speed limit.,Near Miss,9.9,LOW,Clear,Day,86,0,6
INC-EXP-1722,2025-08-07,23:26,Lifting,Warehouse,Improper lifting zone setup observed.,Major,36.5,MEDIUM,Clear,Night,80,0,4
INC-EXP-1723,2025-09-18,18:20,Welding,Warehouse,Combustible solvent containers stored within hot work radius.,Major,41.7,MEDIUM,Clear,Day,84,1,10
INC-EXP-1724,2024-01-05,23:31,Housekeeping,Warehouse,Inadequate lighting along primary pedestrian egress corridor.,Moderate,33.4,MEDIUM,Adverse,Night,95,0,5
INC-EXP-1725,2025-07-12,10:46,Lifting,Building Site,Rigging inspection not completed before lift.,Minor,34.6,MEDIUM,Clear,Day,59,0,3
INC-EXP-1726,2025-09-20,17:06,Lifting,Building Site,Tag line omitted during crane load swinging operation.,Near Miss,21.8,LOW,Clear,Day,71,0,5
INC-EXP-1727,2025-03-18,20:04,Vehicle Movement,Road/Access Area,Missing high-visibility delineator posts along haul ramp.,Moderate,69.6,CRITICAL,Adverse,Night,67,0,6
INC-EXP-1728,2024-03-19,22:57,Lifting,Building Site,Load exceeded rated capacity of lifting equipment.,Minor,33.8,MEDIUM,Clear,Night,77,0,7
INC-EXP-1729,2025-12-17,07:28,Electrical Work,Building Site,Exposed wiring near a wet work area.,Major,46.3,MEDIUM,Adverse,Day,71,0,1
INC-EXP-1730,2025-11-22,08:22,Excavation,Road/Access Area,Water accumulation undermining trench base after rain.,Moderate,65.2,CRITICAL,Adverse,Day,68,1,10
INC-EXP-1731,2024-09-18,11:10,Lifting,Loading Area,Sling showing visible wear used during heavy assembly hoist.,Minor,34.9,MEDIUM,Clear,Day,88,1,10
INC-EXP-1732,2024-12-13,19:34,Housekeeping,Building Site,Scrap timber with protruding nails left on ground.,Minor,23.7,LOW,Clear,Night,77,1,3
INC-EXP-1733,2025-08-18,22:24,Working at Height,Roof,Unprotected edge observed during elevated work.,Major,45.5,MEDIUM,Rain,Night,91,0,9
INC-EXP-1734,2024-01-10,22:13,Electrical Work,Building Site,Overloaded circuit breaker showing signs of overheating.,Near Miss,64.6,HIGH,Adverse,Night,67,0,4
INC-EXP-1735,2024-08-12,15:18,Lifting,Building Site,Tag line omitted during crane load swinging operation.,Near Miss,21.3,LOW,Clear,Day,86,0,3
INC-EXP-1736,2024-08-14,15:14,Working at Height,Scaffolding Area,Static line lifeline inspection overdue during roofing installation.,Minor,50.8,HIGH,Rain,Day,85,0,12
INC-EXP-1737,2024-08-05,15:35,Lifting,Warehouse,Load exceeded rated capacity of lifting equipment.,Moderate,56.5,HIGH,Windy,Day,54,1,5
INC-EXP-1738,2025-05-18,14:14,Working at Height,Roof,Work on leading edge without adequate perimeter protection.,Moderate,51.8,HIGH,Clear,Day,76,0,9
INC-EXP-1739,2025-04-27,20:00,Excavation,Excavation Area,Excavation depth exceeded benching ratio requirements.,Minor,67.6,CRITICAL,Rain,Night,77,1,2
INC-EXP-1740,2024-10-25,18:40,Excavation,Excavation Area,Inadequate barricading around excavation area.,Major,65.4,CRITICAL,Windy,Day,67,1,5
INC-EXP-1741,2025-05-28,20:49,Working at Height,Roof,Unsecured tools at elevated height posing drop hazard.,Moderate,79.8,CRITICAL,Windy,Night,74,1,7
INC-EXP-1742,2025-09-24,20:30,Lifting,Building Site,Exclusion zone around lift not maintained.,Moderate,42.5,MEDIUM,Clear,Night,67,0,7
INC-EXP-1743,2025-10-06,08:13,Working at Height,Building Site,Unsecured tools at elevated height posing drop hazard.,Moderate,39.7,MEDIUM,Clear,Day,88,1,7
INC-EXP-1744,2024-08-22,15:00,Electrical Work,Building Site,Improper lockout/tagout procedure observed.,Minor,37.3,MEDIUM,Clear,Day,72,0,1
INC-EXP-1745,2024-10-17,21:54,Electrical Work,Building Site,Arc flash PPE missing during high-voltage switchgear testing.,Major,38.1,MEDIUM,Clear,Night,90,0,5
INC-EXP-1746,2024-06-24,20:00,Scaffolding,Scaffolding Area,Missing guardrail on scaffold platform.,Near Miss,68.4,CRITICAL,Rain,Night,63,1,6
INC-EXP-1747,2024-05-16,15:16,Confined Space,Electrical Room,No standby attendant present during confined space work.,Moderate,63.2,HIGH,Rain,Day,82,0,12
INC-EXP-1748,2024-04-09,07:50,Working at Height,Building Site,Fall arrest harness not properly anchored.,Minor,32.3,MEDIUM,Clear,Day,100,0,2
INC-EXP-1749,2025-04-08,13:14,Housekeeping,Warehouse,Liquid chemical spill without containment barrier.,Minor,7.9,LOW,Clear,Day,86,0,4
INC-EXP-1750,2024-12-26,17:21,Welding,Warehouse,Inadequate ventilation observed during welding task.,Near Miss,36.4,MEDIUM,Adverse,Day,93,0,6
INC-EXP-1751,2024-07-20,11:29,Housekeeping,Building Site,Liquid chemical spill without containment barrier.,Near Miss,40.7,MEDIUM,Clear,Day,48,0,6
INC-EXP-1752,2025-07-29,14:14,Excavation,Excavation Area,Spoil pile placed too close to excavation edge.,Near Miss,37.1,MEDIUM,Clear,Day,78,0,4
INC-EXP-1753,2024-03-26,16:04,Confined Space,Electrical Room,Restricted egress portal partially blocked by ventilation ducting.,Major,50.6,HIGH,Windy,Day,93,0,5
INC-EXP-1754,2024-08-04,19:34,Vehicle Movement,Loading Area,Forklift mast elevated while traveling in shared zone.,Near Miss,31.4,MEDIUM,Clear,Night,76,0,6
INC-EXP-1755,2025-03-29,21:32,Electrical Work,Electrical Room,Improper lockout/tagout procedure observed.,Near Miss,49.1,HIGH,Windy,Night,70,0,9
INC-EXP-1756,2025-05-07,17:02,Vehicle Movement,Loading Area,Unattended vehicle left idling on active haul road.,Minor,25.6,LOW,Clear,Day,74,0,7
INC-EXP-1757,2024-02-03,10:16,Electrical Work,Electrical Room,Improper lockout/tagout procedure observed.,Minor,54.2,HIGH,Clear,Day,62,0,1
INC-EXP-1758,2025-09-18,18:29,Housekeeping,Warehouse,Liquid chemical spill without containment barrier.,Near Miss,0.0,LOW,Clear,Day,92,0,3
INC-EXP-1759,2024-02-16,06:57,Confined Space,Electrical Room,Restricted egress portal partially blocked by ventilation ducting.,Major,56.7,HIGH,Clear,Day,70,1,7
INC-EXP-1760,2024-10-04,17:19,Vehicle Movement,Road/Access Area,Vehicle reversing without a spotter present.,Moderate,54.1,HIGH,Clear,Day,86,3,1
INC-EXP-1761,2024-06-17,10:28,Excavation,Road/Access Area,Underground utility markers ignored near mechanical digging.,Near Miss,39.7,MEDIUM,Clear,Day,79,0,5
INC-EXP-1762,2024-06-22,10:02,Welding,Warehouse,Fire watch not posted during hot work.,Near Miss,32.7,MEDIUM,Clear,Day,75,0,3
INC-EXP-1763,2025-06-27,23:06,Working at Height,Building Site,Static line lifeline inspection overdue during roofing installation.,Major,82.3,CRITICAL,Windy,Night,60,3,1
INC-EXP-1764,2024-11-02,12:28,Working at Height,Roof,Unprotected edge observed during elevated work.,Moderate,54.4,HIGH,Clear,Day,78,0,10
INC-EXP-1765,2024-01-03,18:26,Lifting,Loading Area,Crane outrigger placed on uncompacted soil.,Major,30.6,MEDIUM,Clear,Day,82,0,3
INC-EXP-1766,2024-03-10,08:05,Material Handling,Loading Area,Stacked materials observed in an unstable configuration.,Near Miss,26.0,LOW,Clear,Day,93,0,3
INC-EXP-1767,2025-09-12,11:25,Working at Height,Roof,Worker observed near roof edge without guardrail.,Minor,46.5,MEDIUM,Clear,Day,73,0,4
INC-EXP-1768,2024-09-18,08:15,Working at Height,Building Site,Ladder used beyond recommended height without stabilization.,Major,67.3,CRITICAL,Rain,Day,63,0,5
INC-EXP-1769,2025-08-12,22:11,Electrical Work,Building Site,Live electrical panel left unlocked and unattended.,Minor,55.1,HIGH,Adverse,Night,71,0,7
INC-EXP-1770,2025-12-03,13:42,Vehicle Movement,Road/Access Area,Vehicle reversing without a spotter present.,Minor,31.8,MEDIUM,Clear,Day,71,0,4
INC-EXP-1771,2024-07-19,07:14,Lifting,Warehouse,Tandem lift performed without approved lift plan.,Minor,41.9,MEDIUM,Rain,Day,60,0,7
INC-EXP-1772,2025-07-29,23:28,Vehicle Movement,Loading Area,Blind spot hazard noted at site access road.,Near Miss,30.8,MEDIUM,Clear,Night,100,0,8
INC-EXP-1773,2024-02-25,23:16,Material Handling,Warehouse,Manual handling of heavy load without mechanical aid.,Minor,36.0,MEDIUM,Clear,Night,85,2,4
INC-EXP-1774,2025-08-12,18:50,Housekeeping,Warehouse,Tools left in walking path after task completion.,Near Miss,20.2,LOW,Windy,Day,97,0,10
INC-EXP-1775,2025-08-08,07:45,Material Handling,Loading Area,Stacked materials observed in an unstable configuration.,Near Miss,27.4,LOW,Clear,Day,87,1,1
INC-EXP-1776,2025-01-01,15:10,Electrical Work,Electrical Room,Overloaded circuit breaker showing signs of overheating.,Minor,79.7,CRITICAL,Adverse,Day,61,1,5
INC-EXP-1777,2024-08-19,20:53,Welding,Building Site,Welding screen missing in shared work area.,Minor,44.6,MEDIUM,Clear,Night,73,0,7
INC-EXP-1778,2025-07-11,11:48,Vehicle Movement,Loading Area,Forklift mast elevated while traveling in shared zone.,Major,73.6,CRITICAL,Clear,Day,57,3,1
INC-EXP-1779,2024-11-26,21:56,Scaffolding,Scaffolding Area,Scaffold tie-backs removed prematurely during cladding.,Minor,43.0,MEDIUM,Adverse,Night,85,0,7
INC-EXP-1780,2025-05-03,21:11,Welding,Building Site,Fire watch not posted during hot work.,Moderate,54.0,HIGH,Adverse,Night,80,0,3
INC-EXP-1781,2025-01-24,13:45,Working at Height,Building Site,Improper harness inspection before elevated decking task.,Near Miss,39.4,MEDIUM,Clear,Day,79,0,1
INC-EXP-1782,2024-04-03,23:22,Housekeeping,Warehouse,Scrap timber with protruding nails left on ground.,Minor,26.4,LOW,Clear,Night,61,0,8
INC-EXP-1783,2024-07-12,20:20,Lifting,Building Site,Tandem lift performed without approved lift plan.,Moderate,47.6,MEDIUM,Clear,Night,73,1,7
INC-EXP-1784,2025-08-19,06:40,Working at Height,Building Site,Unsecured tools at elevated height posing drop hazard.,Moderate,58.9,HIGH,Clear,Day,52,0,9
INC-EXP-1785,2025-03-31,22:02,Scaffolding,Scaffolding Area,"Scaffold base observed on uneven, unstable ground.",Moderate,60.2,HIGH,Rain,Night,67,0,10
INC-EXP-1786,2024-06-04,19:57,Scaffolding,Scaffolding Area,"Scaffold base observed on uneven, unstable ground.",Moderate,46.9,MEDIUM,Windy,Night,71,1,8
INC-EXP-1787,2025-04-01,09:19,Scaffolding,Scaffolding Area,Scaffold tie-backs removed prematurely during cladding.,Minor,47.4,MEDIUM,Clear,Day,61,0,4
INC-EXP-1788,2025-01-13,17:59,Material Handling,Warehouse,Unsecured pipes stored on slope without chocks.,Near Miss,33.1,MEDIUM,Windy,Day,83,0,10
INC-EXP-1789,2025-07-23,17:00,Scaffolding,Building Site,Damaged ladder rung on internal scaffold access tower.,Near Miss,28.1,MEDIUM,Clear,Day,75,0,7
INC-EXP-1790,2024-09-07,08:50,Housekeeping,Warehouse,Emergency eyewash station blocked by storage boxes.,Near Miss,9.1,LOW,Clear,Day,88,0,1
INC-EXP-1791,2024-11-07,22:09,Confined Space,Electrical Room,Ventilation equipment not in place for confined space entry.,Minor,70.0,CRITICAL,Clear,Night,52,1,5
INC-EXP-1792,2025-09-25,11:49,Electrical Work,Electrical Room,Overloaded circuit breaker showing signs of overheating.,Minor,39.8,MEDIUM,Rain,Day,68,0,3
INC-EXP-1793,2024-06-12,11:59,Lifting,Warehouse,Tandem lift performed without approved lift plan.,Moderate,78.5,CRITICAL,Clear,Day,57,3,10
INC-EXP-1794,2024-06-08,15:26,Housekeeping,Building Site,Debris accumulation observed in walkway.,Minor,16.5,LOW,Clear,Day,75,1,5
INC-EXP-1795,2025-09-30,07:02,Housekeeping,Building Site,Obstruction observed blocking emergency access route.,Near Miss,21.4,LOW,Clear,Day,67,0,3
INC-EXP-1796,2024-11-20,08:07,Lifting,Building Site,Improper lifting zone setup observed.,Minor,53.8,HIGH,Rain,Day,44,0,11
INC-EXP-1797,2025-03-04,19:12,Housekeeping,Warehouse,Liquid chemical spill without containment barrier.,Moderate,0.0,LOW,Clear,Night,87,0,5
INC-EXP-1798,2025-04-24,07:46,Vehicle Movement,Road/Access Area,Vehicle reversing without a spotter present.,Near Miss,27.5,LOW,Clear,Day,98,0,9
INC-EXP-1799,2024-11-01,13:33,Confined Space,Excavation Area,Emergency retrieval system not set up before entry.,Moderate,59.4,HIGH,Adverse,Day,100,0,9
INC-EXP-1800,2025-11-30,12:17,Welding,Warehouse,Inadequate fume extraction during galvanized steel welding.,Minor,19.4,LOW,Rain,Day,97,0,4
INC-EXP-1801,2024-07-24,07:36,Housekeeping,Warehouse,Obstruction observed blocking emergency access route.,Near Miss,31.7,MEDIUM,Clear,Day,77,1,2
INC-EXP-1802,2024-01-14,17:55,Housekeeping,Warehouse,Obstruction observed blocking emergency access route.,Moderate,24.6,LOW,Windy,Day,94,0,4
INC-EXP-1803,2025-10-17,11:54,Material Handling,Warehouse,Improper storage of materials near a walkway.,Minor,28.8,MEDIUM,Adverse,Day,92,0,2
INC-EXP-1804,2025-09-20,12:34,Welding,Building Site,Welding conducted near flammable materials.,Near Miss,29.0,MEDIUM,Clear,Day,74,0,1
INC-EXP-1805,2024-01-03,14:20,Housekeeping,Warehouse,Obstruction observed blocking emergency access route.,Major,5.2,LOW,Clear,Day,85,0,7
INC-EXP-1806,2025-06-10,13:04,Confined Space,Excavation Area,Emergency retrieval system not set up before entry.,Moderate,57.0,HIGH,Clear,Day,77,0,5
INC-EXP-1807,2025-11-13,07:05,Housekeeping,Warehouse,Spilled material not cleaned up promptly.,Minor,6.8,LOW,Clear,Day,80,0,11
INC-EXP-1808,2025-08-06,09:00,Excavation,Road/Access Area,Underground utility markers ignored near mechanical digging.,Near Miss,57.4,HIGH,Clear,Day,66,1,2
INC-EXP-1809,2024-07-06,20:56,Welding,Building Site,Welding cables crossing wet floor without insulation mats.,Near Miss,37.2,MEDIUM,Clear,Night,69,0,8
INC-EXP-1810,2025-05-10,23:17,Housekeeping,Building Site,Tools left in walking path after task completion.,Minor,30.6,MEDIUM,Clear,Night,74,0,5
INC-EXP-1811,2024-09-29,17:46,Electrical Work,Building Site,Live electrical panel left unlocked and unattended.,Minor,60.6,HIGH,Clear,Day,84,2,6
INC-EXP-1812,2025-08-17,09:02,Confined Space,Electrical Room,Permit-required confined space entry log not signed.,Moderate,77.4,CRITICAL,Windy,Day,50,0,1
INC-EXP-1813,2024-07-02,10:38,Scaffolding,Building Site,Damaged ladder rung on internal scaffold access tower.,Minor,40.1,MEDIUM,Clear,Day,93,0,2
INC-EXP-1814,2024-04-07,13:04,Housekeeping,Building Site,Spilled material not cleaned up promptly.,Minor,16.0,LOW,Windy,Day,95,0,4
INC-EXP-1815,2024-07-13,11:16,Scaffolding,Building Site,Scaffold tie-backs removed prematurely during cladding.,Near Miss,38.4,MEDIUM,Windy,Day,75,0,1
INC-EXP-1816,2025-10-15,13:43,Material Handling,Loading Area,Unsecured pipes stored on slope without chocks.,Major,48.6,HIGH,Adverse,Day,76,1,6
INC-EXP-1817,2024-05-14,20:07,Working at Height,Scaffolding Area,Static line lifeline inspection overdue during roofing installation.,Moderate,54.9,HIGH,Clear,Night,84,0,1
INC-EXP-1818,2024-04-16,16:53,Excavation,Road/Access Area,Excavation walls showing signs of instability.,Moderate,59.6,HIGH,Clear,Day,80,1,7
INC-EXP-1819,2025-06-21,16:15,Scaffolding,Building Site,Missing guardrail on scaffold platform.,Minor,32.0,MEDIUM,Clear,Day,91,1,7
INC-EXP-1820,2025-12-11,07:55,Working at Height,Building Site,Unprotected edge observed during elevated work.,Near Miss,27.5,LOW,Clear,Day,87,0,7
INC-EXP-1821,2024-04-11,10:59,Electrical Work,Electrical Room,Damaged electrical cable observed.,Near Miss,47.2,MEDIUM,Clear,Day,74,1,1
INC-EXP-1822,2025-12-14,14:08,Vehicle Movement,Loading Area,Reversing alarm inoperative on earthmoving equipment.,Moderate,57.0,HIGH,Adverse,Day,60,0,6
INC-EXP-1823,2025-03-21,20:49,Scaffolding,Building Site,Missing guardrail on scaffold platform.,Near Miss,22.1,LOW,Clear,Night,88,0,6
INC-EXP-1824,2025-06-21,16:15,Scaffolding,Scaffolding Area,Scaffold tie-backs removed prematurely during cladding.,Near Miss,42.9,MEDIUM,Clear,Day,83,0,8
INC-EXP-1825,2025-09-13,10:13,Housekeeping,Warehouse,Inadequate lighting along primary pedestrian egress corridor.,Moderate,20.2,LOW,Clear,Day,84,0,4
INC-EXP-1826,2024-11-18,14:36,Lifting,Loading Area,Crane outrigger placed on uncompacted soil.,Minor,63.4,HIGH,Rain,Day,77,2,4
INC-EXP-1827,2024-01-03,16:46,Material Handling,Warehouse,Unsecured pipes stored on slope without chocks.,Minor,21.6,LOW,Clear,Day,70,0,6
INC-EXP-1828,2024-03-30,11:06,Working at Height,Scaffolding Area,Improper harness inspection before elevated decking task.,Major,75.9,CRITICAL,Clear,Day,63,1,6
INC-EXP-1829,2024-05-23,17:03,Lifting,Loading Area,Load exceeded rated capacity of lifting equipment.,Moderate,44.9,MEDIUM,Adverse,Day,77,0,9
INC-EXP-1830,2025-01-20,14:46,Welding,Building Site,Inadequate ventilation observed during welding task.,Near Miss,34.9,MEDIUM,Clear,Day,85,0,9
INC-EXP-1831,2025-04-03,07:23,Vehicle Movement,Road/Access Area,Pedestrian and vehicle routes not segregated.,Moderate,66.1,CRITICAL,Adverse,Day,63,0,6
INC-EXP-1832,2025-05-13,07:59,Working at Height,Building Site,Work on leading edge without adequate perimeter protection.,Minor,47.0,MEDIUM,Clear,Day,82,0,1
INC-EXP-1833,2024-04-18,18:10,Housekeeping,Building Site,Emergency eyewash station blocked by storage boxes.,Minor,15.6,LOW,Clear,Day,78,0,3
INC-EXP-1834,2024-09-16,19:44,Electrical Work,Electrical Room,Arc flash PPE missing during high-voltage switchgear testing.,Near Miss,48.0,MEDIUM,Windy,Night,79,0,5
INC-EXP-1835,2024-11-11,11:33,Housekeeping,Warehouse,Liquid chemical spill without containment barrier.,Near Miss,30.2,MEDIUM,Clear,Day,81,1,7
INC-EXP-1836,2024-10-14,17:37,Electrical Work,Building Site,Uninsulated temporary power distribution board in active zone.,Minor,51.2,HIGH,Clear,Day,73,0,1
INC-EXP-1837,2025-05-11,12:18,Housekeeping,Building Site,Obstruction observed blocking emergency access route.,Near Miss,16.9,LOW,Rain,Day,87,0,4
INC-EXP-1838,2024-08-04,16:55,Material Handling,Warehouse,Unsecured pipes stored on slope without chocks.,Moderate,38.4,MEDIUM,Clear,Day,39,1,1
INC-EXP-1840,2025-11-20,07:31,Lifting,Warehouse,Improper lifting zone setup observed.,Near Miss,30.6,MEDIUM,Rain,Day,91,1,6
INC-EXP-1841,2024-12-08,13:31,Scaffolding,Scaffolding Area,Scaffold tie-backs removed prematurely during cladding.,Minor,22.8,LOW,Clear,Day,88,0,10
INC-EXP-1842,2024-03-06,08:43,Working at Height,Roof,Improper harness inspection before elevated decking task.,Minor,73.1,CRITICAL,Rain,Day,67,0,3
INC-EXP-1843,2024-12-29,10:40,Material Handling,Warehouse,Heavy drum handled without designated drum gripper.,Minor,21.7,LOW,Clear,Day,75,0,5
INC-EXP-1844,2024-02-28,10:59,Electrical Work,Electrical Room,Exposed wiring near a wet work area.,Near Miss,36.8,MEDIUM,Clear,Day,85,1,7
INC-EXP-1845,2025-08-26,06:50,Excavation,Road/Access Area,Inadequate barricading around excavation area.,Near Miss,59.8,HIGH,Rain,Day,58,0,1
INC-EXP-1846,2024-07-28,16:32,Housekeeping,Building Site,Obstruction observed blocking emergency access route.,Near Miss,21.1,LOW,Rain,Day,76,0,5
INC-EXP-1847,2024-02-09,16:44,Scaffolding,Building Site,Overloaded scaffold bay holding excess brick pallets.,Near Miss,17.4,LOW,Clear,Day,96,0,2
INC-EXP-1848,2025-04-23,21:55,Housekeeping,Building Site,Tools left in walking path after task completion.,Moderate,22.0,LOW,Windy,Night,76,0,4
INC-EXP-1849,2025-02-12,20:02,Lifting,Warehouse,Sling showing visible wear used during heavy assembly hoist.,Minor,41.6,MEDIUM,Clear,Night,76,0,11
INC-EXP-1850,2025-03-25,15:18,Material Handling,Warehouse,Manual handling of heavy load without mechanical aid.,Near Miss,14.3,LOW,Clear,Day,97,0,2
INC-EXP-1851,2025-09-04,14:06,Welding,Building Site,Damaged gas hose connected to oxy-fuel cutting cylinder.,Major,37.7,MEDIUM,Clear,Day,71,1,3
INC-EXP-1852,2025-11-12,12:08,Lifting,Loading Area,Tandem lift performed without approved lift plan.,Minor,29.6,MEDIUM,Clear,Day,91,0,11
INC-EXP-1853,2025-02-14,16:19,Excavation,Road/Access Area,Excavation depth exceeded benching ratio requirements.,Moderate,67.3,CRITICAL,Adverse,Day,46,0,4
INC-EXP-1854,2024-03-05,09:11,Confined Space,Electrical Room,No standby attendant present during confined space work.,Near Miss,44.7,MEDIUM,Clear,Day,92,0,5
INC-EXP-1855,2024-11-01,07:23,Material Handling,Loading Area,Stacked materials observed in an unstable configuration.,Moderate,56.4,HIGH,Adverse,Day,55,0,7
INC-EXP-1856,2025-12-25,23:19,Vehicle Movement,Road/Access Area,Forklift mast elevated while traveling in shared zone.,Near Miss,32.3,MEDIUM,Clear,Night,75,0,6
INC-EXP-1857,2024-06-17,22:09,Welding,Building Site,Combustible solvent containers stored within hot work radius.,Minor,39.5,MEDIUM,Rain,Night,71,1,7
INC-EXP-1858,2024-06-09,20:52,Electrical Work,Electrical Room,Damaged electrical cable observed.,Minor,44.3,MEDIUM,Clear,Night,93,2,2
INC-EXP-1859,2024-05-16,14:26,Excavation,Road/Access Area,Water accumulation undermining trench base after rain.,Major,53.3,HIGH,Clear,Day,62,0,2
INC-EXP-1860,2024-12-09,15:58,Housekeeping,Warehouse,Scrap timber with protruding nails left on ground.,Minor,11.4,LOW,Windy,Day,88,0,1
INC-EXP-1861,2024-08-24,08:47,Electrical Work,Building Site,Exposed wiring near a wet work area.,Moderate,11.9,LOW,Clear,Day,100,0,5
INC-EXP-1862,2024-07-28,19:54,Electrical Work,Electrical Room,Overloaded circuit breaker showing signs of overheating.,Moderate,73.1,CRITICAL,Rain,Night,61,0,9
INC-EXP-1863,2024-01-01,08:28,Vehicle Movement,Loading Area,Vehicle observed exceeding site speed limit.,Minor,45.2,MEDIUM,Rain,Day,67,0,6
INC-EXP-1864,2024-06-26,18:46,Lifting,Loading Area,Tag line omitted during crane load swinging operation.,Minor,62.2,HIGH,Rain,Day,78,3,2
INC-EXP-1865,2025-05-31,17:58,Scaffolding,Scaffolding Area,Scaffold tie-backs removed prematurely during cladding.,Near Miss,35.4,MEDIUM,Clear,Day,93,0,10
INC-EXP-1866,2024-03-07,15:44,Scaffolding,Building Site,"Scaffold base observed on uneven, unstable ground.",Minor,37.5,MEDIUM,Rain,Day,98,0,5
INC-EXP-1867,2024-02-18,09:00,Vehicle Movement,Road/Access Area,Missing high-visibility delineator posts along haul ramp.,Minor,40.4,MEDIUM,Windy,Day,82,0,9
INC-EXP-1868,2025-07-02,23:20,Electrical Work,Building Site,Damaged electrical cable observed.,Moderate,61.9,HIGH,Adverse,Night,78,1,2
INC-EXP-1869,2024-03-17,21:42,Lifting,Loading Area,Improper lifting zone setup observed.,Near Miss,40.4,MEDIUM,Windy,Night,78,0,6
INC-EXP-1870,2024-08-27,23:40,Vehicle Movement,Road/Access Area,Forklift mast elevated while traveling in shared zone.,Minor,47.7,MEDIUM,Adverse,Night,80,0,7
INC-EXP-1871,2025-03-04,10:46,Vehicle Movement,Road/Access Area,Vehicle reversing without a spotter present.,Near Miss,24.3,LOW,Clear,Day,79,0,3
INC-EXP-1872,2024-01-24,16:30,Working at Height,Scaffolding Area,Static line lifeline inspection overdue during roofing installation.,Moderate,40.6,MEDIUM,Clear,Day,96,1,6
INC-EXP-1873,2025-11-15,11:32,Confined Space,Electrical Room,Continuous gas monitor calibrated incorrectly before entry.,Major,39.3,MEDIUM,Rain,Day,100,0,2
INC-EXP-1874,2025-07-05,08:18,Housekeeping,Warehouse,Emergency eyewash station blocked by storage boxes.,Near Miss,9.5,LOW,Windy,Day,79,0,8
INC-EXP-1875,2025-08-18,18:45,Housekeeping,Warehouse,Spilled material not cleaned up promptly.,Minor,24.2,LOW,Clear,Day,77,0,7
INC-EXP-1876,2024-05-13,16:24,Working at Height,Scaffolding Area,Unprotected edge observed during elevated work.,Minor,43.4,MEDIUM,Clear,Day,85,0,4
INC-EXP-1877,2024-09-03,08:20,Vehicle Movement,Road/Access Area,Pedestrian and vehicle routes not segregated.,Moderate,41.6,MEDIUM,Clear,Day,78,1,5
INC-EXP-1878,2024-08-24,20:13,Electrical Work,Building Site,Damaged electrical cable observed.,Minor,31.9,MEDIUM,Clear,Night,100,1,7
INC-EXP-1879,2024-06-17,21:49,Working at Height,Scaffolding Area,Unprotected edge observed during elevated work.,Near Miss,54.2,HIGH,Rain,Night,73,0,5
INC-EXP-1880,2025-11-28,12:34,Lifting,Loading Area,Tag line omitted during crane load swinging operation.,Near Miss,31.4,MEDIUM,Clear,Day,87,1,7
INC-EXP-1881,2025-07-07,22:56,Material Handling,Loading Area,Pallet racking upright bent by handling equipment.,Near Miss,24.1,LOW,Clear,Night,74,0,6
INC-EXP-1882,2025-11-25,20:06,Welding,Building Site,Inadequate fume extraction during galvanized steel welding.,Minor,52.1,HIGH,Clear,Night,67,1,10
INC-EXP-1883,2024-10-29,22:29,Vehicle Movement,Road/Access Area,Vehicle observed exceeding site speed limit.,Minor,27.8,LOW,Rain,Night,100,0,5
INC-EXP-1884,2025-04-13,07:57,Electrical Work,Electrical Room,Uninsulated temporary power distribution board in active zone.,Moderate,50.1,HIGH,Adverse,Day,86,0,4
INC-EXP-1885,2025-06-07,11:22,Vehicle Movement,Loading Area,Missing high-visibility delineator posts along haul ramp.,Near Miss,28.0,LOW,Rain,Day,88,0,1
INC-EXP-1886,2024-04-30,11:14,Vehicle Movement,Loading Area,Pedestrian and vehicle routes not segregated.,Moderate,59.8,HIGH,Clear,Day,67,2,6
INC-EXP-1887,2025-12-20,16:12,Welding,Building Site,Welding cables crossing wet floor without insulation mats.,Moderate,32.5,MEDIUM,Clear,Day,71,0,5
INC-EXP-1888,2025-04-24,19:39,Housekeeping,Warehouse,Obstruction observed blocking emergency access route.,Minor,17.1,LOW,Clear,Night,100,1,7
INC-EXP-1889,2024-07-02,13:07,Housekeeping,Warehouse,Tools left in walking path after task completion.,Near Miss,22.0,LOW,Clear,Day,76,1,7
INC-EXP-1890,2024-11-08,19:17,Lifting,Loading Area,Sling showing visible wear used during heavy assembly hoist.,Moderate,66.7,CRITICAL,Rain,Night,62,2,6
INC-EXP-1891,2025-05-18,21:42,Housekeeping,Building Site,Emergency eyewash station blocked by storage boxes.,Near Miss,23.9,LOW,Clear,Night,72,0,2
INC-EXP-1892,2025-05-11,08:47,Scaffolding,Scaffolding Area,Missing toe-boards on working platform exceeding six feet.,Near Miss,68.8,CRITICAL,Clear,Day,69,0,5
INC-EXP-1893,2024-03-10,09:11,Housekeeping,Warehouse,Scrap timber with protruding nails left on ground.,Near Miss,30.9,MEDIUM,Clear,Day,63,0,4
INC-EXP-1894,2025-02-04,18:13,Housekeeping,Warehouse,Emergency eyewash station blocked by storage boxes.,Near Miss,25.0,LOW,Clear,Day,78,0,2
INC-EXP-1895,2024-01-02,14:58,Vehicle Movement,Road/Access Area,Vehicle reversing without a spotter present.,Moderate,47.7,MEDIUM,Rain,Day,61,0,2
INC-EXP-1896,2025-10-23,08:10,Electrical Work,Electrical Room,Live electrical panel left unlocked and unattended.,Minor,43.9,MEDIUM,Windy,Day,70,0,8
INC-EXP-1897,2026-01-11,19:39,Excavation,Road/Access Area,Inadequate barricading around excavation area.,Minor,58.3,HIGH,Clear,Night,71,0,9
INC-EXP-1898,2025-01-17,19:05,Electrical Work,Building Site,Absence of GFCI protection on portable power tools.,Minor,19.3,LOW,Clear,Night,100,0,4
INC-EXP-1899,2024-07-15,20:50,Lifting,Loading Area,Crane outrigger placed on uncompacted soil.,Near Miss,45.2,MEDIUM,Rain,Night,73,0,1
INC-EXP-1900,2025-08-28,21:11,Welding,Warehouse,Inadequate fume extraction during galvanized steel welding.,Moderate,55.8,HIGH,Rain,Night,64,0,4
INC-EXP-1901,2025-04-27,16:58,Excavation,Excavation Area,Water accumulation undermining trench base after rain.,Major,51.1,HIGH,Clear,Day,61,0,8
INC-EXP-1902,2025-10-12,21:08,Confined Space,Electrical Room,Restricted egress portal partially blocked by ventilation ducting.,Major,66.8,CRITICAL,Adverse,Night,86,1,9
INC-EXP-1903,2025-10-31,14:29,Housekeeping,Building Site,Liquid chemical spill without containment barrier.,Moderate,25.1,LOW,Rain,Day,73,0,4
INC-EXP-1904,2025-03-31,07:34,Vehicle Movement,Loading Area,Vehicle observed exceeding site speed limit.,Minor,17.2,LOW,Clear,Day,90,0,5
INC-EXP-1905,2024-02-26,11:50,Working at Height,Building Site,Fall arrest harness not properly anchored.,Minor,61.0,HIGH,Adverse,Day,75,0,11
INC-EXP-1906,2024-07-29,11:53,Welding,Warehouse,Welding conducted near flammable materials.,Near Miss,16.0,LOW,Clear,Day,85,0,8
INC-EXP-1907,2025-07-09,19:38,Vehicle Movement,Road/Access Area,Unattended vehicle left idling on active haul road.,Near Miss,42.3,MEDIUM,Clear,Night,68,0,6
INC-EXP-1908,2024-03-15,23:04,Excavation,Excavation Area,Spoil pile placed too close to excavation edge.,Minor,69.4,CRITICAL,Clear,Night,63,0,8
INC-EXP-1909,2025-12-11,12:30,Scaffolding,Building Site,Scaffold tie-backs removed prematurely during cladding.,Near Miss,67.7,CRITICAL,Adverse,Day,100,2,9
INC-EXP-1910,2025-01-08,16:27,Vehicle Movement,Loading Area,Blind spot hazard noted at site access road.,Near Miss,12.9,LOW,Clear,Day,100,0,8
INC-EXP-1911,2024-03-16,15:46,Material Handling,Loading Area,Improper storage of materials near a walkway.,Near Miss,44.4,MEDIUM,Clear,Day,83,2,9
INC-EXP-1912,2025-10-13,23:50,Housekeeping,Warehouse,Debris accumulation observed in walkway.,Near Miss,12.3,LOW,Clear,Night,88,1,3
INC-EXP-1913,2024-08-03,09:28,Vehicle Movement,Road/Access Area,Pedestrian and vehicle routes not segregated.,Near Miss,47.2,MEDIUM,Clear,Day,64,0,5
INC-EXP-1914,2024-07-10,13:04,Working at Height,Building Site,Worker observed near roof edge without guardrail.,Major,60.4,HIGH,Rain,Day,72,1,2
INC-EXP-1915,2025-01-29,22:07,Scaffolding,Scaffolding Area,"Scaffold base observed on uneven, unstable ground.",Near Miss,34.6,MEDIUM,Clear,Night,71,0,4
INC-EXP-1916,2025-06-10,17:37,Welding,Building Site,Fire watch not posted during hot work.,Moderate,36.8,MEDIUM,Clear,Day,61,0,5
INC-EXP-1917,2025-10-18,07:39,Working at Height,Scaffolding Area,Ladder used beyond recommended height without stabilization.,Minor,41.3,MEDIUM,Clear,Day,86,0,6
INC-EXP-1918,2024-09-01,21:59,Housekeeping,Warehouse,Inadequate lighting along primary pedestrian egress corridor.,Near Miss,41.1,MEDIUM,Adverse,Night,87,1,5
INC-EXP-1919,2024-05-28,13:55,Working at Height,Roof,Static line lifeline inspection overdue during roofing installation.,Near Miss,52.6,HIGH,Clear,Day,82,0,9
INC-EXP-1920,2024-08-09,08:24,Vehicle Movement,Road/Access Area,Reversing alarm inoperative on earthmoving equipment.,Moderate,44.9,MEDIUM,Adverse,Day,63,0,8
INC-EXP-1921,2024-01-12,17:01,Material Handling,Warehouse,Excessive repetitive lifting without job rotation.,Minor,28.3,MEDIUM,Clear,Day,52,0,5
INC-EXP-1922,2025-08-18,09:52,Vehicle Movement,Road/Access Area,Blind spot hazard noted at site access road.,Minor,48.6,HIGH,Adverse,Day,84,0,4
INC-EXP-1923,2025-12-06,23:15,Electrical Work,Electrical Room,Arc flash PPE missing during high-voltage switchgear testing.,Near Miss,42.0,MEDIUM,Clear,Night,100,1,10
INC-EXP-1924,2024-09-11,11:18,Electrical Work,Electrical Room,Exposed wiring near a wet work area.,Minor,24.1,LOW,Clear,Day,91,0,10
INC-EXP-1925,2024-09-15,23:46,Electrical Work,Building Site,Improper lockout/tagout procedure observed.,Moderate,49.6,HIGH,Rain,Night,90,0,4
INC-EXP-1926,2025-03-03,16:13,Excavation,Excavation Area,Excavation depth exceeded benching ratio requirements.,Minor,60.5,HIGH,Rain,Day,60,0,4
INC-EXP-1927,2025-03-15,15:31,Welding,Warehouse,Combustible solvent containers stored within hot work radius.,Near Miss,24.8,LOW,Clear,Day,92,0,4
INC-EXP-1928,2024-05-01,17:51,Lifting,Building Site,Load exceeded rated capacity of lifting equipment.,Minor,44.0,MEDIUM,Clear,Day,64,0,6
INC-EXP-1929,2024-03-17,15:07,Lifting,Building Site,Load exceeded rated capacity of lifting equipment.,Minor,17.0,LOW,Clear,Day,97,0,6
INC-EXP-1930,2025-07-23,19:16,Excavation,Road/Access Area,Excavation walls showing signs of instability.,Moderate,33.4,MEDIUM,Clear,Night,83,0,6
INC-EXP-1931,2025-10-27,07:42,Material Handling,Loading Area,Excessive repetitive lifting without job rotation.,Moderate,34.4,MEDIUM,Rain,Day,83,0,1
INC-EXP-1932,2024-12-03,19:30,Confined Space,Excavation Area,No standby attendant present during confined space work.,Major,51.0,HIGH,Clear,Night,71,0,10
INC-EXP-1933,2025-10-15,18:49,Housekeeping,Building Site,Emergency eyewash station blocked by storage boxes.,Minor,15.1,LOW,Adverse,Day,96,0,4
INC-EXP-1934,2024-10-18,13:31,Material Handling,Warehouse,Obstructed walkway due to stored materials.,Minor,23.7,LOW,Adverse,Day,93,0,6
INC-EXP-1935,2024-11-24,06:03,Welding,Warehouse,Damaged gas hose connected to oxy-fuel cutting cylinder.,Near Miss,38.2,MEDIUM,Rain,Day,78,1,5
INC-EXP-1936,2026-01-05,15:41,Excavation,Excavation Area,Spoil pile placed too close to excavation edge.,Near Miss,54.9,HIGH,Clear,Day,71,1,9
INC-EXP-1937,2025-12-10,07:43,Vehicle Movement,Road/Access Area,Pedestrian and vehicle routes not segregated.,Minor,26.2,LOW,Clear,Day,90,0,5
INC-EXP-1938,2024-09-13,21:59,Excavation,Road/Access Area,Spoil pile placed too close to excavation edge.,Near Miss,36.9,MEDIUM,Rain,Night,76,0,7
INC-EXP-1939,2024-09-28,13:37,Excavation,Road/Access Area,Water accumulation undermining trench base after rain.,Near Miss,28.0,MEDIUM,Clear,Day,89,0,9
INC-EXP-1940,2024-01-14,22:58,Electrical Work,Building Site,Live electrical panel left unlocked and unattended.,Near Miss,53.0,HIGH,Clear,Night,56,0,9
INC-EXP-1941,2025-10-07,23:18,Excavation,Road/Access Area,Spoil pile placed too close to excavation edge.,Near Miss,32.5,MEDIUM,Clear,Night,86,0,1
INC-EXP-1942,2025-09-30,18:55,Electrical Work,Building Site,Damaged electrical cable observed.,Near Miss,41.5,MEDIUM,Clear,Day,77,0,1
INC-EXP-1943,2024-02-08,13:03,Excavation,Road/Access Area,Spoil pile placed too close to excavation edge.,Near Miss,45.5,MEDIUM,Rain,Day,92,0,7
INC-EXP-1944,2025-12-13,08:25,Welding,Building Site,Welding cables crossing wet floor without insulation mats.,Near Miss,53.0,HIGH,Windy,Day,54,0,7
INC-EXP-1945,2025-07-06,10:11,Working at Height,Roof,Work on leading edge without adequate perimeter protection.,Minor,65.5,CRITICAL,Clear,Day,67,0,4
INC-EXP-1946,2024-09-17,17:25,Material Handling,Loading Area,Improper storage of materials near a walkway.,Minor,40.7,MEDIUM,Clear,Day,59,0,1
INC-EXP-1947,2024-11-03,15:00,Scaffolding,Building Site,Scaffold tie-backs removed prematurely during cladding.,Minor,41.2,MEDIUM,Clear,Day,84,0,4
INC-EXP-1948,2024-05-04,06:05,Material Handling,Warehouse,Excessive repetitive lifting without job rotation.,Near Miss,18.2,LOW,Clear,Day,61,0,1
INC-EXP-1949,2024-12-17,09:49,Electrical Work,Building Site,Exposed wiring near a wet work area.,Near Miss,49.2,HIGH,Rain,Day,57,0,3
INC-EXP-1950,2026-01-13,17:48,Working at Height,Building Site,Static line lifeline inspection overdue during roofing installation.,Major,68.5,CRITICAL,Adverse,Day,83,2,2
INC-EXP-1951,2024-08-25,22:22,Vehicle Movement,Loading Area,Blind spot hazard noted at site access road.,Moderate,21.0,LOW,Rain,Night,85,0,5
INC-EXP-1952,2024-02-23,22:33,Scaffolding,Scaffolding Area,Scaffold tie-backs removed prematurely during cladding.,Moderate,42.6,MEDIUM,Rain,Night,86,0,9
INC-EXP-1953,2024-06-28,10:46,Excavation,Road/Access Area,Water accumulation undermining trench base after rain.,Moderate,63.4,HIGH,Rain,Day,92,3,7
INC-EXP-1954,2024-05-15,08:55,Excavation,Road/Access Area,Excavation depth exceeded benching ratio requirements.,Near Miss,26.8,LOW,Clear,Day,100,0,7
INC-EXP-1955,2025-01-23,15:23,Working at Height,Building Site,Improper harness inspection before elevated decking task.,Major,65.8,CRITICAL,Clear,Day,82,3,10
INC-EXP-1956,2025-05-10,06:08,Housekeeping,Building Site,Obstruction observed blocking emergency access route.,Near Miss,9.5,LOW,Clear,Day,64,0,1
INC-EXP-1957,2024-01-05,17:25,Excavation,Road/Access Area,Excavation depth exceeded benching ratio requirements.,Moderate,34.4,MEDIUM,Clear,Day,100,0,2
INC-EXP-1958,2024-04-11,19:18,Scaffolding,Scaffolding Area,Incomplete scaffold tagging system observed.,Major,29.2,MEDIUM,Clear,Night,100,0,6
INC-EXP-1959,2024-02-25,11:53,Confined Space,Electrical Room,Restricted egress portal partially blocked by ventilation ducting.,Moderate,46.7,MEDIUM,Clear,Day,84,0,9
INC-EXP-1960,2024-02-10,07:58,Electrical Work,Building Site,Overloaded circuit breaker showing signs of overheating.,Major,42.1,MEDIUM,Clear,Day,93,0,4
INC-EXP-1961,2024-07-15,23:02,Scaffolding,Building Site,"Scaffold base observed on uneven, unstable ground.",Minor,47.7,MEDIUM,Rain,Night,100,0,2
INC-EXP-1962,2025-06-06,06:04,Confined Space,Electrical Room,Emergency retrieval system not set up before entry.,Near Miss,58.1,HIGH,Rain,Day,79,0,2
INC-EXP-1963,2024-03-21,22:21,Vehicle Movement,Road/Access Area,Missing high-visibility delineator posts along haul ramp.,Near Miss,31.0,MEDIUM,Rain,Night,81,0,4
INC-EXP-1964,2025-04-08,19:27,Vehicle Movement,Road/Access Area,Vehicle observed exceeding site speed limit.,Near Miss,45.1,MEDIUM,Adverse,Night,75,0,6
INC-EXP-1966,2025-12-13,10:44,Excavation,Excavation Area,Inadequate barricading around excavation area.,Minor,54.4,HIGH,Rain,Day,74,0,1
INC-EXP-1967,2025-09-21,22:27,Electrical Work,Building Site,Overloaded circuit breaker showing signs of overheating.,Moderate,21.3,LOW,Clear,Night,87,0,1
INC-EXP-1968,2025-01-11,20:54,Vehicle Movement,Loading Area,Forklift mast elevated while traveling in shared zone.,Minor,55.7,HIGH,Adverse,Night,70,0,3
INC-EXP-1969,2024-05-30,12:05,Vehicle Movement,Road/Access Area,Reversing alarm inoperative on earthmoving equipment.,Minor,51.2,HIGH,Adverse,Day,93,1,5
INC-EXP-1970,2024-02-11,22:23,Electrical Work,Building Site,Uninsulated temporary power distribution board in active zone.,Near Miss,66.5,CRITICAL,Windy,Night,66,0,4
INC-EXP-1971,2024-03-24,11:04,Working at Height,Building Site,Worker observed near roof edge without guardrail.,Near Miss,45.3,MEDIUM,Clear,Day,79,0,1
INC-EXP-1972,2025-02-07,14:19,Vehicle Movement,Loading Area,Blind spot hazard noted at site access road.,Moderate,44.4,MEDIUM,Rain,Day,62,1,1
INC-EXP-1973,2025-06-18,07:19,Scaffolding,Building Site,Overloaded scaffold bay holding excess brick pallets.,Minor,37.3,MEDIUM,Clear,Day,83,0,4
INC-EXP-1974,2024-07-28,15:11,Confined Space,Electrical Room,Continuous gas monitor calibrated incorrectly before entry.,Major,72.7,CRITICAL,Rain,Day,62,1,10
INC-EXP-1975,2024-09-29,16:45,Housekeeping,Warehouse,Liquid chemical spill without containment barrier.,Minor,14.3,LOW,Clear,Day,84,0,1
INC-EXP-1976,2024-02-04,20:28,Housekeeping,Warehouse,Debris accumulation observed in walkway.,Near Miss,17.5,LOW,Clear,Night,71,0,8
INC-EXP-1977,2025-04-25,16:39,Scaffolding,Scaffolding Area,Scaffold access partially obstructed.,Minor,47.4,MEDIUM,Clear,Day,70,0,10
INC-EXP-1978,2025-07-26,13:04,Confined Space,Electrical Room,Confined space entry without atmospheric testing.,Major,75.0,CRITICAL,Clear,Day,62,0,11
INC-EXP-1979,2025-01-23,13:35,Welding,Building Site,Damaged gas hose connected to oxy-fuel cutting cylinder.,Near Miss,28.3,MEDIUM,Clear,Day,84,0,1
INC-EXP-1980,2025-11-06,15:22,Scaffolding,Building Site,Overloaded scaffold bay holding excess brick pallets.,Major,33.0,MEDIUM,Clear,Day,89,1,4
INC-EXP-1981,2024-10-05,06:29,Electrical Work,Building Site,Damaged electrical cable observed.,Minor,25.7,LOW,Clear,Day,86,0,5
INC-EXP-1982,2025-05-19,06:54,Excavation,Road/Access Area,Excavation depth exceeded benching ratio requirements.,Moderate,37.6,MEDIUM,Clear,Day,50,0,3
INC-EXP-1983,2024-11-02,07:21,Material Handling,Warehouse,Stacked materials observed in an unstable configuration.,Minor,32.9,MEDIUM,Rain,Day,75,0,4
INC-EXP-1984,2024-03-02,08:33,Electrical Work,Electrical Room,Absence of GFCI protection on portable power tools.,Near Miss,46.0,MEDIUM,Clear,Day,80,0,4
INC-EXP-1985,2024-12-24,18:13,Housekeeping,Warehouse,Tools left in walking path after task completion.,Near Miss,17.3,LOW,Clear,Day,84,0,2
INC-EXP-1986,2025-11-15,13:16,Material Handling,Warehouse,Obstructed walkway due to stored materials.,Major,51.8,HIGH,Rain,Day,67,0,8
INC-EXP-1987,2024-06-04,06:32,Excavation,Road/Access Area,Trench box not extended above trench crest in loose soil.,Moderate,79.4,CRITICAL,Clear,Day,67,1,7
INC-EXP-1988,2025-10-13,12:07,Welding,Building Site,Welding conducted near flammable materials.,Minor,51.1,HIGH,Rain,Day,69,1,2
INC-EXP-1989,2025-12-21,14:49,Vehicle Movement,Loading Area,Reversing alarm inoperative on earthmoving equipment.,Near Miss,47.1,MEDIUM,Rain,Day,51,0,7
INC-EXP-1990,2025-06-08,15:48,Welding,Warehouse,Fire watch not posted during hot work.,Near Miss,31.2,MEDIUM,Clear,Day,67,0,4
INC-EXP-1991,2024-04-23,23:22,Electrical Work,Electrical Room,Overloaded circuit breaker showing signs of overheating.,Major,78.6,CRITICAL,Adverse,Night,86,3,8
INC-EXP-1992,2024-07-08,14:57,Lifting,Building Site,Crane outrigger placed on uncompacted soil.,Minor,48.2,HIGH,Adverse,Day,99,1,5
INC-EXP-1993,2025-11-11,14:54,Vehicle Movement,Road/Access Area,Pedestrian and vehicle routes not segregated.,Minor,22.9,LOW,Clear,Day,94,0,4
INC-EXP-1994,2025-11-03,11:50,Confined Space,Excavation Area,Continuous gas monitor calibrated incorrectly before entry.,Minor,54.7,HIGH,Clear,Day,58,0,7
INC-EXP-1995,2025-01-14,06:45,Electrical Work,Electrical Room,Exposed wiring near a wet work area.,Moderate,53.0,HIGH,Windy,Day,73,1,4
INC-EXP-1996,2024-01-14,13:55,Material Handling,Warehouse,Pallet racking upright bent by handling equipment.,Minor,41.1,MEDIUM,Clear,Day,67,0,5
INC-EXP-1997,2025-03-10,22:42,Lifting,Warehouse,Exclusion zone around lift not maintained.,Near Miss,36.5,MEDIUM,Clear,Night,56,0,4
INC-EXP-1998,2025-10-27,21:50,Confined Space,Excavation Area,Emergency retrieval system not set up before entry.,Moderate,77.9,CRITICAL,Rain,Night,77,1,9
INC-EXP-1999,2024-10-04,20:23,Material Handling,Warehouse,Stacked materials observed in an unstable configuration.,Moderate,55.2,HIGH,Windy,Night,58,0,5
INC-EXP-2000,2024-08-29,20:30,Vehicle Movement,Road/Access Area,Vehicle observed exceeding site speed limit.,Moderate,54.1,HIGH,Adverse,Night,71,0,6
INC-EXP-2001,2024-02-01,20:43,Electrical Work,Building Site,Damaged electrical cable observed.,Near Miss,40.4,MEDIUM,Clear,Night,75,0,2
INC-EXP-2002,2024-03-27,20:03,Material Handling,Loading Area,Excessive repetitive lifting without job rotation.,Near Miss,46.1,MEDIUM,Rain,Night,78,0,5
INC-EXP-2003,2024-09-28,21:24,Material Handling,Warehouse,Manual handling of heavy load without mechanical aid.,Near Miss,34.1,MEDIUM,Clear,Night,79,0,5
INC-EXP-2004,2024-11-20,06:36,Housekeeping,Warehouse,Spilled material not cleaned up promptly.,Minor,30.9,MEDIUM,Adverse,Day,78,0,4
INC-EXP-2005,2024-10-26,10:54,Vehicle Movement,Road/Access Area,Pedestrian and vehicle routes not segregated.,Minor,28.7,MEDIUM,Clear,Day,100,0,3
INC-EXP-2006,2025-01-20,15:21,Vehicle Movement,Road/Access Area,Forklift mast elevated while traveling in shared zone.,Near Miss,27.8,LOW,Windy,Day,77,0,7
INC-EXP-2007,2025-02-08,15:05,Housekeeping,Building Site,Emergency eyewash station blocked by storage boxes.,Minor,33.3,MEDIUM,Rain,Day,64,0,1
INC-EXP-2008,2024-01-02,23:10,Welding,Building Site,Damaged gas hose connected to oxy-fuel cutting cylinder.,Near Miss,31.1,MEDIUM,Clear,Night,87,0,2
INC-EXP-2009,2025-06-09,08:47,Excavation,Excavation Area,Excavation walls showing signs of instability.,Major,55.9,HIGH,Rain,Day,86,1,10
INC-EXP-2010,2024-01-21,15:23,Confined Space,Excavation Area,Restricted egress portal partially blocked by ventilation ducting.,Major,85.5,CRITICAL,Adverse,Day,58,0,10
INC-EXP-2011,2025-05-23,14:12,Welding,Warehouse,Welding screen missing in shared work area.,Minor,48.1,HIGH,Clear,Day,81,1,9
INC-EXP-2012,2025-07-27,09:30,Welding,Warehouse,Damaged gas hose connected to oxy-fuel cutting cylinder.,Moderate,30.2,MEDIUM,Clear,Day,95,0,6
INC-EXP-2013,2025-04-19,13:15,Welding,Warehouse,Combustible solvent containers stored within hot work radius.,Minor,46.6,MEDIUM,Adverse,Day,75,0,5
INC-EXP-2014,2025-02-27,22:07,Vehicle Movement,Loading Area,Vehicle reversing without a spotter present.,Minor,36.0,MEDIUM,Clear,Night,51,0,4
INC-EXP-2015,2024-08-29,06:43,Confined Space,Electrical Room,Permit-required confined space entry log not signed.,Moderate,62.3,HIGH,Adverse,Day,83,0,8
INC-EXP-2016,2025-11-19,08:24,Electrical Work,Electrical Room,Uninsulated temporary power distribution board in active zone.,Moderate,38.2,MEDIUM,Clear,Day,85,0,5
INC-EXP-2017,2024-11-27,15:16,Excavation,Excavation Area,Inadequate barricading around excavation area.,Major,66.3,CRITICAL,Adverse,Day,75,1,11
INC-EXP-2018,2024-01-31,06:36,Welding,Warehouse,Fire watch not posted during hot work.,Minor,37.0,MEDIUM,Windy,Day,84,0,9
INC-EXP-2019,2024-10-23,18:49,Welding,Building Site,Inadequate ventilation observed during welding task.,Near Miss,19.1,LOW,Rain,Day,88,0,4
INC-EXP-2020,2025-10-02,07:29,Lifting,Warehouse,Sling showing visible wear used during heavy assembly hoist.,Major,20.4,LOW,Clear,Day,86,0,5
INC-EXP-2021,2024-12-27,23:38,Material Handling,Warehouse,Heavy drum handled without designated drum gripper.,Minor,30.2,MEDIUM,Adverse,Night,100,0,1
INC-EXP-2022,2024-08-16,07:37,Electrical Work,Electrical Room,Uninsulated temporary power distribution board in active zone.,Moderate,47.5,MEDIUM,Clear,Day,82,1,2
INC-EXP-2023,2024-02-27,09:34,Scaffolding,Building Site,Scaffold tie-backs removed prematurely during cladding.,Near Miss,26.9,LOW,Clear,Day,96,0,5
INC-EXP-2024,2024-05-04,19:37,Vehicle Movement,Loading Area,Vehicle observed exceeding site speed limit.,Near Miss,40.8,MEDIUM,Clear,Night,69,0,1
INC-EXP-2025,2025-05-20,06:45,Scaffolding,Scaffolding Area,Damaged ladder rung on internal scaffold access tower.,Near Miss,33.1,MEDIUM,Clear,Day,92,0,7
INC-EXP-2026,2024-11-09,15:02,Scaffolding,Scaffolding Area,Missing toe-boards on working platform exceeding six feet.,Major,56.2,HIGH,Clear,Day,64,0,6
INC-EXP-2027,2024-05-03,13:54,Material Handling,Loading Area,Obstructed walkway due to stored materials.,Minor,23.1,LOW,Clear,Day,80,0,4
INC-EXP-2028,2025-06-27,06:02,Vehicle Movement,Road/Access Area,Reversing alarm inoperative on earthmoving equipment.,Moderate,31.4,MEDIUM,Clear,Day,60,0,5
INC-EXP-2029,2025-01-18,12:14,Material Handling,Warehouse,Unsecured pipes stored on slope without chocks.,Near Miss,58.3,HIGH,Windy,Day,76,3,5
INC-EXP-2030,2024-09-12,14:29,Electrical Work,Building Site,Overloaded circuit breaker showing signs of overheating.,Minor,74.6,CRITICAL,Windy,Day,71,3,6
INC-EXP-2031,2025-06-14,18:29,Working at Height,Scaffolding Area,Improper harness inspection before elevated decking task.,Major,73.8,CRITICAL,Rain,Day,60,0,5
INC-EXP-2032,2025-04-30,15:47,Electrical Work,Building Site,Exposed wiring near a wet work area.,Minor,43.8,MEDIUM,Clear,Day,84,0,4
INC-EXP-2033,2024-08-10,09:49,Confined Space,Excavation Area,Continuous gas monitor calibrated incorrectly before entry.,Near Miss,62.0,HIGH,Adverse,Day,76,0,3
INC-EXP-2034,2025-03-23,15:03,Material Handling,Warehouse,Pallet racking upright bent by handling equipment.,Moderate,55.8,HIGH,Rain,Day,59,1,7
INC-EXP-2035,2025-01-17,20:56,Scaffolding,Scaffolding Area,Overloaded scaffold bay holding excess brick pallets.,Moderate,75.9,CRITICAL,Rain,Night,41,1,5
INC-EXP-2036,2025-06-11,16:22,Welding,Warehouse,Combustible solvent containers stored within hot work radius.,Minor,45.9,MEDIUM,Adverse,Day,79,0,7
INC-EXP-2037,2025-01-19,08:07,Vehicle Movement,Road/Access Area,Pedestrian and vehicle routes not segregated.,Minor,32.7,MEDIUM,Clear,Day,82,0,5
INC-EXP-2038,2025-08-11,09:13,Vehicle Movement,Road/Access Area,Reversing alarm inoperative on earthmoving equipment.,Major,48.3,HIGH,Adverse,Day,90,0,4
INC-EXP-2039,2024-06-26,07:07,Excavation,Road/Access Area,Water accumulation undermining trench base after rain.,Minor,45.0,MEDIUM,Clear,Day,76,0,5
INC-EXP-2040,2024-06-08,14:50,Material Handling,Warehouse,Improper storage of materials near a walkway.,Moderate,11.6,LOW,Clear,Day,86,0,5
INC-EXP-2041,2025-01-20,16:27,Electrical Work,Electrical Room,Damaged electrical cable observed.,Moderate,37.0,MEDIUM,Clear,Day,36,0,4
INC-EXP-2042,2025-06-01,08:59,Excavation,Excavation Area,Inadequate barricading around excavation area.,Major,45.8,MEDIUM,Rain,Day,89,0,1
INC-EXP-2043,2025-07-16,08:41,Lifting,Loading Area,Load exceeded rated capacity of lifting equipment.,Moderate,56.7,HIGH,Rain,Day,84,2,12
INC-EXP-2044,2024-09-09,08:24,Scaffolding,Building Site,Scaffold access partially obstructed.,Near Miss,37.7,MEDIUM,Clear,Day,67,0,4
INC-EXP-2045,2025-09-14,17:56,Lifting,Warehouse,Improper lifting zone setup observed.,Moderate,67.0,CRITICAL,Adverse,Day,56,0,7
INC-EXP-2046,2025-10-07,18:13,Electrical Work,Building Site,Arc flash PPE missing during high-voltage switchgear testing.,Near Miss,57.5,HIGH,Clear,Day,54,1,9
INC-EXP-2047,2025-11-17,11:12,Lifting,Loading Area,Tandem lift performed without approved lift plan.,Minor,39.8,MEDIUM,Rain,Day,78,1,7
INC-EXP-2048,2024-08-23,06:41,Welding,Warehouse,Welding conducted near flammable materials.,Moderate,31.5,MEDIUM,Clear,Day,98,1,2
INC-EXP-2049,2025-01-10,18:39,Excavation,Excavation Area,No safe access/egress ladder provided in trench.,Major,57.0,HIGH,Rain,Day,74,0,9
INC-EXP-2050,2025-11-24,14:05,Working at Height,Roof,Fall arrest harness not properly anchored.,Near Miss,45.1,MEDIUM,Clear,Day,83,0,8
INC-EXP-2051,2024-05-31,08:44,Lifting,Loading Area,Rigging inspection not completed before lift.,Minor,33.2,MEDIUM,Clear,Day,55,0,4
INC-EXP-2052,2025-05-04,13:27,Housekeeping,Building Site,Obstruction observed blocking emergency access route.,Near Miss,53.4,HIGH,Adverse,Day,63,0,11
INC-EXP-2053,2024-04-29,12:40,Working at Height,Building Site,Unsecured tools at elevated height posing drop hazard.,Near Miss,44.6,MEDIUM,Clear,Day,83,0,4
INC-EXP-2054,2025-01-03,15:50,Vehicle Movement,Loading Area,Missing high-visibility delineator posts along haul ramp.,Near Miss,28.3,MEDIUM,Rain,Day,72,0,4
INC-EXP-2055,2024-12-21,13:39,Working at Height,Building Site,Work on leading edge without adequate perimeter protection.,Minor,36.8,MEDIUM,Clear,Day,89,0,6
INC-EXP-2056,2024-06-10,06:46,Lifting,Building Site,Exclusion zone around lift not maintained.,Near Miss,22.4,LOW,Clear,Day,97,0,9
INC-EXP-2057,2025-07-12,11:58,Working at Height,Roof,Work on leading edge without adequate perimeter protection.,Minor,51.4,HIGH,Clear,Day,78,0,4
INC-EXP-2058,2024-05-29,20:37,Material Handling,Loading Area,Unsecured pipes stored on slope without chocks.,Near Miss,40.5,MEDIUM,Rain,Night,75,0,8
INC-EXP-2059,2025-06-08,06:28,Vehicle Movement,Loading Area,Unattended vehicle left idling on active haul road.,Minor,54.8,HIGH,Windy,Day,42,0,1
INC-EXP-2060,2025-11-15,14:52,Confined Space,Excavation Area,Restricted egress portal partially blocked by ventilation ducting.,Moderate,76.8,CRITICAL,Clear,Day,53,0,1
INC-EXP-2061,2024-01-24,08:19,Welding,Building Site,Damaged gas hose connected to oxy-fuel cutting cylinder.,Minor,24.1,LOW,Clear,Day,80,0,3
INC-EXP-2062,2024-07-07,19:33,Excavation,Excavation Area,Trench box not extended above trench crest in loose soil.,Major,77.7,CRITICAL,Rain,Night,69,1,3
INC-EXP-2063,2024-05-27,20:02,Welding,Warehouse,Welding conducted near flammable materials.,Near Miss,33.6,MEDIUM,Clear,Night,79,1,4
INC-EXP-2064,2025-04-22,13:34,Material Handling,Loading Area,Excessive repetitive lifting without job rotation.,Minor,29.9,MEDIUM,Clear,Day,99,0,10
INC-EXP-2065,2025-01-02,23:35,Scaffolding,Building Site,Scaffold access partially obstructed.,Minor,33.3,MEDIUM,Clear,Night,89,1,7
INC-EXP-2066,2025-04-16,10:17,Material Handling,Loading Area,Heavy drum handled without designated drum gripper.,Moderate,57.0,HIGH,Adverse,Day,66,0,4
INC-EXP-2067,2024-10-17,08:13,Electrical Work,Electrical Room,Overloaded circuit breaker showing signs of overheating.,Near Miss,43.2,MEDIUM,Clear,Day,72,0,8
INC-EXP-2068,2024-09-21,09:45,Vehicle Movement,Loading Area,Blind spot hazard noted at site access road.,Minor,29.5,MEDIUM,Clear,Day,79,0,4
INC-EXP-2069,2024-02-16,15:20,Material Handling,Loading Area,Pallet racking upright bent by handling equipment.,Minor,24.9,LOW,Clear,Day,77,0,2
INC-EXP-2070,2025-11-14,09:52,Confined Space,Excavation Area,Continuous gas monitor calibrated incorrectly before entry.,Major,73.0,CRITICAL,Adverse,Day,66,0,4
INC-EXP-2071,2025-08-23,13:51,Confined Space,Electrical Room,Ventilation equipment not in place for confined space entry.,Moderate,51.1,HIGH,Clear,Day,80,0,3
INC-EXP-2072,2025-02-09,18:33,Working at Height,Scaffolding Area,Improper harness inspection before elevated decking task.,Near Miss,30.9,MEDIUM,Clear,Day,91,0,4
INC-EXP-2073,2025-08-07,10:16,Electrical Work,Building Site,Damaged electrical cable observed.,Near Miss,44.5,MEDIUM,Rain,Day,74,0,6
INC-EXP-2074,2025-11-19,08:36,Scaffolding,Building Site,Incomplete scaffold tagging system observed.,Minor,61.9,HIGH,Rain,Day,63,0,6
INC-EXP-2075,2025-10-16,12:34,Working at Height,Building Site,Worker observed near roof edge without guardrail.,Minor,35.2,MEDIUM,Clear,Day,70,0,9
INC-EXP-2076,2025-12-02,15:47,Material Handling,Warehouse,Manual handling of heavy load without mechanical aid.,Near Miss,35.5,MEDIUM,Windy,Day,75,1,5
INC-EXP-2077,2024-11-01,07:49,Welding,Warehouse,Welding cables crossing wet floor without insulation mats.,Major,49.9,HIGH,Rain,Day,65,0,1
INC-EXP-2078,2024-12-20,22:11,Vehicle Movement,Road/Access Area,Blind spot hazard noted at site access road.,Near Miss,33.5,MEDIUM,Windy,Night,92,0,2
INC-EXP-2079,2024-11-23,06:56,Scaffolding,Scaffolding Area,Incomplete scaffold tagging system observed.,Moderate,39.8,MEDIUM,Rain,Day,83,0,3
INC-EXP-2080,2025-11-28,20:18,Vehicle Movement,Road/Access Area,Forklift mast elevated while traveling in shared zone.,Minor,46.1,MEDIUM,Rain,Night,77,0,3
INC-EXP-2081,2024-12-23,17:25,Material Handling,Loading Area,Obstructed walkway due to stored materials.,Near Miss,56.4,HIGH,Adverse,Day,54,0,8
INC-EXP-2082,2025-10-30,09:41,Housekeeping,Building Site,Inadequate lighting along primary pedestrian egress corridor.,Near Miss,24.0,LOW,Clear,Day,68,0,4
INC-EXP-2083,2025-11-22,19:50,Electrical Work,Building Site,Arc flash PPE missing during high-voltage switchgear testing.,Major,53.6,HIGH,Rain,Night,64,0,4
INC-EXP-2084,2025-01-27,18:52,Vehicle Movement,Road/Access Area,Vehicle reversing without a spotter present.,Near Miss,19.5,LOW,Clear,Day,87,0,8
INC-EXP-2085,2024-05-01,17:59,Electrical Work,Building Site,Absence of GFCI protection on portable power tools.,Moderate,49.0,HIGH,Clear,Day,61,0,9
INC-EXP-2086,2024-02-17,12:31,Vehicle Movement,Loading Area,Blind spot hazard noted at site access road.,Minor,54.2,HIGH,Rain,Day,66,0,6
INC-EXP-2087,2024-04-27,15:42,Excavation,Excavation Area,Spoil pile placed too close to excavation edge.,Minor,28.7,MEDIUM,Clear,Day,79,0,3
INC-EXP-2088,2025-04-30,13:12,Housekeeping,Building Site,Tools left in walking path after task completion.,Minor,35.3,MEDIUM,Rain,Day,76,0,7
INC-EXP-2089,2024-03-13,07:41,Material Handling,Loading Area,Heavy drum handled without designated drum gripper.,Near Miss,13.8,LOW,Clear,Day,100,0,6
INC-EXP-2090,2025-01-05,12:47,Working at Height,Building Site,Unsecured tools at elevated height posing drop hazard.,Minor,50.1,HIGH,Clear,Day,65,0,1
INC-EXP-2091,2026-01-12,14:09,Working at Height,Roof,Ladder used beyond recommended height without stabilization.,Major,58.9,HIGH,Rain,Day,97,2,7
INC-EXP-2092,2024-09-24,15:37,Excavation,Excavation Area,Spoil pile placed too close to excavation edge.,Moderate,76.5,CRITICAL,Clear,Day,65,1,6
INC-EXP-2093,2025-12-01,20:37,Working at Height,Building Site,Work on leading edge without adequate perimeter protection.,Near Miss,41.3,MEDIUM,Clear,Night,70,0,7
INC-EXP-2094,2024-12-29,06:15,Housekeeping,Building Site,Inadequate lighting along primary pedestrian egress corridor.,Near Miss,7.6,LOW,Clear,Day,71,0,8
INC-EXP-2095,2024-04-06,17:08,Electrical Work,Electrical Room,Absence of GFCI protection on portable power tools.,Minor,51.5,HIGH,Rain,Day,82,0,5
INC-EXP-2096,2025-02-07,14:57,Working at Height,Scaffolding Area,Ladder used beyond recommended height without stabilization.,Minor,63.9,HIGH,Clear,Day,100,2,9
INC-EXP-2097,2024-01-14,14:03,Scaffolding,Building Site,Damaged ladder rung on internal scaffold access tower.,Near Miss,33.1,MEDIUM,Clear,Day,70,0,9
INC-EXP-2098,2025-12-28,21:12,Material Handling,Warehouse,Improper storage of materials near a walkway.,Minor,51.1,HIGH,Adverse,Night,69,0,3
INC-EXP-2099,2025-11-01,06:17,Vehicle Movement,Loading Area,Reversing alarm inoperative on earthmoving equipment.,Moderate,38.6,MEDIUM,Clear,Day,80,0,8
INC-EXP-2100,2024-05-07,15:07,Confined Space,Electrical Room,Emergency retrieval system not set up before entry.,Moderate,50.9,HIGH,Clear,Day,92,0,7
INC-EXP-2200,2025-05-18,20:23,Vehicle Movement,Road/Access Area,Reversing alarm inoperative on earthmoving equipment.,Near Miss,41.6,MEDIUM,Windy,Night,81,0,10
INC-EXP-2201,2024-10-16,23:27,Housekeeping,Warehouse,Obstruction observed blocking emergency access route.,Moderate,16.9,LOW,Clear,Night,87,0,6
INC-EXP-2202,2025-05-27,22:37,Lifting,Loading Area,Load exceeded rated capacity of lifting equipment.,Minor,46.9,MEDIUM,Clear,Night,64,1,9
INC-EXP-2203,2024-08-26,06:14,Welding,Warehouse,Combustible solvent containers stored within hot work radius.,Minor,35.8,MEDIUM,Clear,Day,100,1,1
INC-EXP-2204,2025-05-23,11:10,Material Handling,Warehouse,Manual handling of heavy load without mechanical aid.,Minor,20.1,LOW,Clear,Day,77,0,7
