incident_id,date,time,activity_type,location_type,description,severity,risk_score,risk_level,weather,shift,ppe_compliance_pct,previous_incidents_30d,crew_size
INC-0149,2024-07-21,10:30,Lifting,Warehouse,Exclusion zone around lift not maintained.,Moderate,31.2,MEDIUM,Rain,Day,85,0,3
INC-0163,2024-09-12,11:27,Welding,Building Site,Inadequate ventilation observed during welding task.,Near Miss,48.5,HIGH,Windy,Day,63,1,9
INC-0322,2024-10-30,13:52,Confined Space,Excavation Area,Emergency retrieval system not set up before entry.,Major,71.8,CRITICAL,Adverse,Day,70,0,2
INC-0310,2024-04-15,14:41,Housekeeping,Warehouse,Spilled material not cleaned up promptly.,Near Miss,0.7,LOW,Clear,Day,93,0,8
INC-0406,2024-04-07,21:50,Lifting,Loading Area,Exclusion zone around lift not maintained.,Moderate,41.1,MEDIUM,Clear,Night,75,0,7
INC-0311,2025-02-18,19:46,Confined Space,Electrical Room,Ventilation equipment not in place for confined space entry.,Near Miss,77.8,CRITICAL,Clear,Night,69,0,9
INC-0160,2025-02-24,16:12,Excavation,Road/Access Area,No safe access/egress ladder provided in trench.,Major,50.9,HIGH,Clear,Day,56,0,5
INC-0006,2024-09-07,20:06,Vehicle Movement,Road/Access Area,Vehicle observed exceeding site speed limit.,Near Miss,25.5,LOW,Clear,Night,89,1,5
INC-0182,2024-04-28,14:25,Material Handling,Loading Area,Stacked materials observed in an unstable configuration.,Near Miss,4.4,LOW,Clear,Day,96,0,6
INC-0200,2024-08-13,11:01,Scaffolding,Scaffolding Area,"Scaffold base observed on uneven, unstable ground.",Near Miss,44.3,MEDIUM,Rain,Day,83,0,4
INC-0442,2024-07-01,20:02,Confined Space,Excavation Area,Confined space entry without atmospheric testing.,Moderate,57.6,HIGH,Adverse,Night,86,0,5
INC-0317,2024-07-30,13:09,Material Handling,Warehouse,Improper storage of materials near a walkway.,Near Miss,37.8,MEDIUM,Clear,Day,67,0,7
INC-0012,2025-02-17,10:37,Lifting,Building Site,Improper lifting zone setup observed.,Minor,29.3,MEDIUM,Clear,Day,83,0,1
INC-0260,2025-06-06,23:34,Lifting,Building Site,Rigging inspection not completed before lift.,Major,52.8,HIGH,Clear,Night,100,2,6
INC-0475,2025-02-12,11:29,Welding,Warehouse,Fire watch not posted during hot work.,Minor,34.3,MEDIUM,Windy,Day,91,1,3
INC-0392,2025-04-22,10:57,Vehicle Movement,Road/Access Area,Blind spot hazard noted at site access road.,Minor,35.1,MEDIUM,Rain,Day,81,0,2
INC-0189,2024-11-26,10:04,Welding,Building Site,Fire watch not posted during hot work.,Minor,44.6,MEDIUM,Clear,Day,77,1,7
INC-0173,2024-01-15,07:38,Confined Space,Electrical Room,No standby attendant present during confined space work.,Moderate,41.1,MEDIUM,Clear,Day,73,0,1
INC-0072,2024-01-23,18:27,Excavation,Road/Access Area,Excavation walls showing signs of instability.,Near Miss,32.8,MEDIUM,Clear,Day,94,2,3
INC-0204,2024-06-25,20:28,Material Handling,Warehouse,Obstructed walkway due to stored materials.,Major,15.6,LOW,Clear,Night,78,0,9
INC-0344,2025-03-08,21:18,Working at Height,Scaffolding Area,Unprotected edge observed during elevated work.,Near Miss,36.2,MEDIUM,Clear,Night,78,0,5
INC-0022,2024-03-08,23:18,Confined Space,Electrical Room,No standby attendant present during confined space work.,Minor,51.4,HIGH,Clear,Night,93,1,6
INC-0339,2024-05-06,15:03,Confined Space,Excavation Area,Ventilation equipment not in place for confined space entry.,Moderate,46.6,MEDIUM,Rain,Day,75,0,7
INC-0330,2025-04-06,17:30,Confined Space,Excavation Area,Confined space entry without atmospheric testing.,Major,51.3,HIGH,Clear,Day,85,1,1
INC-0468,2024-11-17,21:26,Electrical Work,Electrical Room,Live electrical panel left unlocked and unattended.,Near Miss,52.8,HIGH,Rain,Night,84,0,11
INC-0482,2024-12-09,16:30,Excavation,Road/Access Area,No safe access/egress ladder provided in trench.,Minor,83.1,CRITICAL,Adverse,Day,68,2,8
INC-0029,2025-03-30,14:05,Vehicle Movement,Road/Access Area,Vehicle reversing without a spotter present.,Moderate,22.8,LOW,Clear,Day,85,0,2
INC-0184,2025-04-08,15:17,Excavation,Excavation Area,Excavation walls showing signs of instability.,Near Miss,37.3,MEDIUM,Adverse,Day,87,0,6
INC-0133,2025-03-17,14:58,Working at Height,Scaffolding Area,Fall arrest harness not properly anchored.,Moderate,87.3,CRITICAL,Adverse,Day,65,1,1
INC-0169,2024-07-10,19:59,Confined Space,Excavation Area,No standby attendant present during confined space work.,Moderate,81.8,CRITICAL,Adverse,Night,91,2,13
INC-0043,2025-01-15,11:12,Housekeeping,Warehouse,Tools left in walking path after task completion.,Near Miss,50.3,HIGH,Adverse,Day,91,2,6
INC-0107,2024-12-10,21:54,Excavation,Excavation Area,Excavation walls showing signs of instability.,Minor,56.7,HIGH,Windy,Night,65,0,8
INC-0274,2024-02-24,13:56,Housekeeping,Building Site,Spilled material not cleaned up promptly.,Near Miss,18.2,LOW,Rain,Day,82,0,3
INC-0363,2024-08-15,08:12,Housekeeping,Warehouse,Tools left in walking path after task completion.,Near Miss,6.7,LOW,Clear,Day,90,0,7
INC-0050,2025-05-16,09:47,Lifting,Building Site,Improper lifting zone setup observed.,Moderate,48.6,HIGH,Rain,Day,83,1,6
INC-0032,2025-05-14,11:32,Material Handling,Warehouse,Obstructed walkway due to stored materials.,Near Miss,46.6,MEDIUM,Clear,Day,64,0,9
INC-0349,2025-02-15,06:32,Electrical Work,Electrical Room,Exposed wiring near a wet work area.,Minor,76.0,CRITICAL,Windy,Day,55,3,4
INC-0067,2025-06-27,06:23,Electrical Work,Building Site,Damaged electrical cable observed.,Minor,35.1,MEDIUM,Windy,Day,74,0,7
INC-0426,2024-11-17,08:26,Housekeeping,Warehouse,Tools left in walking path after task completion.,Near Miss,8.1,LOW,Windy,Day,92,0,2
INC-0148,2024-12-19,21:38,Material Handling,Loading Area,Obstructed walkway due to stored materials.,Near Miss,23.2,LOW,Clear,Night,71,0,7
INC-0272,2024-04-05,12:46,Confined Space,Excavation Area,Ventilation equipment not in place for confined space entry.,Minor,39.4,MEDIUM,Clear,Day,87,0,7
INC-0118,2024-03-15,17:23,Confined Space,Excavation Area,Emergency retrieval system not set up before entry.,Minor,37.1,MEDIUM,Clear,Day,95,0,8
INC-0152,2024-10-26,11:28,Confined Space,Excavation Area,Ventilation equipment not in place for confined space entry.,Near Miss,43.5,MEDIUM,Clear,Day,82,0,5
INC-0335,2024-08-19,12:27,Excavation,Excavation Area,No safe access/egress ladder provided in trench.,Major,52.1,HIGH,Adverse,Day,89,0,5
INC-0075,2024-05-04,12:02,Electrical Work,Building Site,Live electrical panel left unlocked and unattended.,Major,49.0,HIGH,Clear,Day,45,0,3
INC-0121,2025-01-03,06:12,Excavation,Road/Access Area,No safe access/egress ladder provided in trench.,Near Miss,35.4,MEDIUM,Clear,Day,86,0,8
INC-0113,2024-01-29,20:47,Lifting,Loading Area,Improper lifting zone setup observed.,Minor,34.6,MEDIUM,Rain,Night,98,0,7
INC-0385,2024-01-11,21:54,Lifting,Loading Area,Improper lifting zone setup observed.,Moderate,35.2,MEDIUM,Clear,Night,75,0,11
INC-0387,2024-03-13,22:48,Electrical Work,Building Site,Exposed wiring near a wet work area.,Near Miss,49.8,HIGH,Clear,Night,40,0,6
INC-0139,2025-06-11,12:17,Confined Space,Electrical Room,Confined space entry without atmospheric testing.,Near Miss,62.0,HIGH,Windy,Day,76,0,8
INC-0291,2025-04-25,15:19,Electrical Work,Building Site,Improper lockout/tagout procedure observed.,Minor,54.0,HIGH,Clear,Day,61,0,10
INC-0375,2024-02-12,22:05,Excavation,Road/Access Area,No safe access/egress ladder provided in trench.,Major,40.4,MEDIUM,Rain,Night,86,0,10
INC-0286,2024-06-28,11:01,Lifting,Building Site,Load exceeded rated capacity of lifting equipment.,Near Miss,38.9,MEDIUM,Clear,Day,71,0,8
INC-0129,2024-04-26,12:15,Housekeeping,Warehouse,Tools left in walking path after task completion.,Minor,22.9,LOW,Clear,Day,72,1,6
INC-0177,2024-05-22,16:50,Housekeeping,Building Site,Tools left in walking path after task completion.,Near Miss,26.3,LOW,Clear,Day,59,0,3
INC-0383,2025-01-19,16:01,Housekeeping,Warehouse,Spilled material not cleaned up promptly.,Near Miss,12.9,LOW,Clear,Day,93,1,8
INC-0225,2024-03-09,19:43,Confined Space,Excavation Area,Confined space entry without atmospheric testing.,Moderate,48.1,HIGH,Rain,Night,99,0,3
INC-0183,2024-04-01,11:38,Excavation,Road/Access Area,Spoil pile placed too close to excavation edge.,Near Miss,47.7,MEDIUM,Rain,Day,75,0,4
INC-0348,2024-11-05,13:40,Electrical Work,Building Site,Damaged electrical cable observed.,Moderate,58.2,HIGH,Clear,Day,80,0,9
INC-0346,2025-02-12,16:12,Scaffolding,Building Site,Scaffold access partially obstructed.,Moderate,42.4,MEDIUM,Clear,Day,57,0,8
INC-0213,2025-05-21,11:46,Confined Space,Electrical Room,Confined space entry without atmospheric testing.,Major,61.3,HIGH,Adverse,Day,81,1,8
INC-0062,2025-06-21,09:24,Housekeeping,Building Site,Tools left in walking path after task completion.,Major,39.7,MEDIUM,Clear,Day,60,1,4
INC-0457,2024-06-24,22:06,Working at Height,Building Site,Worker observed near roof edge without guardrail.,Minor,67.6,CRITICAL,Rain,Night,47,0,4
INC-0049,2024-12-21,10:32,Electrical Work,Electrical Room,Improper lockout/tagout procedure observed.,Moderate,44.3,MEDIUM,Clear,Day,85,1,5
INC-0263,2024-08-16,19:27,Vehicle Movement,Loading Area,Vehicle reversing without a spotter present.,Moderate,47.0,MEDIUM,Rain,Night,89,1,12
INC-0123,2024-04-05,08:19,Electrical Work,Electrical Room,Improper lockout/tagout procedure observed.,Major,57.3,HIGH,Rain,Day,64,0,4
INC-0396,2025-06-23,13:25,Working at Height,Building Site,Unprotected edge observed during elevated work.,Major,65.5,CRITICAL,Clear,Day,64,0,1
INC-0013,2024-06-28,08:35,Lifting,Building Site,Improper lifting zone setup observed.,Near Miss,45.5,MEDIUM,Rain,Day,82,0,10
INC-0057,2024-09-20,10:30,Confined Space,Electrical Room,No standby attendant present during confined space work.,Moderate,41.1,MEDIUM,Clear,Day,90,0,7
INC-0436,2024-07-14,11:45,Vehicle Movement,Loading Area,Vehicle reversing without a spotter present.,Near Miss,30.9,MEDIUM,Rain,Day,78,0,4
INC-0427,2024-07-09,11:33,Lifting,Building Site,Load exceeded rated capacity of lifting equipment.,Near Miss,56.2,HIGH,Clear,Day,50,1,12
INC-0299,2025-01-15,22:56,Material Handling,Warehouse,Stacked materials observed in an unstable configuration.,Moderate,35.0,MEDIUM,Clear,Night,75,1,6
INC-0380,2024-06-27,13:28,Electrical Work,Building Site,Damaged electrical cable observed.,Minor,21.7,LOW,Clear,Day,100,0,4
INC-0407,2025-05-08,11:33,Electrical Work,Electrical Room,Improper lockout/tagout procedure observed.,Minor,41.8,MEDIUM,Clear,Day,84,0,10
INC-0313,2024-06-29,16:54,Scaffolding,Scaffolding Area,Missing guardrail on scaffold platform.,Near Miss,50.6,HIGH,Clear,Day,61,0,4
INC-0111,2024-05-27,21:06,Electrical Work,Building Site,Damaged electrical cable observed.,Minor,44.8,MEDIUM,Windy,Night,83,0,7
INC-0157,2024-08-06,22:56,Lifting,Warehouse,Improper lifting zone setup observed.,Minor,45.3,MEDIUM,Adverse,Night,100,1,8
INC-0035,2024-12-01,19:34,Electrical Work,Building Site,Improper lockout/tagout procedure observed.,Moderate,48.4,HIGH,Adverse,Night,80,0,3
INC-0377,2025-02-28,07:00,Welding,Building Site,Inadequate ventilation observed during welding task.,Near Miss,25.7,LOW,Clear,Day,88,0,5
INC-0431,2024-05-07,23:45,Housekeeping,Warehouse,Obstruction observed blocking emergency access route.,Moderate,9.7,LOW,Clear,Night,80,0,2
INC-0185,2024-12-14,10:12,Excavation,Excavation Area,Excavation walls showing signs of instability.,Major,47.2,MEDIUM,Clear,Day,89,3,7
INC-0485,2025-01-13,10:13,Housekeeping,Building Site,Obstruction observed blocking emergency access route.,Major,46.4,MEDIUM,Rain,Day,65,1,1
INC-0219,2024-11-16,21:09,Working at Height,Building Site,Unprotected edge observed during elevated work.,Minor,47.7,MEDIUM,Clear,Night,83,0,6
INC-0109,2025-04-14,06:20,Welding,Building Site,Inadequate ventilation observed during welding task.,Near Miss,26.5,LOW,Clear,Day,77,0,4
INC-0021,2025-01-04,18:41,Excavation,Road/Access Area,Inadequate barricading around excavation area.,Near Miss,16.6,LOW,Clear,Day,85,0,6
INC-0231,2025-06-21,07:34,Welding,Warehouse,Inadequate ventilation observed during welding task.,Near Miss,10.1,LOW,Clear,Day,89,0,6
INC-0297,2024-10-26,16:39,Housekeeping,Building Site,Tools left in walking path after task completion.,Minor,29.9,MEDIUM,Clear,Day,70,1,8
INC-0495,2025-05-16,10:51,Welding,Building Site,Welding conducted near flammable materials.,Near Miss,56.1,HIGH,Clear,Day,66,0,3
INC-0294,2024-11-18,20:19,Material Handling,Warehouse,Obstructed walkway due to stored materials.,Moderate,50.6,HIGH,Clear,Night,70,3,2
INC-0418,2024-07-13,13:34,Housekeeping,Building Site,Obstruction observed blocking emergency access route.,Near Miss,26.9,LOW,Clear,Day,70,0,3
INC-0040,2024-06-13,21:06,Material Handling,Warehouse,Manual handling of heavy load without mechanical aid.,Moderate,36.7,MEDIUM,Clear,Night,61,0,3
INC-0056,2025-04-04,11:40,Lifting,Loading Area,Rigging inspection not completed before lift.,Minor,45.7,MEDIUM,Clear,Day,44,0,1
INC-0384,2024-12-03,23:12,Vehicle Movement,Loading Area,Vehicle reversing without a spotter present.,Minor,42.6,MEDIUM,Clear,Night,66,0,5
INC-0358,2024-05-14,10:39,Scaffolding,Scaffolding Area,Scaffold access partially obstructed.,Near Miss,42.6,MEDIUM,Clear,Day,69,0,5
INC-0069,2024-05-08,20:31,Electrical Work,Electrical Room,Live electrical panel left unlocked and unattended.,Moderate,46.7,MEDIUM,Windy,Night,66,0,5
INC-0479,2024-08-13,08:35,Electrical Work,Electrical Room,Exposed wiring near a wet work area.,Moderate,41.0,MEDIUM,Rain,Day,86,0,3
INC-0381,2024-01-22,10:40,Electrical Work,Building Site,Exposed wiring near a wet work area.,Near Miss,24.1,LOW,Clear,Day,93,0,9
INC-0024,2025-03-03,09:49,Confined Space,Excavation Area,Ventilation equipment not in place for confined space entry.,Minor,79.2,CRITICAL,Windy,Day,67,1,1
INC-0404,2024-04-08,22:25,Electrical Work,Building Site,Exposed wiring near a wet work area.,Minor,39.2,MEDIUM,Clear,Night,83,0,3
INC-0334,2024-06-29,11:08,Lifting,Warehouse,Exclusion zone around lift not maintained.,Minor,15.3,LOW,Clear,Day,95,0,9
INC-0156,2024-10-27,15:13,Confined Space,Excavation Area,Emergency retrieval system not set up before entry.,Near Miss,32.8,MEDIUM,Clear,Day,89,0,6
INC-0293,2025-05-12,22:09,Material Handling,Loading Area,Stacked materials observed in an unstable configuration.,Near Miss,39.7,MEDIUM,Windy,Night,84,1,6
INC-0336,2025-01-08,21:26,Scaffolding,Building Site,"Scaffold base observed on uneven, unstable ground.",Moderate,21.9,LOW,Clear,Night,87,0,8
INC-0453,2024-12-26,14:33,Excavation,Road/Access Area,No safe access/egress ladder provided in trench.,Near Miss,56.6,HIGH,Windy,Day,75,1,6
INC-0015,2024-06-29,20:01,Scaffolding,Scaffolding Area,Incomplete scaffold tagging system observed.,Minor,46.1,MEDIUM,Clear,Night,65,0,6
INC-0460,2024-01-29,08:10,Lifting,Loading Area,Rigging inspection not completed before lift.,Moderate,54.0,HIGH,Clear,Day,62,0,6
INC-0481,2024-12-23,06:12,Electrical Work,Electrical Room,Damaged electrical cable observed.,Moderate,39.9,MEDIUM,Clear,Day,75,0,6
INC-0275,2025-04-28,22:21,Material Handling,Warehouse,Manual handling of heavy load without mechanical aid.,Moderate,44.9,MEDIUM,Rain,Night,37,0,5
INC-0446,2024-07-13,20:51,Confined Space,Electrical Room,Confined space entry without atmospheric testing.,Minor,51.5,HIGH,Clear,Night,55,0,6
INC-0251,2024-12-10,12:41,Confined Space,Electrical Room,No standby attendant present during confined space work.,Moderate,59.8,HIGH,Windy,Day,84,2,3
INC-0117,2024-04-29,18:07,Material Handling,Warehouse,Stacked materials observed in an unstable configuration.,Moderate,35.2,MEDIUM,Adverse,Day,80,0,1
INC-0141,2024-09-05,19:23,Excavation,Road/Access Area,Excavation walls showing signs of instability.,Minor,38.8,MEDIUM,Clear,Night,100,1,1
INC-0409,2024-09-20,13:53,Welding,Warehouse,Fire watch not posted during hot work.,Moderate,59.5,HIGH,Adverse,Day,59,1,3
INC-0143,2024-03-24,19:34,Vehicle Movement,Road/Access Area,Pedestrian and vehicle routes not segregated.,Near Miss,37.6,MEDIUM,Clear,Night,58,0,5
INC-0357,2025-06-27,14:17,Excavation,Excavation Area,Excavation walls showing signs of instability.,Minor,53.5,HIGH,Adverse,Day,87,0,4
INC-0076,2024-01-06,07:06,Electrical Work,Electrical Room,Damaged electrical cable observed.,Near Miss,43.4,MEDIUM,Rain,Day,88,0,6
INC-0500,2025-04-27,08:09,Working at Height,Roof,Worker observed near roof edge without guardrail.,Minor,51.0,HIGH,Clear,Day,97,1,1
INC-0179,2024-03-14,13:40,Housekeeping,Building Site,Tools left in walking path after task completion.,Minor,0.8,LOW,Clear,Day,100,0,2
INC-0248,2024-09-28,16:57,Housekeeping,Building Site,Spilled material not cleaned up promptly.,Minor,42.4,MEDIUM,Adverse,Day,65,0,8
INC-0045,2025-01-21,16:11,Material Handling,Loading Area,Stacked materials observed in an unstable configuration.,Near Miss,49.5,HIGH,Rain,Day,64,0,5
INC-0333,2024-07-13,13:40,Excavation,Excavation Area,Excavation walls showing signs of instability.,Minor,52.2,HIGH,Clear,Day,63,0,1
INC-0374,2024-07-02,14:56,Electrical Work,Electrical Room,Damaged electrical cable observed.,Minor,43.9,MEDIUM,Clear,Day,89,1,6
INC-0031,2024-09-17,10:22,Housekeeping,Building Site,Debris accumulation observed in walkway.,Near Miss,21.3,LOW,Clear,Day,82,0,4
INC-0306,2024-06-21,15:32,Confined Space,Excavation Area,Ventilation equipment not in place for confined space entry.,Minor,56.0,HIGH,Clear,Day,74,1,6
INC-0170,2025-06-18,20:46,Scaffolding,Scaffolding Area,"Scaffold base observed on uneven, unstable ground.",Minor,48.9,HIGH,Clear,Night,84,1,5
INC-0307,2024-01-26,22:15,Confined Space,Electrical Room,Emergency retrieval system not set up before entry.,Moderate,99.7,CRITICAL,Adverse,Night,49,3,10
INC-0240,2024-02-28,19:04,Material Handling,Loading Area,Stacked materials observed in an unstable configuration.,Moderate,48.3,HIGH,Rain,Night,74,0,13
INC-0010,2024-07-16,10:57,Housekeeping,Warehouse,Spilled material not cleaned up promptly.,Near Miss,13.9,LOW,Rain,Day,78,0,5
INC-0224,2024-10-11,20:03,Scaffolding,Scaffolding Area,Missing guardrail on scaffold platform.,Moderate,37.3,MEDIUM,Clear,Night,81,0,9
INC-0205,2024-08-18,23:58,Working at Height,Roof,Worker observed near roof edge without guardrail.,Moderate,53.3,HIGH,Clear,Night,82,0,4
INC-0188,2024-06-21,17:16,Material Handling,Loading Area,Improper storage of materials near a walkway.,Minor,21.5,LOW,Clear,Day,80,0,4
INC-0210,2024-01-08,09:02,Electrical Work,Electrical Room,Live electrical panel left unlocked and unattended.,Near Miss,44.7,MEDIUM,Clear,Day,75,0,8
INC-0488,2025-05-16,22:09,Scaffolding,Scaffolding Area,"Scaffold base observed on uneven, unstable ground.",Minor,55.0,HIGH,Clear,Night,66,1,8
INC-0295,2025-05-22,08:39,Vehicle Movement,Road/Access Area,Pedestrian and vehicle routes not segregated.,Moderate,38.1,MEDIUM,Rain,Day,71,0,6
INC-0347,2025-03-20,10:23,Welding,Building Site,Fire watch not posted during hot work.,Moderate,40.3,MEDIUM,Rain,Day,47,0,6
INC-0223,2024-04-17,10:23,Vehicle Movement,Loading Area,Vehicle reversing without a spotter present.,Minor,38.7,MEDIUM,Clear,Day,65,0,6
INC-0037,2025-02-19,21:18,Electrical Work,Building Site,Exposed wiring near a wet work area.,Minor,28.9,MEDIUM,Clear,Night,92,0,6
INC-0014,2025-06-06,06:04,Confined Space,Excavation Area,Confined space entry without atmospheric testing.,Moderate,60.9,HIGH,Windy,Day,59,0,5
INC-0239,2024-05-14,23:19,Excavation,Road/Access Area,Inadequate barricading around excavation area.,Minor,58.1,HIGH,Rain,Night,79,1,2
INC-0444,2024-12-22,14:49,Vehicle Movement,Road/Access Area,Vehicle reversing without a spotter present.,Near Miss,30.0,MEDIUM,Windy,Day,77,0,1
INC-0411,2025-03-09,16:02,Lifting,Building Site,Improper lifting zone setup observed.,Minor,40.8,MEDIUM,Clear,Day,79,1,3
INC-0415,2024-03-10,21:55,Lifting,Building Site,Rigging inspection not completed before lift.,Minor,44.8,MEDIUM,Rain,Night,81,1,9
INC-0269,2024-05-14,18:13,Working at Height,Building Site,Unprotected edge observed during elevated work.,Major,53.2,HIGH,Adverse,Day,72,0,13
INC-0342,2024-07-02,09:19,Material Handling,Loading Area,Manual handling of heavy load without mechanical aid.,Minor,18.1,LOW,Clear,Day,87,0,6
INC-0449,2024-10-31,16:14,Housekeeping,Warehouse,Obstruction observed blocking emergency access route.,Minor,7.5,LOW,Clear,Day,85,1,9
INC-0192,2025-01-22,14:36,Excavation,Excavation Area,Inadequate barricading around excavation area.,Moderate,71.2,CRITICAL,Clear,Day,64,1,1
INC-0371,2025-01-29,14:12,Scaffolding,Building Site,Missing guardrail on scaffold platform.,Moderate,70.8,CRITICAL,Rain,Day,74,3,6
INC-0216,2024-11-04,18:15,Confined Space,Electrical Room,Ventilation equipment not in place for confined space entry.,Major,58.0,HIGH,Clear,Day,79,0,12
INC-0329,2024-02-04,19:05,Excavation,Excavation Area,Excavation walls showing signs of instability.,Near Miss,33.9,MEDIUM,Windy,Night,88,0,8
INC-0095,2024-09-24,23:26,Excavation,Excavation Area,Excavation walls showing signs of instability.,Moderate,52.8,HIGH,Clear,Night,81,1,5
INC-0137,2024-01-20,21:57,Scaffolding,Scaffolding Area,Missing guardrail on scaffold platform.,Major,42.3,MEDIUM,Rain,Night,76,0,7
INC-0221,2024-05-18,13:02,Excavation,Excavation Area,Spoil pile placed too close to excavation edge.,Near Miss,48.4,HIGH,Clear,Day,75,0,7
INC-0466,2024-09-17,21:58,Confined Space,Excavation Area,Confined space entry without atmospheric testing.,Moderate,55.9,HIGH,Rain,Night,74,0,6
INC-0115,2024-08-25,10:39,Housekeeping,Warehouse,Obstruction observed blocking emergency access route.,Near Miss,25.3,LOW,Clear,Day,65,0,6
INC-0266,2025-04-10,22:17,Scaffolding,Building Site,"Scaffold base observed on uneven, unstable ground.",Minor,26.5,LOW,Clear,Night,100,0,3
INC-0408,2024-10-09,17:46,Electrical Work,Electrical Room,Live electrical panel left unlocked and unattended.,Major,57.6,HIGH,Windy,Day,90,1,6
INC-0471,2024-12-02,17:11,Working at Height,Roof,Worker observed near roof edge without guardrail.,Near Miss,45.0,MEDIUM,Adverse,Day,91,0,2
INC-0190,2024-03-22,07:43,Electrical Work,Building Site,Improper lockout/tagout procedure observed.,Major,77.1,CRITICAL,Adverse,Day,76,2,4
INC-0001,2025-02-18,23:27,Working at Height,Scaffolding Area,Worker observed near roof edge without guardrail.,Near Miss,34.8,MEDIUM,Clear,Night,94,0,2
INC-0273,2025-04-01,11:47,Lifting,Loading Area,Exclusion zone around lift not maintained.,Moderate,26.8,LOW,Clear,Day,76,0,1
INC-0271,2024-10-29,13:27,Vehicle Movement,Loading Area,Vehicle reversing without a spotter present.,Near Miss,40.1,MEDIUM,Clear,Day,75,0,4
INC-0088,2024-03-12,06:20,Working at Height,Building Site,Ladder used beyond recommended height without stabilization.,Minor,42.4,MEDIUM,Windy,Day,93,0,6
INC-0227,2024-02-21,07:11,Confined Space,Electrical Room,Ventilation equipment not in place for confined space entry.,Major,67.7,CRITICAL,Clear,Day,60,1,3
INC-0401,2024-07-25,12:45,Confined Space,Electrical Room,Ventilation equipment not in place for confined space entry.,Minor,59.7,HIGH,Clear,Day,82,0,9
INC-0130,2024-08-01,18:00,Material Handling,Loading Area,Improper storage of materials near a walkway.,Minor,28.6,MEDIUM,Windy,Day,88,0,10
INC-0296,2024-11-26,21:03,Welding,Warehouse,Fire watch not posted during hot work.,Minor,63.3,HIGH,Rain,Night,46,0,11
INC-0108,2024-09-18,22:38,Housekeeping,Building Site,Obstruction observed blocking emergency access route.,Near Miss,44.4,MEDIUM,Adverse,Night,61,1,6
INC-0282,2024-05-13,17:13,Electrical Work,Electrical Room,Exposed wiring near a wet work area.,Minor,36.4,MEDIUM,Clear,Day,73,0,2
INC-0217,2024-04-02,20:15,Welding,Warehouse,Fire watch not posted during hot work.,Moderate,57.2,HIGH,Adverse,Night,68,0,6
INC-0284,2024-02-26,16:24,Housekeeping,Warehouse,Spilled material not cleaned up promptly.,Near Miss,12.2,LOW,Rain,Day,88,0,7
INC-0498,2024-11-23,10:50,Working at Height,Roof,Fall arrest harness not properly anchored.,Major,69.2,CRITICAL,Rain,Day,67,0,7
INC-0318,2024-08-15,20:06,Material Handling,Loading Area,Improper storage of materials near a walkway.,Near Miss,52.4,HIGH,Adverse,Night,69,0,8
INC-0165,2025-03-02,13:51,Housekeeping,Warehouse,Debris accumulation observed in walkway.,Major,51.2,HIGH,Adverse,Day,68,0,6
INC-0386,2025-05-21,23:39,Electrical Work,Building Site,Exposed wiring near a wet work area.,Near Miss,53.7,HIGH,Clear,Night,89,3,2
INC-0237,2025-02-19,10:44,Electrical Work,Building Site,Live electrical panel left unlocked and unattended.,Near Miss,72.4,CRITICAL,Adverse,Day,83,0,4
INC-0063,2024-01-21,10:06,Working at Height,Scaffolding Area,Unprotected edge observed during elevated work.,Near Miss,53.2,HIGH,Clear,Day,70,2,8
INC-0016,2024-06-02,18:46,Excavation,Road/Access Area,Inadequate barricading around excavation area.,Major,69.0,CRITICAL,Adverse,Day,64,0,4
INC-0246,2024-04-15,10:30,Vehicle Movement,Loading Area,Pedestrian and vehicle routes not segregated.,Major,41.7,MEDIUM,Rain,Day,100,0,6
INC-0324,2024-05-04,10:57,Lifting,Loading Area,Improper lifting zone setup observed.,Moderate,38.2,MEDIUM,Clear,Day,69,0,1
INC-0250,2024-04-27,23:22,Scaffolding,Scaffolding Area,Incomplete scaffold tagging system observed.,Minor,35.9,MEDIUM,Clear,Night,77,0,3
INC-0135,2024-07-24,13:27,Working at Height,Roof,Unprotected edge observed during elevated work.,Near Miss,29.1,MEDIUM,Clear,Day,97,0,4
INC-0120,2024-05-21,07:49,Excavation,Road/Access Area,No safe access/egress ladder provided in trench.,Moderate,41.0,MEDIUM,Rain,Day,74,0,1
INC-0242,2025-06-05,11:26,Scaffolding,Building Site,Scaffold access partially obstructed.,Moderate,49.7,HIGH,Adverse,Day,57,0,8
INC-0061,2025-06-12,16:44,Electrical Work,Building Site,Live electrical panel left unlocked and unattended.,Near Miss,38.4,MEDIUM,Clear,Day,62,0,6
INC-0469,2024-05-21,08:18,Lifting,Building Site,Load exceeded rated capacity of lifting equipment.,Minor,36.9,MEDIUM,Clear,Day,99,0,4
INC-0077,2025-04-10,17:46,Confined Space,Electrical Room,No standby attendant present during confined space work.,Minor,80.6,CRITICAL,Clear,Day,64,1,6
INC-0370,2024-05-15,13:56,Material Handling,Loading Area,Obstructed walkway due to stored materials.,Moderate,52.7,HIGH,Adverse,Day,100,1,1
INC-0100,2025-01-30,14:35,Confined Space,Excavation Area,No standby attendant present during confined space work.,Major,76.7,CRITICAL,Clear,Day,83,2,3
INC-0098,2024-07-05,06:45,Vehicle Movement,Loading Area,Blind spot hazard noted at site access road.,Minor,16.6,LOW,Clear,Day,87,0,3
INC-0226,2024-01-20,08:51,Vehicle Movement,Loading Area,Vehicle reversing without a spotter present.,Near Miss,47.1,MEDIUM,Rain,Day,81,1,2
INC-0174,2025-04-28,18:34,Excavation,Road/Access Area,Inadequate barricading around excavation area.,Near Miss,38.4,MEDIUM,Clear,Day,73,0,9
INC-0428,2025-03-22,11:56,Lifting,Building Site,Rigging inspection not completed before lift.,Moderate,49.4,HIGH,Windy,Day,84,1,5
INC-0493,2024-01-17,16:04,Working at Height,Building Site,Worker observed near roof edge without guardrail.,Minor,37.8,MEDIUM,Clear,Day,79,0,8
INC-0304,2024-08-31,07:43,Material Handling,Warehouse,Manual handling of heavy load without mechanical aid.,Near Miss,31.1,MEDIUM,Rain,Day,100,1,13
INC-0019,2024-07-22,10:15,Vehicle Movement,Loading Area,Pedestrian and vehicle routes not segregated.,Moderate,48.0,HIGH,Adverse,Day,99,1,4
INC-0450,2024-02-19,15:08,Housekeeping,Building Site,Obstruction observed blocking emergency access route.,Moderate,38.7,MEDIUM,Adverse,Day,77,0,5
INC-0055,2024-04-08,22:13,Vehicle Movement,Road/Access Area,Pedestrian and vehicle routes not segregated.,Near Miss,27.9,LOW,Clear,Night,83,0,4
INC-0262,2025-02-18,09:17,Lifting,Building Site,Rigging inspection not completed before lift.,Moderate,25.4,LOW,Clear,Day,100,0,8
INC-0283,2024-06-23,12:39,Material Handling,Warehouse,Stacked materials observed in an unstable configuration.,Major,38.2,MEDIUM,Adverse,Day,79,0,4
INC-0253,2024-06-09,07:38,Vehicle Movement,Road/Access Area,Blind spot hazard noted at site access road.,Minor,28.6,MEDIUM,Clear,Day,92,0,8
INC-0285,2024-05-16,07:16,Welding,Warehouse,Inadequate ventilation observed during welding task.,Near Miss,22.0,LOW,Windy,Day,100,0,6
INC-0497,2025-01-17,13:31,Scaffolding,Building Site,Incomplete scaffold tagging system observed.,Near Miss,32.8,MEDIUM,Clear,Day,86,1,6
INC-0388,2024-10-25,06:28,Confined Space,Electrical Room,Ventilation equipment not in place for confined space entry.,Moderate,68.9,CRITICAL,Clear,Day,73,1,5
INC-0202,2024-02-24,10:01,Vehicle Movement,Loading Area,Vehicle observed exceeding site speed limit.,Major,39.7,MEDIUM,Rain,Day,82,0,3
INC-0052,2024-03-24,12:21,Confined Space,Excavation Area,Ventilation equipment not in place for confined space entry.,Minor,75.0,CRITICAL,Rain,Day,50,1,10
INC-0201,2024-09-05,06:22,Welding,Warehouse,Inadequate ventilation observed during welding task.,Moderate,43.2,MEDIUM,Clear,Day,51,0,10
INC-0145,2024-04-09,19:40,Electrical Work,Electrical Room,Live electrical panel left unlocked and unattended.,Moderate,59.8,HIGH,Clear,Night,80,1,5
INC-0011,2024-09-01,11:54,Excavation,Road/Access Area,Spoil pile placed too close to excavation edge.,Near Miss,45.6,MEDIUM,Rain,Day,99,1,8
INC-0180,2025-02-08,18:28,Welding,Building Site,Welding screen missing in shared work area.,Moderate,37.8,MEDIUM,Clear,Day,61,0,3
INC-0474,2024-02-14,13:18,Scaffolding,Scaffolding Area,Missing guardrail on scaffold platform.,Minor,36.5,MEDIUM,Clear,Day,81,0,3
INC-0298,2025-02-10,14:35,Lifting,Loading Area,Load exceeded rated capacity of lifting equipment.,Moderate,41.0,MEDIUM,Windy,Day,95,0,1
INC-0292,2024-04-01,07:19,Confined Space,Excavation Area,Emergency retrieval system not set up before entry.,Minor,63.8,HIGH,Clear,Day,46,0,4
INC-0432,2024-01-29,23:57,Electrical Work,Building Site,Improper lockout/tagout procedure observed.,Minor,40.4,MEDIUM,Clear,Night,70,0,5
INC-0288,2025-06-27,09:58,Electrical Work,Electrical Room,Live electrical panel left unlocked and unattended.,Moderate,66.5,CRITICAL,Rain,Day,78,2,6
INC-0456,2025-06-17,17:19,Lifting,Warehouse,Improper lifting zone setup observed.,Near Miss,34.7,MEDIUM,Clear,Day,64,0,5
INC-0140,2025-04-03,23:47,Lifting,Warehouse,Exclusion zone around lift not maintained.,Near Miss,18.8,LOW,Clear,Night,94,1,8
INC-0044,2025-02-04,07:42,Lifting,Loading Area,Rigging inspection not completed before lift.,Near Miss,36.8,MEDIUM,Clear,Day,81,1,4
INC-0326,2024-12-14,06:05,Housekeeping,Warehouse,Tools left in walking path after task completion.,Near Miss,23.6,LOW,Rain,Day,84,0,4
INC-0338,2025-03-18,23:30,Electrical Work,Building Site,Exposed wiring near a wet work area.,Minor,53.2,HIGH,Clear,Night,84,2,6
INC-0206,2024-07-31,20:11,Housekeeping,Warehouse,Tools left in walking path after task completion.,Major,23.7,LOW,Clear,Night,57,0,1
INC-0414,2025-01-20,15:47,Working at Height,Roof,Unprotected edge observed during elevated work.,Near Miss,31.7,MEDIUM,Clear,Day,77,0,2
INC-0104,2025-04-14,08:07,Lifting,Building Site,Rigging inspection not completed before lift.,Minor,42.7,MEDIUM,Rain,Day,61,0,4
INC-0440,2024-11-05,20:17,Scaffolding,Scaffolding Area,Scaffold access partially obstructed.,Near Miss,44.2,MEDIUM,Clear,Night,88,0,11
INC-0402,2025-01-26,08:32,Welding,Building Site,Welding conducted near flammable materials.,Minor,32.7,MEDIUM,Windy,Day,79,0,6
INC-0138,2025-04-01,18:09,Welding,Building Site,Welding screen missing in shared work area.,Moderate,40.5,MEDIUM,Rain,Day,78,0,7
INC-0198,2024-09-16,12:20,Welding,Warehouse,Inadequate ventilation observed during welding task.,Near Miss,39.4,MEDIUM,Clear,Day,68,0,3
INC-0494,2025-03-18,15:13,Lifting,Loading Area,Rigging inspection not completed before lift.,Moderate,46.3,MEDIUM,Adverse,Day,76,0,1
INC-0155,2025-04-29,10:27,Working at Height,Scaffolding Area,Fall arrest harness not properly anchored.,Major,82.7,CRITICAL,Clear,Day,50,3,1
INC-0365,2024-11-07,06:44,Vehicle Movement,Loading Area,Blind spot hazard noted at site access road.,Near Miss,45.1,MEDIUM,Clear,Day,71,1,10
INC-0496,2024-07-11,12:39,Scaffolding,Building Site,Incomplete scaffold tagging system observed.,Minor,48.7,HIGH,Clear,Day,64,0,8
INC-0412,2024-08-14,15:34,Working at Height,Building Site,Unprotected edge observed during elevated work.,Minor,39.1,MEDIUM,Clear,Day,85,0,7
INC-0090,2024-03-01,10:45,Electrical Work,Electrical Room,Exposed wiring near a wet work area.,Near Miss,30.9,MEDIUM,Clear,Day,90,0,1
INC-0290,2025-01-02,09:41,Scaffolding,Building Site,Scaffold access partially obstructed.,Minor,18.8,LOW,Clear,Day,100,0,6
INC-0341,2024-11-02,11:00,Electrical Work,Building Site,Damaged electrical cable observed.,Minor,48.4,HIGH,Rain,Day,39,0,9
INC-0244,2024-02-25,18:52,Confined Space,Electrical Room,Emergency retrieval system not set up before entry.,Moderate,67.0,CRITICAL,Rain,Day,84,1,3
INC-0376,2024-03-10,06:13,Electrical Work,Building Site,Improper lockout/tagout procedure observed.,Moderate,55.8,HIGH,Windy,Day,77,2,2
INC-0367,2024-01-26,15:53,Scaffolding,Building Site,"Scaffold base observed on uneven, unstable ground.",Minor,31.8,MEDIUM,Clear,Day,79,0,3
INC-0379,2024-06-01,14:46,Vehicle Movement,Road/Access Area,Vehicle reversing without a spotter present.,Moderate,32.9,MEDIUM,Rain,Day,89,0,6
INC-0074,2024-09-23,13:46,Scaffolding,Scaffolding Area,Missing guardrail on scaffold platform.,Minor,38.1,MEDIUM,Clear,Day,64,0,5
INC-0078,2024-07-16,21:47,Housekeeping,Building Site,Obstruction observed blocking emergency access route.,Near Miss,27.1,LOW,Clear,Night,64,0,11
INC-0172,2025-02-12,08:44,Electrical Work,Electrical Room,Live electrical panel left unlocked and unattended.,Major,73.9,CRITICAL,Adverse,Day,77,2,4
INC-0161,2025-03-17,20:44,Welding,Building Site,Fire watch not posted during hot work.,Near Miss,23.1,LOW,Rain,Night,85,0,5
INC-0378,2024-12-09,18:34,Scaffolding,Scaffolding Area,Incomplete scaffold tagging system observed.,Moderate,33.9,MEDIUM,Clear,Day,86,0,6
INC-0245,2024-11-19,15:26,Material Handling,Loading Area,Stacked materials observed in an unstable configuration.,Near Miss,41.3,MEDIUM,Clear,Day,54,1,9
INC-0127,2024-07-14,16:37,Electrical Work,Electrical Room,Improper lockout/tagout procedure observed.,Minor,36.3,MEDIUM,Clear,Day,100,1,2
INC-0398,2024-03-29,18:10,Housekeeping,Building Site,Debris accumulation observed in walkway.,Near Miss,24.4,LOW,Clear,Day,60,0,5
INC-0033,2025-02-04,21:51,Housekeeping,Building Site,Obstruction observed blocking emergency access route.,Minor,17.8,LOW,Rain,Night,75,0,3
INC-0026,2024-02-06,08:49,Scaffolding,Scaffolding Area,Incomplete scaffold tagging system observed.,Near Miss,64.4,HIGH,Clear,Day,63,1,14
INC-0154,2024-06-14,13:45,Confined Space,Excavation Area,Ventilation equipment not in place for confined space entry.,Minor,53.0,HIGH,Adverse,Day,81,0,7
INC-0454,2024-04-13,23:29,Housekeeping,Building Site,Tools left in walking path after task completion.,Near Miss,13.7,LOW,Clear,Night,75,0,3
INC-0070,2024-03-25,09:47,Housekeeping,Building Site,Obstruction observed blocking emergency access route.,Moderate,52.7,HIGH,Rain,Day,69,0,8
INC-0448,2024-06-12,14:45,Lifting,Loading Area,Improper lifting zone setup observed.,Minor,49.2,HIGH,Rain,Day,79,0,10
INC-0434,2024-11-17,15:11,Electrical Work,Electrical Room,Exposed wiring near a wet work area.,Moderate,33.8,MEDIUM,Clear,Day,97,0,2
INC-0167,2025-02-12,23:14,Lifting,Warehouse,Improper lifting zone setup observed.,Near Miss,36.8,MEDIUM,Clear,Night,76,1,7
INC-0437,2024-09-12,21:22,Excavation,Excavation Area,Spoil pile placed too close to excavation edge.,Moderate,45.9,MEDIUM,Adverse,Night,100,0,4
INC-0106,2024-01-13,18:36,Confined Space,Excavation Area,Ventilation equipment not in place for confined space entry.,Moderate,44.3,MEDIUM,Rain,Day,97,0,4
INC-0320,2025-03-16,20:38,Working at Height,Roof,Ladder used beyond recommended height without stabilization.,Near Miss,43.6,MEDIUM,Clear,Night,78,0,6
INC-0309,2024-12-10,16:16,Working at Height,Scaffolding Area,Fall arrest harness not properly anchored.,Moderate,52.3,HIGH,Clear,Day,67,0,9
INC-0042,2024-01-03,18:48,Electrical Work,Electrical Room,Damaged electrical cable observed.,Moderate,62.8,HIGH,Adverse,Day,74,0,5
INC-0081,2025-05-04,08:37,Lifting,Warehouse,Exclusion zone around lift not maintained.,Near Miss,21.3,LOW,Clear,Day,100,0,6
INC-0289,2025-01-02,16:14,Material Handling,Warehouse,Manual handling of heavy load without mechanical aid.,Near Miss,46.8,MEDIUM,Windy,Day,64,0,4
INC-0362,2024-07-31,15:17,Confined Space,Excavation Area,Confined space entry without atmospheric testing.,Major,75.7,CRITICAL,Adverse,Day,90,1,2
INC-0071,2024-04-10,11:39,Material Handling,Loading Area,Stacked materials observed in an unstable configuration.,Near Miss,21.5,LOW,Clear,Day,98,0,4
INC-0372,2025-04-22,17:05,Electrical Work,Electrical Room,Exposed wiring near a wet work area.,Minor,58.8,HIGH,Adverse,Day,100,1,6
INC-0110,2025-06-28,06:25,Electrical Work,Building Site,Live electrical panel left unlocked and unattended.,Near Miss,46.6,MEDIUM,Adverse,Day,77,0,5
INC-0147,2024-11-19,13:03,Housekeeping,Warehouse,Spilled material not cleaned up promptly.,Minor,24.1,LOW,Windy,Day,96,0,7
INC-0073,2025-01-15,12:23,Scaffolding,Building Site,Incomplete scaffold tagging system observed.,Near Miss,40.1,MEDIUM,Clear,Day,64,0,9
INC-0337,2025-05-20,06:41,Lifting,Loading Area,Rigging inspection not completed before lift.,Near Miss,29.4,MEDIUM,Clear,Day,92,0,3
INC-0405,2024-09-02,09:43,Housekeeping,Warehouse,Tools left in walking path after task completion.,Near Miss,9.1,LOW,Clear,Day,74,0,3
INC-0066,2024-04-12,11:43,Confined Space,Electrical Room,Emergency retrieval system not set up before entry.,Minor,53.1,HIGH,Clear,Day,75,0,5
INC-0424,2025-04-15,21:24,Confined Space,Electrical Room,Ventilation equipment not in place for confined space entry.,Near Miss,44.4,MEDIUM,Clear,Night,89,1,3
INC-0051,2024-01-31,12:10,Scaffolding,Scaffolding Area,Incomplete scaffold tagging system observed.,Near Miss,44.5,MEDIUM,Adverse,Day,89,0,9
INC-0166,2025-02-18,08:56,Scaffolding,Building Site,"Scaffold base observed on uneven, unstable ground.",Minor,24.9,LOW,Clear,Day,96,0,3
INC-0175,2024-04-25,20:04,Lifting,Loading Area,Load exceeded rated capacity of lifting equipment.,Near Miss,48.3,HIGH,Windy,Night,71,0,7
INC-0236,2024-03-22,13:08,Excavation,Road/Access Area,Inadequate barricading around excavation area.,Minor,15.5,LOW,Clear,Day,97,0,1
INC-0467,2024-08-21,12:47,Housekeeping,Warehouse,Spilled material not cleaned up promptly.,Near Miss,18.0,LOW,Clear,Day,77,0,10
INC-0228,2024-01-22,17:00,Scaffolding,Scaffolding Area,"Scaffold base observed on uneven, unstable ground.",Near Miss,44.9,MEDIUM,Windy,Day,59,0,7
INC-0439,2024-07-25,07:14,Welding,Warehouse,Inadequate ventilation observed during welding task.,Near Miss,28.5,MEDIUM,Clear,Day,65,0,3
INC-0364,2024-03-11,17:21,Housekeeping,Building Site,Debris accumulation observed in walkway.,Moderate,50.6,HIGH,Adverse,Day,59,0,12
INC-0059,2024-06-16,11:16,Excavation,Excavation Area,Excavation walls showing signs of instability.,Near Miss,52.9,HIGH,Clear,Day,77,2,7
INC-0004,2024-03-11,13:40,Housekeeping,Building Site,Debris accumulation observed in walkway.,Near Miss,31.6,MEDIUM,Windy,Day,67,0,9
INC-0366,2025-06-02,14:02,Working at Height,Roof,Fall arrest harness not properly anchored.,Minor,57.7,HIGH,Clear,Day,100,0,13
INC-0038,2024-10-28,22:28,Excavation,Excavation Area,Inadequate barricading around excavation area.,Moderate,52.2,HIGH,Clear,Night,64,0,10
INC-0060,2025-05-07,22:46,Lifting,Warehouse,Exclusion zone around lift not maintained.,Moderate,11.1,LOW,Rain,Night,100,0,5
INC-0419,2024-01-08,16:13,Working at Height,Roof,Fall arrest harness not properly anchored.,Minor,74.1,CRITICAL,Rain,Day,65,0,8
INC-0116,2025-03-22,13:44,Confined Space,Electrical Room,No standby attendant present during confined space work.,Moderate,77.7,CRITICAL,Clear,Day,48,1,5
INC-0209,2024-11-26,14:59,Material Handling,Warehouse,Manual handling of heavy load without mechanical aid.,Minor,27.8,LOW,Clear,Day,80,1,4
INC-0191,2024-05-02,12:42,Lifting,Building Site,Exclusion zone around lift not maintained.,Minor,38.1,MEDIUM,Windy,Day,90,0,10
INC-0302,2024-08-31,14:55,Housekeeping,Warehouse,Debris accumulation observed in walkway.,Minor,29.5,MEDIUM,Clear,Day,79,2,6
INC-0350,2024-08-23,20:50,Vehicle Movement,Loading Area,Blind spot hazard noted at site access road.,Near Miss,27.7,LOW,Clear,Night,100,0,6
INC-0126,2024-09-28,16:35,Working at Height,Roof,Fall arrest harness not properly anchored.,Minor,47.6,MEDIUM,Windy,Day,88,0,2
INC-0353,2025-03-11,12:37,Scaffolding,Building Site,Scaffold access partially obstructed.,Major,53.3,HIGH,Adverse,Day,56,0,9
INC-0390,2024-03-16,16:35,Lifting,Building Site,Improper lifting zone setup observed.,Near Miss,27.8,LOW,Windy,Day,100,0,7
INC-0492,2024-07-15,15:09,Welding,Building Site,Welding conducted near flammable materials.,Minor,65.4,CRITICAL,Windy,Day,55,1,1
INC-0462,2025-04-19,23:34,Vehicle Movement,Road/Access Area,Blind spot hazard noted at site access road.,Near Miss,48.0,MEDIUM,Adverse,Night,80,0,5
INC-0194,2025-05-08,22:04,Material Handling,Warehouse,Manual handling of heavy load without mechanical aid.,Minor,33.5,MEDIUM,Windy,Night,80,1,4
INC-0199,2024-03-04,20:08,Working at Height,Scaffolding Area,Unprotected edge observed during elevated work.,Minor,56.2,HIGH,Clear,Night,93,2,5
INC-0316,2024-02-13,07:08,Working at Height,Building Site,Ladder used beyond recommended height without stabilization.,Major,71.3,CRITICAL,Windy,Day,60,0,6
INC-0279,2024-01-22,12:16,Welding,Building Site,Inadequate ventilation observed during welding task.,Minor,35.2,MEDIUM,Rain,Day,72,0,8
INC-0124,2025-04-29,15:06,Excavation,Excavation Area,Spoil pile placed too close to excavation edge.,Near Miss,40.0,MEDIUM,Clear,Day,84,0,4
INC-0258,2024-12-29,12:01,Confined Space,Electrical Room,Emergency retrieval system not set up before entry.,Moderate,62.5,HIGH,Clear,Day,89,2,7
INC-0047,2024-03-05,07:18,Scaffolding,Building Site,Scaffold access partially obstructed.,Near Miss,47.0,MEDIUM,Windy,Day,78,0,11
INC-0433,2025-06-17,16:35,Material Handling,Warehouse,Improper storage of materials near a walkway.,Near Miss,9.7,LOW,Clear,Day,100,0,6
INC-0305,2025-05-09,19:36,Working at Height,Building Site,Unprotected edge observed during elevated work.,Minor,38.8,MEDIUM,Clear,Night,90,1,1
INC-0146,2024-02-28,06:30,Lifting,Building Site,Rigging inspection not completed before lift.,Minor,29.6,MEDIUM,Clear,Day,91,2,3
INC-0356,2025-03-12,22:46,Lifting,Loading Area,Rigging inspection not completed before lift.,Minor,60.1,HIGH,Adverse,Night,76,1,7
INC-0171,2025-01-22,12:03,Scaffolding,Scaffolding Area,Incomplete scaffold tagging system observed.,Minor,52.2,HIGH,Rain,Day,69,0,1
INC-0425,2024-03-11,17:54,Housekeeping,Building Site,Tools left in walking path after task completion.,Near Miss,29.2,MEDIUM,Clear,Day,81,0,13
INC-0483,2024-05-09,20:26,Lifting,Warehouse,Load exceeded rated capacity of lifting equipment.,Minor,27.1,LOW,Clear,Night,91,0,2
INC-0249,2024-12-16,17:07,Electrical Work,Building Site,Exposed wiring near a wet work area.,Minor,52.0,HIGH,Clear,Day,88,2,4
INC-0327,2025-06-10,17:28,Lifting,Building Site,Improper lifting zone setup observed.,Near Miss,25.1,LOW,Clear,Day,98,0,9
INC-0328,2024-01-26,12:35,Lifting,Loading Area,Load exceeded rated capacity of lifting equipment.,Near Miss,57.8,HIGH,Windy,Day,79,3,2
INC-0369,2025-03-12,19:38,Lifting,Warehouse,Load exceeded rated capacity of lifting equipment.,Moderate,65.3,CRITICAL,Windy,Night,66,1,7
INC-0041,2024-02-19,09:14,Excavation,Road/Access Area,No safe access/egress ladder provided in trench.,Near Miss,48.6,HIGH,Adverse,Day,86,0,6
INC-0230,2024-06-05,16:29,Welding,Warehouse,Welding conducted near flammable materials.,Moderate,40.3,MEDIUM,Windy,Day,82,0,7
INC-0080,2024-03-19,16:30,Vehicle Movement,Loading Area,Blind spot hazard noted at site access road.,Near Miss,29.3,MEDIUM,Rain,Day,83,0,6
INC-0128,2024-09-08,10:19,Excavation,Road/Access Area,Excavation walls showing signs of instability.,Moderate,63.1,HIGH,Windy,Day,56,0,10
INC-0489,2025-01-25,17:37,Confined Space,Excavation Area,No standby attendant present during confined space work.,Major,67.5,CRITICAL,Adverse,Day,73,0,11
INC-0420,2024-01-18,15:04,Material Handling,Loading Area,Obstructed walkway due to stored materials.,Moderate,32.7,MEDIUM,Rain,Day,85,0,2
INC-0422,2024-03-22,06:50,Electrical Work,Electrical Room,Live electrical panel left unlocked and unattended.,Moderate,52.1,HIGH,Adverse,Day,100,1,3
INC-0164,2024-05-18,21:24,Scaffolding,Scaffolding Area,Scaffold access partially obstructed.,Major,55.6,HIGH,Adverse,Night,74,0,5
INC-0222,2025-04-22,18:22,Lifting,Building Site,Load exceeded rated capacity of lifting equipment.,Minor,60.1,HIGH,Clear,Day,52,2,1
INC-0264,2024-08-04,08:29,Housekeeping,Building Site,Spilled material not cleaned up promptly.,Near Miss,13.4,LOW,Clear,Day,95,0,10
INC-0499,2024-11-18,17:51,Material Handling,Loading Area,Obstructed walkway due to stored materials.,Near Miss,19.4,LOW,Rain,Day,100,0,8
INC-0277,2025-02-07,19:34,Scaffolding,Building Site,Missing guardrail on scaffold platform.,Moderate,34.9,MEDIUM,Clear,Night,77,1,2
INC-0083,2024-11-04,07:25,Vehicle Movement,Road/Access Area,Blind spot hazard noted at site access road.,Major,28.6,MEDIUM,Rain,Day,85,0,9
INC-0410,2025-05-10,06:25,Electrical Work,Electrical Room,Improper lockout/tagout procedure observed.,Moderate,53.4,HIGH,Windy,Day,88,0,3
INC-0480,2024-01-06,06:52,Working at Height,Roof,Fall arrest harness not properly anchored.,Near Miss,36.8,MEDIUM,Rain,Day,93,1,6
INC-0455,2025-02-23,19:38,Material Handling,Warehouse,Obstructed walkway due to stored materials.,Major,56.7,HIGH,Rain,Night,72,3,7
INC-0323,2025-03-14,09:33,Excavation,Excavation Area,Excavation walls showing signs of instability.,Near Miss,41.5,MEDIUM,Windy,Day,82,0,7
INC-0017,2025-03-28,08:57,Excavation,Excavation Area,Excavation walls showing signs of instability.,Moderate,73.9,CRITICAL,Windy,Day,65,0,12
INC-0132,2025-02-26,09:57,Housekeeping,Warehouse,Debris accumulation observed in walkway.,Near Miss,8.1,LOW,Adverse,Day,92,0,4
INC-0218,2025-03-20,09:15,Lifting,Warehouse,Improper lifting zone setup observed.,Minor,38.4,MEDIUM,Clear,Day,69,0,3
INC-0265,2024-08-31,10:34,Material Handling,Loading Area,Obstructed walkway due to stored materials.,Minor,49.3,HIGH,Adverse,Day,60,0,8
INC-0023,2024-10-29,22:08,Lifting,Building Site,Exclusion zone around lift not maintained.,Near Miss,59.2,HIGH,Rain,Night,77,2,5
INC-0007,2024-10-31,10:26,Electrical Work,Building Site,Damaged electrical cable observed.,Near Miss,42.6,MEDIUM,Clear,Day,74,0,7
INC-0382,2024-05-08,12:16,Vehicle Movement,Loading Area,Vehicle observed exceeding site speed limit.,Minor,42.9,MEDIUM,Rain,Day,77,1,7
INC-0093,2024-03-06,20:15,Vehicle Movement,Road/Access Area,Pedestrian and vehicle routes not segregated.,Near Miss,29.4,MEDIUM,Clear,Night,77,0,4
INC-0400,2024-09-18,19:21,Electrical Work,Electrical Room,Improper lockout/tagout procedure observed.,Minor,41.3,MEDIUM,Windy,Night,96,0,6
INC-0287,2024-11-28,11:58,Electrical Work,Building Site,Improper lockout/tagout procedure observed.,Near Miss,86.0,CRITICAL,Clear,Day,78,3,11
INC-0065,2025-01-01,12:20,Electrical Work,Electrical Room,Improper lockout/tagout procedure observed.,Moderate,23.7,LOW,Clear,Day,87,0,4
INC-0082,2024-01-10,17:52,Lifting,Loading Area,Improper lifting zone setup observed.,Near Miss,31.0,MEDIUM,Clear,Day,87,0,1
INC-0430,2024-09-15,20:01,Working at Height,Scaffolding Area,Ladder used beyond recommended height without stabilization.,Near Miss,79.6,CRITICAL,Adverse,Night,97,2,3
INC-0351,2025-03-09,16:09,Housekeeping,Warehouse,Debris accumulation observed in walkway.,Minor,41.7,MEDIUM,Clear,Day,56,0,11
INC-0486,2024-10-02,15:29,Housekeeping,Warehouse,Tools left in walking path after task completion.,Minor,7.2,LOW,Clear,Day,90,0,2
INC-0332,2025-01-01,23:46,Housekeeping,Building Site,Debris accumulation observed in walkway.,Minor,3.3,LOW,Clear,Night,85,0,5
INC-0027,2024-03-03,19:10,Excavation,Excavation Area,Excavation walls showing signs of instability.,Near Miss,33.3,MEDIUM,Clear,Night,86,0,5
INC-0458,2024-06-05,13:26,Lifting,Warehouse,Exclusion zone around lift not maintained.,Moderate,55.8,HIGH,Adverse,Day,64,0,7
INC-0142,2024-01-20,20:58,Lifting,Loading Area,Improper lifting zone setup observed.,Minor,68.2,CRITICAL,Clear,Night,66,2,10
INC-0025,2024-08-12,18:52,Scaffolding,Building Site,Missing guardrail on scaffold platform.,Moderate,53.9,HIGH,Clear,Day,64,1,12
INC-0151,2025-04-26,16:10,Material Handling,Warehouse,Manual handling of heavy load without mechanical aid.,Minor,22.3,LOW,Windy,Day,100,0,7
INC-0490,2024-12-10,10:03,Welding,Warehouse,Welding screen missing in shared work area.,Moderate,37.6,MEDIUM,Clear,Day,82,0,11
INC-0331,2024-07-10,16:17,Material Handling,Warehouse,Manual handling of heavy load without mechanical aid.,Moderate,20.6,LOW,Windy,Day,85,0,10
INC-0345,2024-08-23,08:55,Confined Space,Electrical Room,Ventilation equipment not in place for confined space entry.,Moderate,26.0,LOW,Clear,Day,88,0,3
INC-0261,2024-09-27,15:31,Lifting,Building Site,Exclusion zone around lift not maintained.,Minor,31.3,MEDIUM,Rain,Day,87,0,7
INC-0233,2024-02-06,06:05,Welding,Building Site,Welding conducted near flammable materials.,Moderate,40.5,MEDIUM,Clear,Day,98,0,9
INC-0136,2025-05-31,11:58,Housekeeping,Building Site,Spilled material not cleaned up promptly.,Minor,10.9,LOW,Clear,Day,91,0,2
INC-0131,2024-09-27,13:47,Welding,Building Site,Welding conducted near flammable materials.,Near Miss,52.6,HIGH,Rain,Day,76,1,1
INC-0058,2024-02-27,22:37,Electrical Work,Building Site,Improper lockout/tagout procedure observed.,Major,53.5,HIGH,Rain,Night,61,0,4
INC-0276,2024-12-13,15:41,Welding,Warehouse,Welding conducted near flammable materials.,Near Miss,38.0,MEDIUM,Clear,Day,82,0,2
INC-0259,2025-03-22,07:16,Lifting,Loading Area,Rigging inspection not completed before lift.,Minor,16.4,LOW,Rain,Day,87,0,5
INC-0473,2024-11-06,06:38,Vehicle Movement,Loading Area,Vehicle reversing without a spotter present.,Moderate,53.9,HIGH,Windy,Day,68,0,5
INC-0256,2025-03-31,10:00,Electrical Work,Building Site,Live electrical panel left unlocked and unattended.,Near Miss,59.3,HIGH,Clear,Day,76,1,5
INC-0119,2024-06-06,22:33,Lifting,Warehouse,Rigging inspection not completed before lift.,Minor,37.4,MEDIUM,Windy,Night,58,0,4
INC-0368,2024-12-31,15:52,Working at Height,Roof,Unprotected edge observed during elevated work.,Moderate,62.6,HIGH,Rain,Day,69,0,5
INC-0280,2025-06-04,19:27,Confined Space,Electrical Room,Emergency retrieval system not set up before entry.,Moderate,37.7,MEDIUM,Clear,Night,84,0,8
INC-0435,2025-04-03,12:09,Confined Space,Electrical Room,Confined space entry without atmospheric testing.,Minor,57.6,HIGH,Clear,Day,74,0,10
INC-0101,2024-01-22,15:44,Working at Height,Building Site,Worker observed near roof edge without guardrail.,Moderate,40.2,MEDIUM,Windy,Day,83,0,7
INC-0068,2024-01-10,17:20,Electrical Work,Building Site,Improper lockout/tagout procedure observed.,Minor,20.9,LOW,Clear,Day,100,0,7
INC-0054,2025-04-02,12:26,Confined Space,Electrical Room,Confined space entry without atmospheric testing.,Minor,75.4,CRITICAL,Clear,Day,93,3,3
INC-0416,2025-01-29,17:16,Housekeeping,Building Site,Debris accumulation observed in walkway.,Moderate,32.9,MEDIUM,Clear,Day,68,0,7
INC-0359,2024-03-28,21:37,Excavation,Excavation Area,Excavation walls showing signs of instability.,Major,46.8,MEDIUM,Rain,Night,100,0,9
INC-0158,2025-06-01,06:40,Electrical Work,Electrical Room,Improper lockout/tagout procedure observed.,Moderate,35.4,MEDIUM,Rain,Day,85,0,3
INC-0340,2024-10-15,14:55,Working at Height,Scaffolding Area,Fall arrest harness not properly anchored.,Major,56.6,HIGH,Adverse,Day,76,0,6
INC-0091,2024-03-16,21:05,Excavation,Road/Access Area,Excavation walls showing signs of instability.,Moderate,84.7,CRITICAL,Windy,Night,63,2,2
INC-0114,2024-09-24,13:52,Welding,Warehouse,Welding conducted near flammable materials.,Near Miss,42.3,MEDIUM,Adverse,Day,92,1,5
INC-0403,2025-03-12,22:09,Electrical Work,Electrical Room,Live electrical panel left unlocked and unattended.,Moderate,58.0,HIGH,Adverse,Night,87,2,5
INC-0134,2025-04-01,15:52,Confined Space,Electrical Room,Confined space entry without atmospheric testing.,Minor,51.8,HIGH,Clear,Day,74,0,8
INC-0445,2024-06-01,15:17,Electrical Work,Building Site,Improper lockout/tagout procedure observed.,Near Miss,44.8,MEDIUM,Clear,Day,72,0,11
INC-0084,2025-04-29,21:08,Housekeeping,Building Site,Tools left in walking path after task completion.,Minor,16.2,LOW,Clear,Night,83,0,4
INC-0168,2024-05-14,09:31,Excavation,Road/Access Area,Spoil pile placed too close to excavation edge.,Moderate,53.8,HIGH,Clear,Day,77,1,4
INC-0394,2024-08-23,13:08,Lifting,Warehouse,Improper lifting zone setup observed.,Major,43.2,MEDIUM,Clear,Day,60,0,4
INC-0423,2025-04-28,18:41,Welding,Building Site,Fire watch not posted during hot work.,Moderate,43.1,MEDIUM,Clear,Day,60,0,1
INC-0125,2024-10-13,08:24,Working at Height,Roof,Worker observed near roof edge without guardrail.,Near Miss,63.0,HIGH,Rain,Day,99,1,9
INC-0312,2024-12-14,07:51,Working at Height,Building Site,Fall arrest harness not properly anchored.,Minor,22.0,LOW,Clear,Day,100,0,8
INC-0086,2025-03-10,11:44,Welding,Warehouse,Welding screen missing in shared work area.,Minor,70.7,CRITICAL,Adverse,Day,63,2,3
INC-0064,2024-01-27,20:51,Housekeeping,Building Site,Debris accumulation observed in walkway.,Minor,40.7,MEDIUM,Rain,Night,67,1,8
INC-0395,2024-09-25,13:26,Housekeeping,Building Site,Spilled material not cleaned up promptly.,Near Miss,6.1,LOW,Clear,Day,98,0,6
INC-0034,2024-03-15,11:35,Housekeeping,Warehouse,Spilled material not cleaned up promptly.,Minor,5.8,LOW,Rain,Day,100,0,1
INC-0215,2024-05-27,15:19,Vehicle Movement,Road/Access Area,Vehicle reversing without a spotter present.,Near Miss,22.5,LOW,Clear,Day,87,0,6
INC-0178,2024-04-28,19:17,Welding,Building Site,Welding screen missing in shared work area.,Moderate,41.6,MEDIUM,Rain,Night,71,1,4
INC-0247,2025-03-13,08:03,Housekeeping,Warehouse,Tools left in walking path after task completion.,Near Miss,20.1,LOW,Clear,Day,64,0,5
INC-0360,2025-01-01,20:06,Scaffolding,Scaffolding Area,Scaffold access partially obstructed.,Near Miss,37.1,MEDIUM,Clear,Night,82,0,5
INC-0243,2024-11-07,17:34,Welding,Warehouse,Welding screen missing in shared work area.,Minor,42.9,MEDIUM,Windy,Day,55,0,3
INC-0122,2025-05-24,12:35,Material Handling,Loading Area,Improper storage of materials near a walkway.,Near Miss,39.8,MEDIUM,Rain,Day,77,0,9
INC-0438,2024-05-20,09:00,Excavation,Road/Access Area,No safe access/egress ladder provided in trench.,Near Miss,40.3,MEDIUM,Clear,Day,85,1,6
INC-0159,2025-01-04,23:16,Welding,Building Site,Inadequate ventilation observed during welding task.,Near Miss,41.0,MEDIUM,Clear,Night,77,2,6
INC-0220,2024-02-17,14:56,Confined Space,Excavation Area,Emergency retrieval system not set up before entry.,Major,67.7,CRITICAL,Windy,Day,99,0,7
INC-0361,2024-04-28,14:16,Confined Space,Electrical Room,Confined space entry without atmospheric testing.,Moderate,74.0,CRITICAL,Rain,Day,68,0,9
INC-0463,2024-08-10,20:52,Electrical Work,Electrical Room,Damaged electrical cable observed.,Near Miss,43.5,MEDIUM,Rain,Night,100,0,7
INC-V3-0501,2025-11-09,17:39,Vehicle Movement,Road/Access Area,Vehicle observed exceeding site speed limit.,Moderate,29.4,MEDIUM,Rain,Day,100,0,5
INC-V3-0502,2025-09-11,21:20,Working at Height,Roof,Worker observed near roof edge without guardrail.,Minor,64.2,HIGH,Windy,Night,79,1,6
INC-V3-0503,2024-12-01,08:11,Lifting,Loading Area,Load exceeded rated capacity of lifting equipment.,Moderate,32.2,MEDIUM,Clear,Day,89,0,5
INC-V3-0504,2025-03-31,12:56,Electrical Work,Building Site,Improper lockout/tagout procedure observed.,Moderate,59.8,HIGH,Clear,Day,62,1,4
INC-V3-0505,2024-07-15,21:13,Confined Space,Electrical Room,Confined space entry without atmospheric testing.,Near Miss,46.2,MEDIUM,Clear,Night,73,0,8
INC-V3-0506,2024-10-06,15:29,Material Handling,Warehouse,Manual handling of heavy load without mechanical aid.,Major,24.1,LOW,Rain,Day,100,0,13
INC-V3-0507,2025-01-24,15:29,Vehicle Movement,Road/Access Area,Blind spot hazard noted at site access road.,Moderate,43.8,MEDIUM,Rain,Day,73,0,5
INC-V3-0508,2024-08-23,22:24,Excavation,Excavation Area,No safe access/egress ladder provided in trench.,Major,67.8,CRITICAL,Windy,Night,64,0,1
INC-V3-0509,2024-01-18,23:16,Lifting,Warehouse,Load exceeded rated capacity of lifting equipment.,Near Miss,59.0,HIGH,Windy,Night,53,0,12
INC-V3-0510,2025-03-27,13:53,Lifting,Warehouse,Exclusion zone around lift not maintained.,Minor,28.2,MEDIUM,Clear,Day,77,0,3
INC-V3-0511,2025-02-13,23:13,Excavation,Road/Access Area,Inadequate barricading around excavation area.,Minor,43.6,MEDIUM,Clear,Night,70,0,3
INC-V3-0512,2024-02-20,13:51,Confined Space,Electrical Room,No standby attendant present during confined space work.,Major,50.3,HIGH,Adverse,Day,100,0,6
INC-V3-0513,2024-07-28,11:05,Excavation,Road/Access Area,Excavation walls showing signs of instability.,Minor,33.2,MEDIUM,Clear,Day,100,0,5
INC-V3-0514,2024-08-27,07:07,Housekeeping,Building Site,Tools left in walking path after task completion.,Moderate,34.4,MEDIUM,Clear,Day,70,1,10
INC-V3-0515,2025-07-12,06:12,Electrical Work,Building Site,Improper lockout/tagout procedure observed.,Moderate,82.0,CRITICAL,Adverse,Day,69,2,8
INC-V3-0516,2024-11-03,19:21,Electrical Work,Building Site,Improper lockout/tagout procedure observed.,Minor,63.5,HIGH,Rain,Night,63,0,1
INC-V3-0517,2025-11-16,06:35,Excavation,Road/Access Area,Inadequate barricading around excavation area.,Minor,26.7,LOW,Clear,Day,100,0,6
INC-V3-0518,2025-07-22,09:26,Scaffolding,Scaffolding Area,"Scaffold base observed on uneven, unstable ground.",Near Miss,42.2,MEDIUM,Rain,Day,82,0,5
INC-V3-0519,2024-03-31,10:12,Lifting,Loading Area,Exclusion zone around lift not maintained.,Major,71.2,CRITICAL,Adverse,Day,87,3,7
INC-V3-0520,2024-05-05,23:17,Lifting,Building Site,Load exceeded rated capacity of lifting equipment.,Minor,35.6,MEDIUM,Rain,Night,91,0,10
INC-V3-0521,2025-07-08,20:39,Electrical Work,Building Site,Live electrical panel left unlocked and unattended.,Moderate,39.1,MEDIUM,Rain,Night,100,0,6
INC-V3-0522,2025-01-09,13:10,Electrical Work,Electrical Room,Damaged electrical cable observed.,Minor,32.9,MEDIUM,Clear,Day,96,0,5
INC-V3-0523,2025-08-01,21:04,Vehicle Movement,Road/Access Area,Pedestrian and vehicle routes not segregated.,Major,31.9,MEDIUM,Clear,Night,81,0,8
INC-V3-0524,2024-01-16,20:16,Electrical Work,Electrical Room,Improper lockout/tagout procedure observed.,Major,58.1,HIGH,Adverse,Night,82,0,7
INC-V3-0525,2025-02-03,11:18,Excavation,Road/Access Area,Spoil pile placed too close to excavation edge.,Moderate,39.7,MEDIUM,Rain,Day,91,0,6
INC-V3-0526,2025-10-10,14:29,Material Handling,Loading Area,Improper storage of materials near a walkway.,Near Miss,26.0,LOW,Windy,Day,80,0,4
INC-V3-0527,2025-12-10,09:29,Material Handling,Warehouse,Manual handling of heavy load without mechanical aid.,Near Miss,19.8,LOW,Clear,Day,71,0,5
INC-V3-0528,2026-01-13,10:06,Material Handling,Warehouse,Obstructed walkway due to stored materials.,Near Miss,22.0,LOW,Clear,Day,100,0,12
INC-V3-0529,2025-02-22,17:30,Working at Height,Scaffolding Area,Fall arrest harness not properly anchored.,Minor,65.2,CRITICAL,Rain,Day,94,2,2
INC-V3-0530,2025-10-18,07:02,Scaffolding,Scaffolding Area,Incomplete scaffold tagging system observed.,Minor,45.8,MEDIUM,Adverse,Day,94,0,5
INC-V3-0531,2024-03-22,18:24,Working at Height,Scaffolding Area,Worker observed near roof edge without guardrail.,Moderate,35.8,MEDIUM,Windy,Day,92,0,6
INC-V3-0532,2025-07-10,09:31,Electrical Work,Building Site,Exposed wiring near a wet work area.,Major,62.9,HIGH,Clear,Day,60,1,6
INC-V3-0533,2025-01-07,09:07,Confined Space,Electrical Room,Emergency retrieval system not set up before entry.,Minor,55.6,HIGH,Clear,Day,76,0,2
INC-V3-0534,2024-08-28,13:23,Scaffolding,Building Site,Missing guardrail on scaffold platform.,Minor,29.1,MEDIUM,Rain,Day,94,0,6
INC-V3-0535,2025-10-04,06:23,Housekeeping,Warehouse,Spilled material not cleaned up promptly.,Near Miss,10.6,LOW,Clear,Day,93,0,6
INC-V3-0536,2025-06-13,07:44,Confined Space,Electrical Room,Emergency retrieval system not set up before entry.,Near Miss,47.5,MEDIUM,Clear,Day,96,1,6
INC-V3-0537,2024-10-26,21:42,Excavation,Excavation Area,Excavation walls showing signs of instability.,Near Miss,31.7,MEDIUM,Clear,Night,89,0,5
INC-V3-0538,2025-11-12,07:38,Vehicle Movement,Road/Access Area,Pedestrian and vehicle routes not segregated.,Moderate,73.5,CRITICAL,Adverse,Day,68,2,6
INC-V3-0539,2024-04-22,07:04,Scaffolding,Building Site,Incomplete scaffold tagging system observed.,Near Miss,20.0,LOW,Clear,Day,100,0,7
INC-V3-0540,2025-01-21,09:10,Welding,Building Site,Inadequate ventilation observed during welding task.,Minor,33.0,MEDIUM,Clear,Day,70,0,4
INC-V3-0541,2026-01-15,23:22,Excavation,Road/Access Area,Excavation walls showing signs of instability.,Moderate,73.7,CRITICAL,Adverse,Night,77,1,9
INC-V3-0542,2024-09-26,17:39,Excavation,Excavation Area,Inadequate barricading around excavation area.,Major,80.1,CRITICAL,Adverse,Day,63,0,6
INC-V3-0543,2024-07-05,12:35,Lifting,Loading Area,Exclusion zone around lift not maintained.,Moderate,30.5,MEDIUM,Clear,Day,70,0,7
INC-V3-0544,2025-05-26,11:49,Material Handling,Warehouse,Stacked materials observed in an unstable configuration.,Near Miss,30.9,MEDIUM,Adverse,Day,93,0,5
INC-V3-0545,2024-02-11,09:18,Material Handling,Loading Area,Obstructed walkway due to stored materials.,Moderate,32.0,MEDIUM,Rain,Day,79,0,6
INC-V3-0546,2025-05-31,10:01,Welding,Warehouse,Inadequate ventilation observed during welding task.,Moderate,46.7,MEDIUM,Clear,Day,55,1,7
INC-V3-0547,2025-04-04,17:17,Housekeeping,Building Site,Tools left in walking path after task completion.,Minor,37.7,MEDIUM,Rain,Day,63,0,7
INC-V3-0548,2024-02-25,06:55,Housekeeping,Warehouse,Spilled material not cleaned up promptly.,Near Miss,37.9,MEDIUM,Clear,Day,71,1,12
INC-V3-0549,2025-06-09,22:48,Electrical Work,Electrical Room,Live electrical panel left unlocked and unattended.,Minor,37.6,MEDIUM,Clear,Night,90,0,8
INC-V3-0550,2025-03-27,09:05,Working at Height,Building Site,Unprotected edge observed during elevated work.,Near Miss,49.6,HIGH,Clear,Day,81,0,8
INC-V3-0551,2024-06-15,15:50,Vehicle Movement,Road/Access Area,Vehicle observed exceeding site speed limit.,Near Miss,38.7,MEDIUM,Rain,Day,78,1,1
INC-V3-0552,2025-05-28,08:23,Electrical Work,Building Site,Damaged electrical cable observed.,Near Miss,54.2,HIGH,Windy,Day,58,0,4
INC-V3-0553,2025-09-12,17:15,Vehicle Movement,Road/Access Area,Vehicle reversing without a spotter present.,Moderate,37.3,MEDIUM,Rain,Day,80,0,1
INC-V3-0554,2025-12-18,09:29,Electrical Work,Building Site,Damaged electrical cable observed.,Minor,47.9,MEDIUM,Clear,Day,65,0,5
INC-V3-0555,2025-09-10,14:34,Welding,Warehouse,Welding screen missing in shared work area.,Moderate,36.5,MEDIUM,Clear,Day,82,1,9
INC-V3-0556,2024-08-17,15:17,Scaffolding,Scaffolding Area,Incomplete scaffold tagging system observed.,Moderate,43.8,MEDIUM,Clear,Day,58,0,6
INC-V3-0557,2026-01-19,15:32,Excavation,Excavation Area,Inadequate barricading around excavation area.,Minor,59.1,HIGH,Clear,Day,63,0,3
INC-V3-0558,2025-11-15,06:35,Confined Space,Electrical Room,Emergency retrieval system not set up before entry.,Minor,40.1,MEDIUM,Clear,Day,89,0,12
INC-V3-0559,2025-07-01,22:58,Scaffolding,Scaffolding Area,Scaffold access partially obstructed.,Minor,70.6,CRITICAL,Rain,Night,51,0,8
INC-V3-0560,2025-03-09,07:46,Lifting,Warehouse,Load exceeded rated capacity of lifting equipment.,Near Miss,55.7,HIGH,Clear,Day,63,1,9
INC-V3-0561,2025-10-06,06:06,Electrical Work,Electrical Room,Live electrical panel left unlocked and unattended.,Minor,47.2,MEDIUM,Adverse,Day,91,0,5
INC-V3-0562,2025-01-12,08:53,Working at Height,Building Site,Ladder used beyond recommended height without stabilization.,Moderate,68.7,CRITICAL,Adverse,Day,63,0,4
INC-V3-0563,2025-05-18,07:42,Material Handling,Warehouse,Manual handling of heavy load without mechanical aid.,Minor,17.4,LOW,Clear,Day,93,0,6
INC-V3-0564,2024-02-14,13:42,Excavation,Road/Access Area,No safe access/egress ladder provided in trench.,Moderate,50.3,HIGH,Rain,Day,75,0,4
INC-V3-0565,2024-04-06,08:15,Scaffolding,Building Site,Incomplete scaffold tagging system observed.,Minor,36.6,MEDIUM,Clear,Day,100,0,1
INC-V3-0566,2024-04-19,14:22,Electrical Work,Electrical Room,Exposed wiring near a wet work area.,Minor,29.7,MEDIUM,Clear,Day,97,0,6
INC-V3-0567,2025-08-31,11:54,Scaffolding,Building Site,Scaffold access partially obstructed.,Minor,34.5,MEDIUM,Clear,Day,79,0,5
INC-V3-0568,2025-05-27,13:36,Working at Height,Roof,Fall arrest harness not properly anchored.,Minor,52.9,HIGH,Rain,Day,81,0,8
INC-V3-0569,2025-09-13,13:43,Lifting,Building Site,Rigging inspection not completed before lift.,Near Miss,73.6,CRITICAL,Adverse,Day,61,1,9
INC-V3-0570,2025-03-13,19:36,Excavation,Road/Access Area,Inadequate barricading around excavation area.,Minor,31.0,MEDIUM,Clear,Night,90,0,5
INC-V3-0571,2025-08-30,09:13,Working at Height,Scaffolding Area,Unprotected edge observed during elevated work.,Minor,62.0,HIGH,Windy,Day,77,0,13
INC-V3-0572,2024-04-06,12:55,Confined Space,Excavation Area,No standby attendant present during confined space work.,Minor,34.8,MEDIUM,Clear,Day,90,0,7
INC-V3-0573,2025-12-19,22:31,Electrical Work,Building Site,Damaged electrical cable observed.,Moderate,45.6,MEDIUM,Clear,Night,95,2,4
INC-V3-0574,2025-11-27,10:16,Electrical Work,Building Site,Improper lockout/tagout procedure observed.,Near Miss,22.8,LOW,Clear,Day,91,0,6
INC-V3-0575,2024-10-01,20:15,Vehicle Movement,Loading Area,Pedestrian and vehicle routes not segregated.,Near Miss,52.4,HIGH,Adverse,Night,59,0,5
INC-V3-0576,2024-11-25,11:55,Confined Space,Excavation Area,Confined space entry without atmospheric testing.,Minor,59.8,HIGH,Adverse,Day,89,1,1
INC-V3-0577,2025-07-27,23:43,Working at Height,Roof,Unprotected edge observed during elevated work.,Minor,54.9,HIGH,Rain,Night,96,1,3
INC-V3-0578,2024-07-06,15:34,Housekeeping,Building Site,Obstruction observed blocking emergency access route.,Minor,7.7,LOW,Clear,Day,99,0,4
INC-V3-0579,2024-01-24,18:47,Housekeeping,Building Site,Debris accumulation observed in walkway.,Minor,9.8,LOW,Clear,Day,100,0,7
INC-V3-0580,2026-01-16,15:48,Working at Height,Building Site,Fall arrest harness not properly anchored.,Moderate,40.0,MEDIUM,Rain,Day,100,0,6
INC-V3-0581,2025-04-13,09:08,Scaffolding,Building Site,Missing guardrail on scaffold platform.,Minor,41.9,MEDIUM,Rain,Day,77,0,7
INC-V3-0582,2024-10-05,07:05,Welding,Building Site,Inadequate ventilation observed during welding task.,Minor,28.0,MEDIUM,Clear,Day,91,0,8
INC-V3-0583,2025-06-05,22:51,Material Handling,Loading Area,Improper storage of materials near a walkway.,Moderate,41.1,MEDIUM,Clear,Night,67,0,10
INC-V3-0584,2025-07-19,07:55,Housekeeping,Warehouse,Debris accumulation observed in walkway.,Near Miss,35.0,MEDIUM,Clear,Day,69,1,6
INC-V3-0585,2024-02-08,19:55,Scaffolding,Building Site,"Scaffold base observed on uneven, unstable ground.",Near Miss,47.0,MEDIUM,Rain,Night,75,0,4
INC-V3-0586,2025-02-24,12:58,Scaffolding,Building Site,Incomplete scaffold tagging system observed.,Near Miss,43.0,MEDIUM,Rain,Day,83,0,1
INC-V3-0587,2025-09-10,19:01,Material Handling,Loading Area,Manual handling of heavy load without mechanical aid.,Moderate,29.8,MEDIUM,Rain,Night,86,0,4
INC-V3-0588,2025-08-19,17:17,Excavation,Road/Access Area,No safe access/egress ladder provided in trench.,Minor,39.3,MEDIUM,Clear,Day,96,0,5
INC-V3-0589,2025-07-09,23:54,Scaffolding,Building Site,Incomplete scaffold tagging system observed.,Near Miss,48.3,HIGH,Rain,Night,76,0,3
INC-V3-0590,2025-08-06,19:15,Housekeeping,Building Site,Tools left in walking path after task completion.,Near Miss,16.2,LOW,Clear,Night,70,0,5
INC-V3-0591,2025-03-18,13:39,Vehicle Movement,Loading Area,Vehicle reversing without a spotter present.,Near Miss,41.5,MEDIUM,Clear,Day,76,1,1
INC-V3-0592,2024-02-11,23:51,Housekeeping,Building Site,Debris accumulation observed in walkway.,Minor,7.5,LOW,Clear,Night,97,0,7
INC-V3-0593,2024-05-24,08:53,Lifting,Loading Area,Rigging inspection not completed before lift.,Minor,33.4,MEDIUM,Rain,Day,89,0,4
INC-V3-0594,2024-11-18,23:22,Excavation,Excavation Area,Excavation walls showing signs of instability.,Minor,57.0,HIGH,Clear,Night,68,0,9
INC-V3-0595,2025-04-16,09:34,Confined Space,Electrical Room,Emergency retrieval system not set up before entry.,Minor,50.7,HIGH,Adverse,Day,94,0,5
INC-V3-0596,2025-08-08,21:36,Scaffolding,Building Site,Scaffold access partially obstructed.,Minor,24.0,LOW,Clear,Night,76,0,3
INC-V3-0597,2024-12-13,08:40,Confined Space,Excavation Area,No standby attendant present during confined space work.,Moderate,71.4,CRITICAL,Rain,Day,77,1,9
INC-V3-0598,2025-06-23,12:27,Confined Space,Electrical Room,Emergency retrieval system not set up before entry.,Near Miss,57.2,HIGH,Adverse,Day,95,0,11
INC-V3-0599,2025-05-30,21:45,Excavation,Road/Access Area,No safe access/egress ladder provided in trench.,Near Miss,59.7,HIGH,Clear,Night,61,1,1
INC-V3-0600,2024-03-02,15:21,Working at Height,Building Site,Fall arrest harness not properly anchored.,Major,43.2,MEDIUM,Windy,Day,100,0,3
INC-V3-0601,2024-05-30,09:51,Excavation,Road/Access Area,No safe access/egress ladder provided in trench.,Major,50.0,HIGH,Clear,Day,65,0,7
INC-V3-0602,2025-03-22,09:04,Material Handling,Loading Area,Manual handling of heavy load without mechanical aid.,Major,75.0,CRITICAL,Adverse,Day,50,2,4
INC-V3-0603,2025-11-13,12:43,Welding,Building Site,Fire watch not posted during hot work.,Near Miss,43.3,MEDIUM,Rain,Day,99,1,3
INC-V3-0604,2025-05-31,18:01,Material Handling,Warehouse,Stacked materials observed in an unstable configuration.,Moderate,21.6,LOW,Rain,Day,87,0,1
INC-V3-0605,2024-04-15,13:32,Working at Height,Roof,Worker observed near roof edge without guardrail.,Moderate,38.9,MEDIUM,Clear,Day,93,0,5
INC-V3-0606,2025-07-20,17:02,Welding,Building Site,Welding conducted near flammable materials.,Minor,18.6,LOW,Clear,Day,98,0,7
INC-V3-0607,2024-10-08,14:47,Confined Space,Excavation Area,No standby attendant present during confined space work.,Minor,54.8,HIGH,Windy,Day,83,0,5
INC-V3-0608,2024-08-13,15:54,Housekeeping,Building Site,Tools left in walking path after task completion.,Minor,57.2,HIGH,Clear,Day,54,3,4
INC-V3-0609,2025-12-06,09:38,Working at Height,Building Site,Ladder used beyond recommended height without stabilization.,Near Miss,62.0,HIGH,Rain,Day,78,1,5
INC-V3-0610,2025-09-05,22:15,Material Handling,Warehouse,Stacked materials observed in an unstable configuration.,Moderate,29.0,MEDIUM,Windy,Night,92,0,2
INC-V3-0611,2024-04-25,14:09,Excavation,Excavation Area,Inadequate barricading around excavation area.,Minor,44.5,MEDIUM,Adverse,Day,91,0,2
INC-V3-0612,2024-10-22,11:36,Working at Height,Scaffolding Area,Unprotected edge observed during elevated work.,Near Miss,39.0,MEDIUM,Clear,Day,99,0,5
INC-V3-0613,2025-02-13,20:12,Welding,Building Site,Inadequate ventilation observed during welding task.,Minor,56.7,HIGH,Rain,Night,76,1,2
INC-V3-0614,2024-02-11,23:50,Excavation,Road/Access Area,Spoil pile placed too close to excavation edge.,Minor,33.6,MEDIUM,Clear,Night,94,0,7
INC-V3-0615,2025-03-04,15:45,Confined Space,Electrical Room,Confined space entry without atmospheric testing.,Near Miss,41.0,MEDIUM,Clear,Day,92,0,8
INC-V3-0616,2024-02-11,09:53,Lifting,Warehouse,Exclusion zone around lift not maintained.,Moderate,41.5,MEDIUM,Clear,Day,70,2,5
INC-V3-0617,2024-12-01,11:50,Scaffolding,Building Site,Scaffold access partially obstructed.,Moderate,41.7,MEDIUM,Clear,Day,71,0,4
INC-V3-0618,2024-03-12,17:00,Lifting,Warehouse,Improper lifting zone setup observed.,Moderate,62.4,HIGH,Adverse,Day,62,0,9
INC-V3-0619,2024-01-07,19:08,Vehicle Movement,Loading Area,Vehicle reversing without a spotter present.,Near Miss,23.9,LOW,Clear,Night,96,0,3
INC-V3-0620,2024-09-10,14:09,Electrical Work,Building Site,Improper lockout/tagout procedure observed.,Minor,47.2,MEDIUM,Clear,Day,69,0,9
INC-V3-0621,2024-08-23,14:05,Working at Height,Scaffolding Area,Fall arrest harness not properly anchored.,Moderate,48.7,HIGH,Windy,Day,80,0,7
INC-V3-0622,2025-07-25,14:21,Welding,Warehouse,Welding screen missing in shared work area.,Minor,30.4,MEDIUM,Clear,Day,82,0,5
INC-V3-0623,2025-06-01,18:20,Scaffolding,Scaffolding Area,Incomplete scaffold tagging system observed.,Near Miss,48.9,HIGH,Rain,Day,79,1,1
INC-V3-0624,2025-11-22,17:14,Working at Height,Roof,Ladder used beyond recommended height without stabilization.,Minor,36.1,MEDIUM,Clear,Day,91,0,4
INC-V3-0625,2025-12-13,22:47,Confined Space,Excavation Area,Confined space entry without atmospheric testing.,Near Miss,35.9,MEDIUM,Clear,Night,85,0,7
INC-V3-0626,2024-07-19,09:52,Welding,Warehouse,Fire watch not posted during hot work.,Near Miss,19.4,LOW,Clear,Day,90,0,4
INC-V3-0627,2025-06-22,16:40,Housekeeping,Warehouse,Spilled material not cleaned up promptly.,Near Miss,38.5,MEDIUM,Rain,Day,59,0,8
INC-V3-0628,2024-01-19,13:18,Lifting,Warehouse,Rigging inspection not completed before lift.,Near Miss,52.5,HIGH,Windy,Day,61,0,8
INC-V3-0629,2025-12-04,06:36,Welding,Building Site,Welding screen missing in shared work area.,Near Miss,33.8,MEDIUM,Clear,Day,90,2,8
INC-V3-0630,2025-08-12,23:04,Welding,Warehouse,Inadequate ventilation observed during welding task.,Minor,38.3,MEDIUM,Rain,Night,76,0,8
INC-V3-0631,2024-10-06,12:45,Material Handling,Warehouse,Stacked materials observed in an unstable configuration.,Near Miss,37.9,MEDIUM,Clear,Day,67,0,2
INC-V3-0632,2024-04-14,15:22,Excavation,Road/Access Area,No safe access/egress ladder provided in trench.,Major,45.7,MEDIUM,Clear,Day,81,1,8
INC-V3-0633,2025-05-13,06:40,Confined Space,Excavation Area,Emergency retrieval system not set up before entry.,Moderate,52.6,HIGH,Clear,Day,73,0,1
INC-V3-0634,2025-02-20,09:03,Housekeeping,Warehouse,Debris accumulation observed in walkway.,Near Miss,47.5,MEDIUM,Rain,Day,70,2,9
INC-V3-0635,2025-09-15,13:19,Confined Space,Excavation Area,Ventilation equipment not in place for confined space entry.,Moderate,50.6,HIGH,Clear,Day,77,0,5
INC-V3-0636,2025-03-16,11:10,Scaffolding,Building Site,Scaffold access partially obstructed.,Near Miss,64.2,HIGH,Rain,Day,79,1,11
INC-V3-0637,2025-03-15,07:48,Scaffolding,Building Site,Scaffold access partially obstructed.,Major,38.0,MEDIUM,Clear,Day,78,0,9
INC-V3-0638,2024-09-30,20:33,Housekeeping,Building Site,Obstruction observed blocking emergency access route.,Near Miss,13.5,LOW,Clear,Night,86,0,1
INC-V3-0639,2024-09-25,14:32,Electrical Work,Electrical Room,Improper lockout/tagout procedure observed.,Major,67.3,CRITICAL,Adverse,Day,80,1,5
INC-V3-0640,2025-08-28,07:48,Material Handling,Loading Area,Improper storage of materials near a walkway.,Near Miss,38.1,MEDIUM,Rain,Day,70,0,10
INC-V3-0641,2025-06-17,09:17,Excavation,Excavation Area,No safe access/egress ladder provided in trench.,Minor,46.2,MEDIUM,Rain,Day,76,0,2
INC-V3-0642,2025-08-08,20:42,Confined Space,Excavation Area,Ventilation equipment not in place for confined space entry.,Moderate,72.7,CRITICAL,Rain,Night,76,1,6
INC-V3-0643,2024-06-10,13:38,Housekeeping,Warehouse,Debris accumulation observed in walkway.,Major,36.9,MEDIUM,Rain,Day,52,0,4
INC-V3-0644,2025-11-22,14:59,Excavation,Excavation Area,Spoil pile placed too close to excavation edge.,Moderate,82.1,CRITICAL,Adverse,Day,68,1,8
INC-V3-0645,2026-01-16,16:17,Housekeeping,Building Site,Obstruction observed blocking emergency access route.,Near Miss,18.8,LOW,Clear,Day,86,0,3
INC-V3-0646,2024-09-16,16:11,Working at Height,Building Site,Fall arrest harness not properly anchored.,Minor,66.9,CRITICAL,Adverse,Day,79,1,3
INC-V3-0647,2024-07-25,11:49,Vehicle Movement,Loading Area,Vehicle reversing without a spotter present.,Minor,65.0,HIGH,Windy,Day,76,3,7
INC-V3-0648,2024-01-11,11:16,Working at Height,Scaffolding Area,Fall arrest harness not properly anchored.,Moderate,54.5,HIGH,Rain,Day,72,0,5
INC-V3-0649,2024-04-19,17:19,Welding,Building Site,Fire watch not posted during hot work.,Minor,33.0,MEDIUM,Clear,Day,69,0,6
INC-V3-0650,2024-09-29,11:46,Lifting,Loading Area,Improper lifting zone setup observed.,Near Miss,43.7,MEDIUM,Clear,Day,68,0,7
INC-V3-0651,2025-12-06,16:07,Excavation,Road/Access Area,Inadequate barricading around excavation area.,Moderate,42.5,MEDIUM,Rain,Day,87,1,5
INC-V3-0652,2024-09-13,19:38,Lifting,Warehouse,Load exceeded rated capacity of lifting equipment.,Moderate,27.0,LOW,Clear,Night,80,0,6
INC-V3-0653,2024-08-19,18:52,Material Handling,Loading Area,Obstructed walkway due to stored materials.,Near Miss,20.7,LOW,Clear,Day,92,1,7
INC-V3-0654,2024-02-01,22:53,Working at Height,Roof,Unprotected edge observed during elevated work.,Moderate,58.5,HIGH,Rain,Night,79,0,5
INC-V3-0655,2025-09-11,09:04,Welding,Warehouse,Welding conducted near flammable materials.,Near Miss,14.2,LOW,Clear,Day,96,1,8
INC-V3-0656,2024-06-23,12:03,Housekeeping,Warehouse,Obstruction observed blocking emergency access route.,Minor,25.6,LOW,Clear,Day,73,0,3
INC-V3-0657,2024-02-07,09:28,Electrical Work,Electrical Room,Exposed wiring near a wet work area.,Near Miss,36.8,MEDIUM,Rain,Day,100,0,10
INC-V3-0658,2025-10-03,10:01,Scaffolding,Building Site,Incomplete scaffold tagging system observed.,Moderate,60.1,HIGH,Adverse,Day,58,0,3
INC-V3-0659,2024-11-08,10:02,Working at Height,Scaffolding Area,Ladder used beyond recommended height without stabilization.,Moderate,52.1,HIGH,Rain,Day,82,0,2
INC-V3-0660,2025-02-22,20:39,Electrical Work,Electrical Room,Improper lockout/tagout procedure observed.,Moderate,44.9,MEDIUM,Clear,Night,71,0,1
INC-V3-0661,2024-10-02,11:26,Lifting,Building Site,Exclusion zone around lift not maintained.,Near Miss,53.6,HIGH,Rain,Day,62,0,8
INC-V3-0662,2024-03-18,08:07,Scaffolding,Scaffolding Area,Missing guardrail on scaffold platform.,Moderate,35.4,MEDIUM,Rain,Day,97,0,8
INC-V3-0663,2025-03-21,07:57,Confined Space,Electrical Room,Ventilation equipment not in place for confined space entry.,Near Miss,36.5,MEDIUM,Clear,Day,75,0,4
INC-V3-0664,2024-07-11,14:14,Vehicle Movement,Loading Area,Pedestrian and vehicle routes not segregated.,Near Miss,49.5,HIGH,Adverse,Day,73,0,3
INC-V3-0665,2025-09-27,09:01,Scaffolding,Scaffolding Area,Missing guardrail on scaffold platform.,Moderate,62.1,HIGH,Windy,Day,66,1,2
INC-V3-0666,2025-03-16,11:49,Welding,Building Site,Fire watch not posted during hot work.,Minor,57.6,HIGH,Clear,Day,41,1,1
INC-V3-0667,2024-03-01,20:51,Material Handling,Loading Area,Obstructed walkway due to stored materials.,Moderate,28.7,MEDIUM,Clear,Night,76,0,2
INC-V3-0668,2024-09-01,12:03,Scaffolding,Scaffolding Area,Incomplete scaffold tagging system observed.,Minor,27.3,LOW,Clear,Day,85,0,3
INC-V3-0669,2025-10-22,21:24,Scaffolding,Building Site,Incomplete scaffold tagging system observed.,Near Miss,27.5,LOW,Rain,Night,90,0,5
INC-V3-0670,2025-01-08,07:01,Working at Height,Scaffolding Area,Fall arrest harness not properly anchored.,Major,54.2,HIGH,Rain,Day,77,0,3
INC-V3-0671,2025-09-12,10:10,Scaffolding,Scaffolding Area,Missing guardrail on scaffold platform.,Near Miss,47.6,MEDIUM,Clear,Day,61,0,8
INC-V3-0672,2024-02-08,08:14,Electrical Work,Electrical Room,Exposed wiring near a wet work area.,Moderate,53.9,HIGH,Clear,Day,76,1,3
INC-V3-0673,2024-05-14,06:20,Working at Height,Scaffolding Area,Ladder used beyond recommended height without stabilization.,Minor,50.4,HIGH,Clear,Day,77,0,10
INC-V3-0674,2024-12-28,15:18,Working at Height,Roof,Fall arrest harness not properly anchored.,Major,70.4,CRITICAL,Rain,Day,79,2,9
INC-V3-0675,2025-12-02,15:38,Excavation,Road/Access Area,No safe access/egress ladder provided in trench.,Near Miss,47.2,MEDIUM,Clear,Day,69,0,6
INC-V3-0676,2025-07-09,19:40,Working at Height,Building Site,Fall arrest harness not properly anchored.,Near Miss,43.5,MEDIUM,Clear,Night,86,0,10
INC-V3-0677,2024-06-04,13:08,Welding,Warehouse,Inadequate ventilation observed during welding task.,Minor,52.9,HIGH,Clear,Day,53,1,9
INC-V3-0678,2025-06-09,22:58,Vehicle Movement,Loading Area,Pedestrian and vehicle routes not segregated.,Major,32.8,MEDIUM,Clear,Night,71,1,10
INC-V3-0679,2024-10-14,11:03,Vehicle Movement,Loading Area,Pedestrian and vehicle routes not segregated.,Major,59.8,HIGH,Rain,Day,79,2,6
INC-V3-0680,2025-11-27,11:14,Scaffolding,Scaffolding Area,Scaffold access partially obstructed.,Moderate,34.1,MEDIUM,Windy,Day,96,0,10
INC-V3-0681,2024-06-16,13:26,Excavation,Excavation Area,No safe access/egress ladder provided in trench.,Moderate,36.4,MEDIUM,Clear,Day,88,1,7
INC-V3-0682,2025-04-09,14:59,Housekeeping,Warehouse,Spilled material not cleaned up promptly.,Moderate,27.5,LOW,Rain,Day,76,1,3
INC-V3-0683,2024-03-29,17:17,Excavation,Excavation Area,Inadequate barricading around excavation area.,Minor,37.6,MEDIUM,Windy,Day,100,0,7
INC-V3-0684,2025-04-18,21:12,Scaffolding,Scaffolding Area,Scaffold access partially obstructed.,Near Miss,43.4,MEDIUM,Clear,Night,71,0,8
INC-V3-0685,2025-08-17,06:15,Scaffolding,Scaffolding Area,Incomplete scaffold tagging system observed.,Moderate,56.7,HIGH,Clear,Day,64,1,3
INC-V3-0686,2024-07-23,07:32,Working at Height,Building Site,Fall arrest harness not properly anchored.,Minor,40.4,MEDIUM,Clear,Day,70,0,7
INC-V3-0687,2024-05-21,17:44,Scaffolding,Building Site,Incomplete scaffold tagging system observed.,Minor,59.6,HIGH,Adverse,Day,64,0,6
INC-V3-0688,2024-11-06,09:02,Vehicle Movement,Road/Access Area,Blind spot hazard noted at site access road.,Near Miss,35.3,MEDIUM,Windy,Day,93,1,7
INC-V3-0689,2024-05-15,12:31,Excavation,Road/Access Area,Spoil pile placed too close to excavation edge.,Moderate,46.5,MEDIUM,Clear,Day,77,0,14
INC-V3-0690,2024-03-21,19:44,Electrical Work,Electrical Room,Live electrical panel left unlocked and unattended.,Near Miss,39.4,MEDIUM,Rain,Night,95,0,9
INC-V3-0691,2024-10-16,14:08,Electrical Work,Building Site,Exposed wiring near a wet work area.,Major,28.5,MEDIUM,Clear,Day,95,0,4
INC-V3-0692,2024-11-17,16:25,Material Handling,Warehouse,Obstructed walkway due to stored materials.,Near Miss,15.1,LOW,Clear,Day,81,0,7
INC-V3-0693,2025-08-19,08:54,Working at Height,Scaffolding Area,Unprotected edge observed during elevated work.,Minor,75.6,CRITICAL,Adverse,Day,68,0,3
INC-V3-0694,2024-11-21,21:27,Excavation,Excavation Area,Spoil pile placed too close to excavation edge.,Major,66.5,CRITICAL,Clear,Night,75,2,9
INC-V3-0695,2024-09-16,13:01,Excavation,Excavation Area,No safe access/egress ladder provided in trench.,Near Miss,49.9,HIGH,Clear,Day,84,1,5
INC-V3-0696,2024-04-12,22:12,Working at Height,Roof,Worker observed near roof edge without guardrail.,Near Miss,63.7,HIGH,Clear,Night,53,0,9
INC-V3-0697,2024-12-26,09:00,Welding,Warehouse,Welding conducted near flammable materials.,Minor,34.4,MEDIUM,Windy,Day,59,0,7
INC-V3-0698,2024-11-08,16:51,Working at Height,Scaffolding Area,Worker observed near roof edge without guardrail.,Major,55.1,HIGH,Rain,Day,84,0,1
INC-V3-0699,2025-06-30,20:58,Material Handling,Loading Area,Obstructed walkway due to stored materials.,Near Miss,34.4,MEDIUM,Adverse,Night,98,0,9
INC-V3-0700,2024-04-30,07:40,Material Handling,Loading Area,Obstructed walkway due to stored materials.,Near Miss,29.9,MEDIUM,Clear,Day,72,0,5
INC-V3-0701,2025-06-02,12:26,Scaffolding,Building Site,Scaffold access partially obstructed.,Moderate,37.9,MEDIUM,Rain,Day,71,0,4
INC-V3-0702,2024-01-29,15:44,Lifting,Building Site,Rigging inspection not completed before lift.,Major,20.4,LOW,Clear,Day,91,0,7
INC-V3-0703,2025-03-18,06:23,Lifting,Building Site,Improper lifting zone setup observed.,Minor,37.7,MEDIUM,Clear,Day,63,0,9
INC-V3-0704,2024-01-23,14:38,Welding,Building Site,Welding conducted near flammable materials.,Near Miss,59.2,HIGH,Rain,Day,55,1,7
INC-V3-0705,2025-01-14,14:21,Excavation,Road/Access Area,Inadequate barricading around excavation area.,Near Miss,36.0,MEDIUM,Clear,Day,78,0,5
INC-V3-0706,2025-09-09,16:29,Lifting,Building Site,Rigging inspection not completed before lift.,Near Miss,25.8,LOW,Clear,Day,87,0,1
INC-V3-0707,2024-12-07,19:15,Lifting,Building Site,Rigging inspection not completed before lift.,Near Miss,39.6,MEDIUM,Rain,Night,78,0,2
INC-V3-0708,2024-07-31,14:41,Housekeeping,Building Site,Obstruction observed blocking emergency access route.,Minor,28.7,MEDIUM,Clear,Day,66,0,3
INC-V3-0709,2025-08-09,11:47,Welding,Warehouse,Welding conducted near flammable materials.,Near Miss,19.6,LOW,Clear,Day,86,0,6
INC-V3-0710,2025-05-05,14:07,Confined Space,Electrical Room,Emergency retrieval system not set up before entry.,Moderate,61.9,HIGH,Clear,Day,85,2,3
INC-V3-0711,2024-10-15,16:42,Material Handling,Loading Area,Stacked materials observed in an unstable configuration.,Minor,23.0,LOW,Rain,Day,100,0,3
INC-V3-0712,2024-11-27,19:34,Confined Space,Electrical Room,Confined space entry without atmospheric testing.,Moderate,67.0,CRITICAL,Clear,Night,65,0,4
INC-V3-0713,2025-03-11,15:02,Electrical Work,Electrical Room,Damaged electrical cable observed.,Near Miss,44.5,MEDIUM,Clear,Day,64,0,5
INC-V3-0714,2024-12-19,14:38,Electrical Work,Electrical Room,Damaged electrical cable observed.,Moderate,40.0,MEDIUM,Rain,Day,90,0,3
INC-V3-0715,2024-04-20,10:50,Welding,Building Site,Welding screen missing in shared work area.,Moderate,31.9,MEDIUM,Clear,Day,81,0,7
INC-V3-0716,2024-06-15,22:41,Electrical Work,Building Site,Improper lockout/tagout procedure observed.,Moderate,32.2,MEDIUM,Clear,Night,98,0,8
INC-V3-0717,2024-03-29,22:15,Excavation,Excavation Area,Inadequate barricading around excavation area.,Minor,75.1,CRITICAL,Adverse,Night,60,0,5
INC-V3-0718,2025-06-09,18:54,Vehicle Movement,Road/Access Area,Blind spot hazard noted at site access road.,Near Miss,38.2,MEDIUM,Clear,Day,61,0,1
INC-V3-0719,2024-10-15,09:59,Excavation,Road/Access Area,Inadequate barricading around excavation area.,Major,88.1,CRITICAL,Adverse,Day,63,3,1
INC-V3-0720,2024-02-24,16:26,Electrical Work,Electrical Room,Exposed wiring near a wet work area.,Minor,42.0,MEDIUM,Windy,Day,90,0,7
INC-V3-0721,2025-05-01,12:11,Confined Space,Excavation Area,No standby attendant present during confined space work.,Minor,52.6,HIGH,Rain,Day,100,0,3
INC-V3-0722,2025-09-06,19:45,Scaffolding,Building Site,Scaffold access partially obstructed.,Minor,42.0,MEDIUM,Windy,Night,87,1,3
INC-V3-0723,2025-06-17,06:54,Welding,Building Site,Inadequate ventilation observed during welding task.,Minor,28.4,MEDIUM,Clear,Day,73,0,3
INC-V3-0724,2025-09-19,06:17,Lifting,Loading Area,Rigging inspection not completed before lift.,Major,47.0,MEDIUM,Rain,Day,66,0,4
INC-V3-0725,2024-09-21,11:12,Confined Space,Electrical Room,Emergency retrieval system not set up before entry.,Near Miss,47.4,MEDIUM,Clear,Day,75,0,7
INC-V3-0726,2025-01-13,18:32,Housekeeping,Building Site,Obstruction observed blocking emergency access route.,Major,42.7,MEDIUM,Adverse,Day,69,0,7
INC-V3-0727,2024-07-25,13:45,Vehicle Movement,Loading Area,Vehicle reversing without a spotter present.,Near Miss,54.0,HIGH,Adverse,Day,62,0,8
INC-V3-0728,2025-05-07,21:16,Confined Space,Excavation Area,No standby attendant present during confined space work.,Moderate,59.9,HIGH,Clear,Night,56,0,7
INC-V3-0729,2024-02-25,08:52,Lifting,Warehouse,Improper lifting zone setup observed.,Minor,47.5,MEDIUM,Rain,Day,62,0,5
INC-V3-0730,2024-05-12,16:01,Confined Space,Electrical Room,Confined space entry without atmospheric testing.,Near Miss,36.5,MEDIUM,Clear,Day,95,0,7
INC-V3-0731,2025-12-09,11:46,Confined Space,Electrical Room,Confined space entry without atmospheric testing.,Near Miss,48.6,HIGH,Rain,Day,100,0,6
INC-V3-0732,2024-03-31,22:32,Welding,Warehouse,Welding conducted near flammable materials.,Minor,44.5,MEDIUM,Clear,Night,59,0,9
INC-V3-0733,2025-11-12,11:39,Excavation,Excavation Area,No safe access/egress ladder provided in trench.,Major,49.8,HIGH,Adverse,Day,91,0,7
INC-V3-0734,2024-10-01,16:59,Electrical Work,Building Site,Exposed wiring near a wet work area.,Moderate,50.6,HIGH,Adverse,Day,79,0,3
INC-V3-0735,2025-06-27,23:10,Lifting,Loading Area,Rigging inspection not completed before lift.,Major,49.8,HIGH,Clear,Night,62,0,4
INC-V3-0736,2025-02-17,14:31,Welding,Warehouse,Welding conducted near flammable materials.,Moderate,43.8,MEDIUM,Windy,Day,89,1,5
INC-V3-0737,2025-10-29,16:59,Confined Space,Excavation Area,Emergency retrieval system not set up before entry.,Minor,48.9,HIGH,Clear,Day,96,0,9
INC-V3-0738,2025-01-17,15:59,Scaffolding,Building Site,Scaffold access partially obstructed.,Moderate,29.6,MEDIUM,Clear,Day,94,0,3
INC-V3-0739,2024-04-11,22:50,Lifting,Warehouse,Improper lifting zone setup observed.,Near Miss,30.6,MEDIUM,Clear,Night,80,0,5
INC-V3-0740,2024-06-30,15:44,Lifting,Loading Area,Improper lifting zone setup observed.,Near Miss,31.3,MEDIUM,Clear,Day,74,0,6
INC-V3-0741,2024-04-21,16:33,Electrical Work,Building Site,Exposed wiring near a wet work area.,Moderate,41.5,MEDIUM,Clear,Day,73,0,9
INC-V3-0742,2025-12-24,08:24,Working at Height,Building Site,Fall arrest harness not properly anchored.,Major,65.3,CRITICAL,Windy,Day,46,0,9
INC-V3-0743,2025-04-04,09:04,Scaffolding,Building Site,Incomplete scaffold tagging system observed.,Minor,52.7,HIGH,Clear,Day,66,1,5
INC-V3-0744,2025-09-12,08:30,Lifting,Warehouse,Load exceeded rated capacity of lifting equipment.,Minor,42.7,MEDIUM,Clear,Day,57,0,8
INC-V3-0745,2024-05-14,06:04,Confined Space,Excavation Area,No standby attendant present during confined space work.,Moderate,62.9,HIGH,Clear,Day,72,1,1
INC-V3-0746,2024-09-05,06:34,Working at Height,Scaffolding Area,Worker observed near roof edge without guardrail.,Major,81.4,CRITICAL,Clear,Day,64,2,5
INC-V3-0747,2024-01-28,21:55,Housekeeping,Warehouse,Debris accumulation observed in walkway.,Minor,5.2,LOW,Clear,Night,87,0,10
INC-V3-0748,2025-03-16,14:10,Material Handling,Loading Area,Improper storage of materials near a walkway.,Minor,61.4,HIGH,Windy,Day,66,2,4
INC-V3-0749,2024-11-11,13:24,Material Handling,Loading Area,Stacked materials observed in an unstable configuration.,Near Miss,16.9,LOW,Rain,Day,91,0,5
INC-V3-0750,2024-07-12,18:53,Scaffolding,Scaffolding Area,Scaffold access partially obstructed.,Minor,40.5,MEDIUM,Clear,Day,100,1,1
INC-V3-0751,2024-03-21,07:33,Housekeeping,Warehouse,Debris accumulation observed in walkway.,Major,69.9,CRITICAL,Rain,Day,63,3,9
INC-V3-0752,2025-09-16,22:41,Material Handling,Warehouse,Stacked materials observed in an unstable configuration.,Moderate,27.6,LOW,Windy,Night,80,0,4
INC-V3-0753,2024-08-19,12:14,Working at Height,Scaffolding Area,Unprotected edge observed during elevated work.,Minor,63.0,HIGH,Rain,Day,97,2,3
INC-V3-0754,2024-05-16,20:35,Excavation,Excavation Area,Excavation walls showing signs of instability.,Minor,65.3,CRITICAL,Clear,Night,47,1,5
INC-V3-0755,2024-11-04,13:32,Excavation,Road/Access Area,Excavation walls showing signs of instability.,Near Miss,30.7,MEDIUM,Clear,Day,85,0,4
INC-V3-0756,2024-01-06,19:42,Working at Height,Building Site,Worker observed near roof edge without guardrail.,Moderate,53.8,HIGH,Clear,Night,51,0,6
INC-V3-0757,2025-12-13,08:09,Housekeeping,Warehouse,Obstruction observed blocking emergency access route.,Minor,25.9,LOW,Clear,Day,69,0,3
INC-V3-0758,2025-03-06,19:28,Scaffolding,Building Site,Missing guardrail on scaffold platform.,Minor,68.1,CRITICAL,Rain,Night,72,3,1
INC-V3-0759,2024-11-08,18:00,Housekeeping,Warehouse,Tools left in walking path after task completion.,Near Miss,6.4,LOW,Clear,Day,85,0,1
INC-V3-0760,2025-07-02,15:54,Electrical Work,Electrical Room,Live electrical panel left unlocked and unattended.,Minor,47.0,MEDIUM,Clear,Day,75,0,5
INC-V3-0761,2025-11-30,11:55,Electrical Work,Building Site,Improper lockout/tagout procedure observed.,Minor,70.4,CRITICAL,Adverse,Day,81,1,11
INC-V3-0762,2024-05-15,11:48,Scaffolding,Scaffolding Area,Scaffold access partially obstructed.,Moderate,32.9,MEDIUM,Clear,Day,84,0,5
INC-V3-0763,2025-09-19,20:47,Vehicle Movement,Road/Access Area,Vehicle observed exceeding site speed limit.,Near Miss,45.9,MEDIUM,Clear,Night,69,1,7
INC-V3-0764,2025-09-12,15:56,Welding,Building Site,Welding screen missing in shared work area.,Near Miss,40.5,MEDIUM,Adverse,Day,90,0,2
INC-V3-0765,2024-12-20,10:57,Material Handling,Warehouse,Stacked materials observed in an unstable configuration.,Moderate,25.3,LOW,Rain,Day,72,0,7
INC-V3-0766,2025-12-28,23:25,Vehicle Movement,Road/Access Area,Pedestrian and vehicle routes not segregated.,Near Miss,58.3,HIGH,Adverse,Night,69,0,9
INC-V3-0767,2024-11-05,08:18,Electrical Work,Building Site,Improper lockout/tagout procedure observed.,Near Miss,37.3,MEDIUM,Clear,Day,77,0,8
INC-V3-0768,2025-06-19,12:01,Confined Space,Electrical Room,Emergency retrieval system not set up before entry.,Near Miss,32.4,MEDIUM,Clear,Day,90,0,9
INC-V3-0769,2025-04-23,12:23,Excavation,Road/Access Area,Inadequate barricading around excavation area.,Near Miss,35.4,MEDIUM,Clear,Day,92,0,2
INC-V3-0770,2024-07-15,06:40,Welding,Building Site,Welding screen missing in shared work area.,Near Miss,45.7,MEDIUM,Clear,Day,57,1,2
INC-V3-0771,2025-01-21,11:51,Lifting,Loading Area,Improper lifting zone setup observed.,Near Miss,37.8,MEDIUM,Clear,Day,82,0,3
INC-V3-0772,2025-04-02,12:16,Vehicle Movement,Road/Access Area,Vehicle reversing without a spotter present.,Near Miss,35.3,MEDIUM,Clear,Day,69,0,4
INC-V3-0773,2025-06-05,07:50,Working at Height,Roof,Ladder used beyond recommended height without stabilization.,Near Miss,61.1,HIGH,Clear,Day,76,0,5
INC-V3-0774,2025-02-13,12:16,Lifting,Warehouse,Rigging inspection not completed before lift.,Moderate,53.6,HIGH,Rain,Day,54,1,1
INC-V3-0775,2024-05-10,11:59,Vehicle Movement,Road/Access Area,Vehicle observed exceeding site speed limit.,Minor,20.6,LOW,Clear,Day,85,0,8
INC-V3-0776,2024-08-28,12:11,Excavation,Excavation Area,Spoil pile placed too close to excavation edge.,Moderate,67.0,CRITICAL,Adverse,Day,57,0,7
INC-V3-0777,2025-04-10,08:56,Vehicle Movement,Road/Access Area,Vehicle reversing without a spotter present.,Near Miss,45.1,MEDIUM,Clear,Day,69,0,5
INC-V3-0778,2024-11-08,14:06,Vehicle Movement,Loading Area,Pedestrian and vehicle routes not segregated.,Moderate,49.3,HIGH,Rain,Day,55,0,2
INC-V3-0779,2024-03-07,18:07,Excavation,Excavation Area,Inadequate barricading around excavation area.,Moderate,45.0,MEDIUM,Clear,Day,74,0,8
INC-V3-0780,2024-09-08,11:31,Scaffolding,Scaffolding Area,Scaffold access partially obstructed.,Major,53.2,HIGH,Clear,Day,51,0,1
INC-V3-0781,2025-07-13,09:23,Confined Space,Electrical Room,No standby attendant present during confined space work.,Near Miss,71.5,CRITICAL,Adverse,Day,78,1,3
INC-V3-0782,2025-06-30,16:00,Housekeeping,Building Site,Obstruction observed blocking emergency access route.,Near Miss,21.4,LOW,Clear,Day,74,0,2
INC-V3-0783,2025-03-23,06:17,Excavation,Road/Access Area,Inadequate barricading around excavation area.,Near Miss,45.5,MEDIUM,Rain,Day,73,0,8
INC-V3-0784,2024-06-08,13:32,Confined Space,Excavation Area,Emergency retrieval system not set up before entry.,Minor,74.0,CRITICAL,Clear,Day,73,2,11
INC-V3-0785,2024-01-26,10:25,Excavation,Excavation Area,Spoil pile placed too close to excavation edge.,Minor,34.5,MEDIUM,Clear,Day,100,0,4
INC-V3-0786,2024-06-24,21:11,Lifting,Loading Area,Improper lifting zone setup observed.,Near Miss,23.2,LOW,Clear,Night,86,0,2
INC-V3-0787,2024-10-16,10:29,Working at Height,Scaffolding Area,Worker observed near roof edge without guardrail.,Near Miss,58.3,HIGH,Windy,Day,70,0,2
INC-V3-0788,2024-12-16,09:10,Confined Space,Electrical Room,Ventilation equipment not in place for confined space entry.,Minor,61.2,HIGH,Rain,Day,63,0,4
INC-V3-0789,2024-08-17,07:21,Lifting,Warehouse,Exclusion zone around lift not maintained.,Minor,46.3,MEDIUM,Clear,Day,59,0,5
INC-V3-0790,2024-09-17,16:21,Welding,Building Site,Inadequate ventilation observed during welding task.,Near Miss,28.0,LOW,Clear,Day,77,0,7
INC-V3-0791,2025-11-04,09:27,Material Handling,Loading Area,Obstructed walkway due to stored materials.,Moderate,45.2,MEDIUM,Windy,Day,62,0,5
INC-V3-0792,2024-09-20,09:24,Housekeeping,Building Site,Spilled material not cleaned up promptly.,Near Miss,18.6,LOW,Rain,Day,87,0,9
INC-V3-0793,2024-11-04,11:26,Working at Height,Building Site,Fall arrest harness not properly anchored.,Major,54.3,HIGH,Rain,Day,58,0,1
INC-V3-0794,2024-04-01,16:17,Material Handling,Loading Area,Stacked materials observed in an unstable configuration.,Near Miss,30.4,MEDIUM,Windy,Day,82,0,2
INC-V3-0795,2025-01-19,10:19,Excavation,Excavation Area,No safe access/egress ladder provided in trench.,Moderate,46.1,MEDIUM,Windy,Day,81,0,5
INC-V3-0796,2024-04-26,16:53,Housekeeping,Building Site,Tools left in walking path after task completion.,Moderate,46.3,MEDIUM,Clear,Day,56,2,1
INC-V3-0797,2024-03-01,22:02,Scaffolding,Building Site,"Scaffold base observed on uneven, unstable ground.",Major,55.9,HIGH,Adverse,Night,75,0,7
INC-V3-0798,2024-02-21,16:11,Material Handling,Loading Area,Obstructed walkway due to stored materials.,Moderate,33.8,MEDIUM,Adverse,Day,71,0,4
INC-V3-0799,2024-07-05,10:11,Material Handling,Warehouse,Improper storage of materials near a walkway.,Moderate,30.0,MEDIUM,Clear,Day,79,1,3
INC-V3-0800,2024-01-01,13:08,Material Handling,Warehouse,Manual handling of heavy load without mechanical aid.,Minor,43.9,MEDIUM,Windy,Day,90,2,12
INC-V3-0801,2025-04-28,20:12,Confined Space,Electrical Room,Ventilation equipment not in place for confined space entry.,Moderate,41.3,MEDIUM,Clear,Night,94,0,3
INC-V3-0802,2024-04-13,18:05,Vehicle Movement,Road/Access Area,Vehicle observed exceeding site speed limit.,Near Miss,19.2,LOW,Clear,Day,89,0,2
INC-V3-0803,2024-11-28,14:41,Lifting,Loading Area,Exclusion zone around lift not maintained.,Minor,43.8,MEDIUM,Rain,Day,79,0,1
INC-V3-0804,2024-07-24,17:06,Working at Height,Building Site,Fall arrest harness not properly anchored.,Moderate,61.4,HIGH,Rain,Day,68,0,11
INC-V3-0805,2025-01-08,20:14,Confined Space,Excavation Area,Confined space entry without atmospheric testing.,Major,57.2,HIGH,Clear,Night,63,0,7
INC-V3-0806,2025-04-13,09:42,Confined Space,Excavation Area,No standby attendant present during confined space work.,Moderate,76.3,CRITICAL,Clear,Day,72,3,3
INC-V3-0807,2025-04-26,14:19,Excavation,Road/Access Area,Excavation walls showing signs of instability.,Moderate,76.0,CRITICAL,Adverse,Day,76,2,3
INC-V3-0808,2024-11-23,14:44,Lifting,Building Site,Improper lifting zone setup observed.,Moderate,49.8,HIGH,Windy,Day,64,0,3
INC-V3-0809,2025-06-25,19:31,Material Handling,Warehouse,Stacked materials observed in an unstable configuration.,Near Miss,21.1,LOW,Clear,Night,92,0,5
INC-V3-0810,2025-10-30,10:51,Electrical Work,Electrical Room,Damaged electrical cable observed.,Near Miss,43.6,MEDIUM,Clear,Day,89,1,5
INC-V3-0811,2024-08-06,16:56,Scaffolding,Scaffolding Area,Scaffold access partially obstructed.,Minor,35.1,MEDIUM,Clear,Day,89,1,6
INC-V3-0812,2025-06-10,09:28,Welding,Building Site,Fire watch not posted during hot work.,Minor,62.3,HIGH,Adverse,Day,59,1,8
INC-V3-0813,2025-04-05,21:22,Material Handling,Warehouse,Improper storage of materials near a walkway.,Near Miss,13.2,LOW,Clear,Night,88,0,2
INC-V3-0814,2024-08-06,11:56,Housekeeping,Building Site,Obstruction observed blocking emergency access route.,Minor,48.2,HIGH,Adverse,Day,64,0,7
INC-V3-0815,2025-03-29,08:09,Electrical Work,Building Site,Improper lockout/tagout procedure observed.,Near Miss,24.0,LOW,Clear,Day,88,0,5
INC-V3-0816,2025-07-09,20:23,Scaffolding,Building Site,"Scaffold base observed on uneven, unstable ground.",Near Miss,45.9,MEDIUM,Clear,Night,61,0,1
INC-V3-0817,2024-11-10,15:22,Lifting,Warehouse,Rigging inspection not completed before lift.,Near Miss,16.0,LOW,Clear,Day,74,0,6
INC-V3-0818,2024-05-06,12:40,Lifting,Loading Area,Rigging inspection not completed before lift.,Minor,34.5,MEDIUM,Windy,Day,93,0,7
INC-V3-0819,2025-10-17,23:28,Scaffolding,Scaffolding Area,Scaffold access partially obstructed.,Minor,49.6,HIGH,Adverse,Night,80,0,8
INC-V3-0820,2024-05-26,13:03,Electrical Work,Building Site,Exposed wiring near a wet work area.,Major,52.4,HIGH,Clear,Day,64,0,9
INC-V3-0821,2024-04-26,16:34,Vehicle Movement,Loading Area,Vehicle observed exceeding site speed limit.,Moderate,24.6,LOW,Clear,Day,96,1,7
INC-V3-0822,2024-06-08,21:40,Electrical Work,Electrical Room,Exposed wiring near a wet work area.,Minor,38.3,MEDIUM,Adverse,Night,96,0,5
INC-V3-0823,2025-08-14,22:51,Scaffolding,Scaffolding Area,Incomplete scaffold tagging system observed.,Minor,60.3,HIGH,Adverse,Night,74,0,2
INC-V3-0824,2025-05-26,22:49,Vehicle Movement,Road/Access Area,Pedestrian and vehicle routes not segregated.,Minor,46.3,MEDIUM,Clear,Night,56,0,2
INC-V3-0825,2025-05-30,06:47,Housekeeping,Building Site,Spilled material not cleaned up promptly.,Minor,14.7,LOW,Clear,Day,89,0,1
INC-V3-0826,2025-12-20,12:23,Housekeeping,Warehouse,Debris accumulation observed in walkway.,Minor,30.6,MEDIUM,Adverse,Day,59,0,6
INC-V3-0827,2025-07-09,13:58,Excavation,Excavation Area,Excavation walls showing signs of instability.,Moderate,63.4,HIGH,Rain,Day,83,1,6
INC-V3-0828,2024-04-05,17:42,Electrical Work,Electrical Room,Damaged electrical cable observed.,Minor,37.3,MEDIUM,Clear,Day,100,0,2
INC-V3-0829,2024-10-31,11:44,Scaffolding,Scaffolding Area,Incomplete scaffold tagging system observed.,Minor,42.0,MEDIUM,Rain,Day,82,0,8
INC-V3-0830,2025-11-26,10:49,Housekeeping,Warehouse,Tools left in walking path after task completion.,Near Miss,43.0,MEDIUM,Clear,Day,82,2,4
INC-V3-0831,2025-03-09,18:54,Lifting,Building Site,Exclusion zone around lift not maintained.,Moderate,51.3,HIGH,Adverse,Day,61,0,5
INC-V3-0832,2024-05-20,17:16,Material Handling,Warehouse,Manual handling of heavy load without mechanical aid.,Near Miss,15.0,LOW,Clear,Day,91,0,6
INC-V3-0833,2024-08-10,10:07,Welding,Building Site,Inadequate ventilation observed during welding task.,Minor,23.2,LOW,Rain,Day,88,0,7
INC-V3-0834,2025-10-08,22:05,Working at Height,Scaffolding Area,Unprotected edge observed during elevated work.,Moderate,33.7,MEDIUM,Clear,Night,85,0,8
INC-V3-0835,2025-07-10,20:55,Lifting,Warehouse,Improper lifting zone setup observed.,Near Miss,58.0,HIGH,Rain,Night,80,1,7
INC-V3-0836,2024-09-04,18:56,Material Handling,Loading Area,Obstructed walkway due to stored materials.,Minor,35.8,MEDIUM,Clear,Day,62,0,7
INC-V3-0837,2024-05-27,12:50,Lifting,Building Site,Improper lifting zone setup observed.,Near Miss,45.4,MEDIUM,Adverse,Day,80,0,10
INC-V3-0838,2024-10-22,15:26,Material Handling,Loading Area,Obstructed walkway due to stored materials.,Moderate,37.1,MEDIUM,Rain,Day,100,1,5
INC-V3-0839,2024-12-06,06:05,Lifting,Loading Area,Load exceeded rated capacity of lifting equipment.,Near Miss,60.7,HIGH,Clear,Day,79,3,3
INC-V3-0840,2025-11-20,20:36,Confined Space,Excavation Area,No standby attendant present during confined space work.,Major,56.4,HIGH,Rain,Night,80,0,5
INC-V3-0841,2024-10-21,18:04,Vehicle Movement,Loading Area,Vehicle observed exceeding site speed limit.,Near Miss,22.0,LOW,Rain,Day,90,0,6
INC-V3-0842,2024-11-17,21:28,Scaffolding,Scaffolding Area,Scaffold access partially obstructed.,Major,39.0,MEDIUM,Rain,Night,89,0,5
INC-V3-0843,2025-12-29,20:34,Electrical Work,Electrical Room,Improper lockout/tagout procedure observed.,Moderate,57.4,HIGH,Clear,Night,90,3,4
INC-V3-0844,2024-01-30,10:30,Vehicle Movement,Loading Area,Vehicle observed exceeding site speed limit.,Moderate,64.9,HIGH,Adverse,Day,78,1,4
INC-V3-0845,2025-08-22,20:18,Material Handling,Warehouse,Obstructed walkway due to stored materials.,Moderate,35.4,MEDIUM,Rain,Night,96,1,6
INC-V3-0846,2024-10-19,14:29,Housekeeping,Warehouse,Spilled material not cleaned up promptly.,Minor,20.6,LOW,Clear,Day,77,0,1
INC-V3-0847,2025-11-08,09:42,Excavation,Road/Access Area,Spoil pile placed too close to excavation edge.,Major,43.9,MEDIUM,Rain,Day,78,0,4
INC-V3-0848,2026-01-13,23:22,Vehicle Movement,Road/Access Area,Vehicle observed exceeding site speed limit.,Near Miss,39.4,MEDIUM,Rain,Night,70,0,9
INC-V3-0849,2025-01-30,12:14,Welding,Building Site,Welding screen missing in shared work area.,Minor,47.9,MEDIUM,Adverse,Day,74,0,3
INC-V3-0850,2024-06-13,06:34,Housekeeping,Warehouse,Spilled material not cleaned up promptly.,Near Miss,54.4,HIGH,Rain,Day,54,2,1
INC-V3-0851,2025-05-12,12:58,Confined Space,Excavation Area,Confined space entry without atmospheric testing.,Minor,46.5,MEDIUM,Clear,Day,87,1,7
INC-V3-0852,2025-04-24,14:38,Vehicle Movement,Loading Area,Blind spot hazard noted at site access road.,Near Miss,52.9,HIGH,Clear,Day,84,2,4
INC-V3-0853,2025-10-11,19:08,Confined Space,Excavation Area,Confined space entry without atmospheric testing.,Moderate,49.9,HIGH,Clear,Night,96,1,10
INC-V3-0854,2024-01-18,15:10,Excavation,Excavation Area,Spoil pile placed too close to excavation edge.,Moderate,57.9,HIGH,Clear,Day,42,0,6
INC-V3-0855,2025-03-17,19:02,Vehicle Movement,Loading Area,Pedestrian and vehicle routes not segregated.,Near Miss,24.1,LOW,Clear,Night,79,0,6
INC-V3-0856,2025-11-23,06:55,Welding,Building Site,Welding conducted near flammable materials.,Moderate,59.1,HIGH,Adverse,Day,53,0,9
INC-V3-0857,2024-02-01,06:04,Scaffolding,Building Site,Scaffold access partially obstructed.,Moderate,35.4,MEDIUM,Clear,Day,71,0,3
INC-V3-0858,2024-05-11,17:21,Confined Space,Excavation Area,Ventilation equipment not in place for confined space entry.,Moderate,61.1,HIGH,Clear,Day,59,0,6
INC-V3-0859,2026-01-11,06:36,Vehicle Movement,Road/Access Area,Blind spot hazard noted at site access road.,Near Miss,26.2,LOW,Clear,Day,92,0,1
INC-V3-0860,2025-01-16,11:35,Working at Height,Roof,Unprotected edge observed during elevated work.,Moderate,69.0,CRITICAL,Clear,Day,81,2,6
INC-V3-0861,2024-05-17,18:32,Material Handling,Loading Area,Manual handling of heavy load without mechanical aid.,Major,30.6,MEDIUM,Clear,Day,69,0,1
INC-V3-0862,2025-07-14,08:44,Welding,Warehouse,Inadequate ventilation observed during welding task.,Near Miss,31.8,MEDIUM,Clear,Day,100,1,13
INC-V3-0863,2025-02-11,11:54,Working at Height,Roof,Ladder used beyond recommended height without stabilization.,Minor,76.8,CRITICAL,Clear,Day,75,2,1
INC-V3-0864,2025-01-14,11:17,Confined Space,Excavation Area,No standby attendant present during confined space work.,Near Miss,45.9,MEDIUM,Clear,Day,89,0,5
INC-V3-0865,2025-09-11,21:07,Excavation,Excavation Area,Inadequate barricading around excavation area.,Moderate,55.1,HIGH,Clear,Night,54,0,9
INC-V3-0866,2024-09-18,22:15,Excavation,Road/Access Area,Inadequate barricading around excavation area.,Minor,36.4,MEDIUM,Clear,Night,99,0,9
INC-V3-0867,2024-03-01,08:41,Excavation,Excavation Area,Excavation walls showing signs of instability.,Moderate,47.5,MEDIUM,Clear,Day,83,0,5
INC-V3-0868,2025-01-28,15:43,Electrical Work,Electrical Room,Exposed wiring near a wet work area.,Minor,31.9,MEDIUM,Clear,Day,85,0,7
INC-V3-0869,2024-12-07,11:44,Lifting,Building Site,Exclusion zone around lift not maintained.,Near Miss,40.2,MEDIUM,Clear,Day,75,0,8
INC-V3-0870,2024-12-09,21:50,Housekeeping,Building Site,Tools left in walking path after task completion.,Moderate,36.3,MEDIUM,Rain,Night,46,0,11
INC-V3-0871,2025-05-26,17:11,Vehicle Movement,Loading Area,Vehicle observed exceeding site speed limit.,Moderate,32.7,MEDIUM,Clear,Day,96,1,10
INC-V3-0872,2025-02-28,20:21,Scaffolding,Scaffolding Area,Missing guardrail on scaffold platform.,Near Miss,34.6,MEDIUM,Clear,Night,89,0,5
INC-V3-0873,2024-09-30,10:10,Confined Space,Excavation Area,Confined space entry without atmospheric testing.,Moderate,82.6,CRITICAL,Clear,Day,66,2,5
INC-V3-0874,2025-12-08,18:48,Electrical Work,Electrical Room,Improper lockout/tagout procedure observed.,Near Miss,38.2,MEDIUM,Clear,Day,97,1,8
INC-V3-0875,2025-04-18,09:36,Scaffolding,Building Site,Scaffold access partially obstructed.,Near Miss,27.2,LOW,Clear,Day,80,0,6
INC-V3-0876,2024-10-07,17:05,Confined Space,Excavation Area,Emergency retrieval system not set up before entry.,Near Miss,51.5,HIGH,Clear,Day,95,1,8
INC-V3-0877,2025-11-21,11:13,Lifting,Building Site,Improper lifting zone setup observed.,Major,32.4,MEDIUM,Rain,Day,89,0,7
INC-V3-0878,2024-02-22,11:16,Electrical Work,Building Site,Improper lockout/tagout procedure observed.,Minor,32.4,MEDIUM,Clear,Day,82,0,6
INC-V3-0879,2024-03-03,07:02,Excavation,Excavation Area,Inadequate barricading around excavation area.,Minor,43.3,MEDIUM,Clear,Day,100,0,10
INC-V3-0880,2025-08-19,10:40,Confined Space,Excavation Area,Emergency retrieval system not set up before entry.,Moderate,62.1,HIGH,Clear,Day,75,1,6
INC-V3-0881,2024-01-15,14:22,Excavation,Road/Access Area,Inadequate barricading around excavation area.,Moderate,49.8,HIGH,Adverse,Day,91,0,2
INC-V3-0882,2024-03-27,17:42,Working at Height,Scaffolding Area,Unprotected edge observed during elevated work.,Major,52.1,HIGH,Clear,Day,89,1,8
INC-V3-0883,2025-08-07,23:23,Material Handling,Warehouse,Improper storage of materials near a walkway.,Minor,16.4,LOW,Clear,Night,100,1,9
INC-V3-0884,2024-04-27,21:54,Lifting,Loading Area,Rigging inspection not completed before lift.,Minor,47.2,MEDIUM,Rain,Night,34,0,5
INC-V3-0885,2024-12-15,17:16,Vehicle Movement,Loading Area,Pedestrian and vehicle routes not segregated.,Minor,54.9,HIGH,Clear,Day,75,2,3
INC-V3-0886,2024-06-02,13:26,Scaffolding,Building Site,"Scaffold base observed on uneven, unstable ground.",Major,43.1,MEDIUM,Rain,Day,80,0,7
INC-V3-0887,2025-08-12,22:26,Housekeeping,Building Site,Debris accumulation observed in walkway.,Minor,17.0,LOW,Clear,Night,99,1,8
INC-V3-0888,2025-07-02,16:38,Confined Space,Excavation Area,Emergency retrieval system not set up before entry.,Major,42.6,MEDIUM,Clear,Day,95,0,3
INC-V3-0889,2025-02-05,20:14,Working at Height,Scaffolding Area,Ladder used beyond recommended height without stabilization.,Near Miss,49.7,HIGH,Clear,Night,82,0,5
INC-V3-0890,2025-03-12,10:36,Scaffolding,Building Site,Missing guardrail on scaffold platform.,Major,55.5,HIGH,Clear,Day,92,3,10
INC-V3-0891,2025-07-12,23:59,Working at Height,Building Site,Ladder used beyond recommended height without stabilization.,Minor,34.4,MEDIUM,Clear,Night,73,0,7
INC-V3-0892,2024-05-28,22:34,Working at Height,Scaffolding Area,Ladder used beyond recommended height without stabilization.,Near Miss,54.0,HIGH,Clear,Night,87,1,4
INC-V3-0893,2025-06-19,18:03,Electrical Work,Building Site,Exposed wiring near a wet work area.,Minor,31.3,MEDIUM,Clear,Day,98,0,7
INC-V3-0894,2024-12-03,13:46,Lifting,Warehouse,Improper lifting zone setup observed.,Minor,14.9,LOW,Clear,Day,86,0,5
INC-V3-0895,2024-11-12,18:27,Scaffolding,Scaffolding Area,Missing guardrail on scaffold platform.,Near Miss,55.6,HIGH,Rain,Day,73,1,5
INC-V3-0896,2025-12-22,16:15,Welding,Warehouse,Fire watch not posted during hot work.,Minor,40.1,MEDIUM,Rain,Day,65,0,7
INC-V3-0897,2025-01-25,09:15,Excavation,Road/Access Area,Spoil pile placed too close to excavation edge.,Moderate,31.2,MEDIUM,Clear,Day,100,0,1
INC-V3-0898,2025-07-03,21:59,Scaffolding,Building Site,Incomplete scaffold tagging system observed.,Minor,63.5,HIGH,Rain,Night,76,2,6
INC-V3-0899,2025-06-10,09:02,Lifting,Loading Area,Exclusion zone around lift not maintained.,Minor,47.4,MEDIUM,Clear,Day,79,1,6
INC-V3-0900,2025-10-21,16:00,Excavation,Excavation Area,Inadequate barricading around excavation area.,Minor,29.4,MEDIUM,Clear,Day,100,0,5
INC-V3-0901,2024-11-26,11:38,Lifting,Loading Area,Exclusion zone around lift not maintained.,Near Miss,47.4,MEDIUM,Rain,Day,73,0,3
INC-V3-0902,2025-07-12,10:47,Excavation,Road/Access Area,Inadequate barricading around excavation area.,Moderate,41.6,MEDIUM,Clear,Day,89,2,8
INC-V3-0903,2024-12-14,08:11,Scaffolding,Scaffolding Area,Incomplete scaffold tagging system observed.,Moderate,46.1,MEDIUM,Rain,Day,78,0,7
INC-V3-0904,2024-12-21,10:07,Housekeeping,Warehouse,Debris accumulation observed in walkway.,Near Miss,34.3,MEDIUM,Clear,Day,92,3,3
INC-V3-0905,2025-02-01,19:49,Electrical Work,Electrical Room,Damaged electrical cable observed.,Major,61.5,HIGH,Windy,Night,80,1,11
INC-V3-0906,2024-10-02,06:07,Excavation,Road/Access Area,Excavation walls showing signs of instability.,Moderate,39.5,MEDIUM,Rain,Day,89,0,4
INC-V3-0907,2025-05-01,08:57,Scaffolding,Building Site,Scaffold access partially obstructed.,Near Miss,34.0,MEDIUM,Clear,Day,71,0,9
INC-V3-0908,2024-07-28,07:41,Lifting,Warehouse,Rigging inspection not completed before lift.,Major,72.1,CRITICAL,Rain,Day,66,2,7
INC-V3-0909,2025-02-06,19:19,Scaffolding,Scaffolding Area,Scaffold access partially obstructed.,Near Miss,40.6,MEDIUM,Rain,Night,82,0,8
INC-V3-0910,2024-03-07,19:58,Confined Space,Electrical Room,Emergency retrieval system not set up before entry.,Major,59.0,HIGH,Adverse,Night,82,0,4
INC-V3-0911,2025-04-10,17:11,Material Handling,Warehouse,Stacked materials observed in an unstable configuration.,Moderate,52.8,HIGH,Adverse,Day,68,0,8
INC-V3-0912,2024-06-04,19:14,Lifting,Warehouse,Exclusion zone around lift not maintained.,Minor,32.8,MEDIUM,Clear,Night,81,0,11
INC-V3-0913,2025-04-29,10:50,Vehicle Movement,Loading Area,Vehicle observed exceeding site speed limit.,Near Miss,44.3,MEDIUM,Windy,Day,77,0,11
INC-V3-0914,2025-09-29,08:09,Material Handling,Warehouse,Improper storage of materials near a walkway.,Moderate,33.8,MEDIUM,Clear,Day,69,0,2
INC-V3-0915,2025-09-29,18:52,Scaffolding,Scaffolding Area,Missing guardrail on scaffold platform.,Near Miss,29.2,MEDIUM,Clear,Day,89,0,2
INC-V3-0916,2024-02-06,18:27,Housekeeping,Building Site,Obstruction observed blocking emergency access route.,Near Miss,13.6,LOW,Clear,Day,88,0,8
INC-V3-0917,2024-11-18,19:29,Scaffolding,Scaffolding Area,Incomplete scaffold tagging system observed.,Near Miss,57.0,HIGH,Clear,Night,57,0,3
INC-V3-0918,2025-02-25,06:02,Housekeeping,Warehouse,Tools left in walking path after task completion.,Minor,14.6,LOW,Clear,Day,96,1,2
INC-V3-0919,2025-10-15,23:23,Lifting,Warehouse,Load exceeded rated capacity of lifting equipment.,Near Miss,39.5,MEDIUM,Clear,Night,66,0,2
INC-V3-0920,2025-10-07,23:30,Working at Height,Scaffolding Area,Ladder used beyond recommended height without stabilization.,Major,72.8,CRITICAL,Clear,Night,68,2,8
INC-V3-0921,2024-05-13,08:35,Working at Height,Scaffolding Area,Ladder used beyond recommended height without stabilization.,Moderate,50.2,HIGH,Clear,Day,80,0,7
INC-V3-0922,2024-02-22,14:11,Lifting,Warehouse,Load exceeded rated capacity of lifting equipment.,Near Miss,22.8,LOW,Clear,Day,93,0,1
INC-V3-0923,2025-06-22,16:32,Material Handling,Warehouse,Improper storage of materials near a walkway.,Near Miss,27.8,LOW,Clear,Day,74,0,6
INC-V3-0924,2024-04-12,10:56,Excavation,Road/Access Area,No safe access/egress ladder provided in trench.,Near Miss,40.6,MEDIUM,Clear,Day,94,0,6
INC-V3-0925,2025-10-02,15:32,Confined Space,Excavation Area,No standby attendant present during confined space work.,Moderate,72.5,CRITICAL,Clear,Day,100,2,5
INC-V3-0926,2025-02-10,14:29,Housekeeping,Warehouse,Obstruction observed blocking emergency access route.,Minor,25.3,LOW,Adverse,Day,90,0,9
INC-V3-0927,2024-03-28,06:26,Scaffolding,Scaffolding Area,"Scaffold base observed on uneven, unstable ground.",Near Miss,40.8,MEDIUM,Rain,Day,100,1,6
INC-V3-0928,2025-09-20,21:30,Electrical Work,Electrical Room,Live electrical panel left unlocked and unattended.,Moderate,44.3,MEDIUM,Rain,Night,100,1,7
INC-V3-0929,2025-01-21,06:03,Housekeeping,Building Site,Spilled material not cleaned up promptly.,Near Miss,14.9,LOW,Clear,Day,100,1,6
INC-V3-0930,2024-08-10,07:54,Electrical Work,Building Site,Live electrical panel left unlocked and unattended.,Major,66.7,CRITICAL,Windy,Day,71,2,5
INC-V3-0931,2024-07-14,13:17,Scaffolding,Scaffolding Area,Scaffold access partially obstructed.,Major,55.0,HIGH,Rain,Day,76,1,4
INC-V3-0932,2024-07-02,11:02,Material Handling,Loading Area,Stacked materials observed in an unstable configuration.,Minor,24.3,LOW,Rain,Day,88,0,4
INC-V3-0933,2024-05-22,08:35,Scaffolding,Scaffolding Area,Incomplete scaffold tagging system observed.,Moderate,58.4,HIGH,Clear,Day,61,2,7
INC-V3-0934,2024-10-16,12:41,Material Handling,Warehouse,Stacked materials observed in an unstable configuration.,Moderate,31.5,MEDIUM,Clear,Day,64,0,6
INC-V3-0935,2025-04-13,06:43,Working at Height,Building Site,Unprotected edge observed during elevated work.,Near Miss,36.9,MEDIUM,Clear,Day,89,0,7
INC-V3-0936,2025-06-30,23:15,Material Handling,Warehouse,Improper storage of materials near a walkway.,Near Miss,40.6,MEDIUM,Adverse,Night,78,0,8
INC-V3-0937,2025-01-04,20:39,Vehicle Movement,Loading Area,Vehicle reversing without a spotter present.,Near Miss,22.0,LOW,Rain,Night,100,0,6
INC-V3-0938,2024-09-02,06:39,Material Handling,Loading Area,Stacked materials observed in an unstable configuration.,Near Miss,23.3,LOW,Clear,Day,79,0,4
INC-V3-0939,2025-02-16,08:05,Scaffolding,Scaffolding Area,Scaffold access partially obstructed.,Moderate,57.3,HIGH,Rain,Day,57,0,8
INC-V3-0940,2025-03-18,14:02,Scaffolding,Scaffolding Area,Incomplete scaffold tagging system observed.,Minor,39.3,MEDIUM,Clear,Day,99,0,8
INC-V3-0941,2024-12-13,19:36,Scaffolding,Building Site,"Scaffold base observed on uneven, unstable ground.",Moderate,46.5,MEDIUM,Clear,Night,82,1,13
INC-V3-0942,2024-03-20,22:39,Material Handling,Warehouse,Obstructed walkway due to stored materials.,Near Miss,29.9,MEDIUM,Rain,Night,78,0,5
INC-V3-0943,2026-01-19,11:52,Housekeeping,Warehouse,Debris accumulation observed in walkway.,Moderate,29.9,MEDIUM,Rain,Day,48,0,3
INC-V3-0944,2025-02-02,15:04,Welding,Warehouse,Inadequate ventilation observed during welding task.,Near Miss,44.2,MEDIUM,Clear,Day,68,0,6
INC-V3-0945,2025-05-21,09:32,Excavation,Excavation Area,Spoil pile placed too close to excavation edge.,Minor,50.6,HIGH,Rain,Day,85,0,8
INC-V3-0946,2024-06-08,19:40,Housekeeping,Warehouse,Spilled material not cleaned up promptly.,Moderate,36.1,MEDIUM,Adverse,Night,87,1,2
INC-V3-0947,2025-07-26,08:35,Material Handling,Loading Area,Manual handling of heavy load without mechanical aid.,Major,32.6,MEDIUM,Clear,Day,59,0,8
INC-V3-0948,2025-11-23,23:34,Confined Space,Electrical Room,Ventilation equipment not in place for confined space entry.,Moderate,55.4,HIGH,Windy,Night,73,1,3
INC-V3-0949,2024-11-29,08:58,Housekeeping,Building Site,Obstruction observed blocking emergency access route.,Near Miss,51.8,HIGH,Clear,Day,69,2,6
INC-V3-0950,2025-11-21,08:12,Lifting,Warehouse,Improper lifting zone setup observed.,Minor,44.7,MEDIUM,Rain,Day,76,1,9
INC-V3-0951,2025-05-26,08:51,Working at Height,Scaffolding Area,Ladder used beyond recommended height without stabilization.,Near Miss,52.8,HIGH,Clear,Day,82,1,1
INC-V3-0952,2025-06-24,23:10,Vehicle Movement,Road/Access Area,Pedestrian and vehicle routes not segregated.,Moderate,34.7,MEDIUM,Rain,Night,100,0,6
INC-V3-0953,2025-05-30,19:04,Vehicle Movement,Road/Access Area,Pedestrian and vehicle routes not segregated.,Moderate,42.5,MEDIUM,Clear,Night,56,0,6
INC-V3-0954,2024-02-16,22:39,Excavation,Road/Access Area,Inadequate barricading around excavation area.,Near Miss,33.7,MEDIUM,Clear,Night,85,0,1
INC-V3-0955,2025-02-01,11:01,Electrical Work,Electrical Room,Exposed wiring near a wet work area.,Near Miss,25.5,LOW,Clear,Day,94,0,8
INC-V3-0956,2025-04-21,13:10,Confined Space,Electrical Room,Ventilation equipment not in place for confined space entry.,Near Miss,64.8,HIGH,Adverse,Day,70,0,2
INC-V3-0957,2024-12-31,06:28,Material Handling,Warehouse,Obstructed walkway due to stored materials.,Major,29.7,MEDIUM,Rain,Day,100,0,9
INC-V3-0958,2025-01-30,08:31,Confined Space,Excavation Area,Emergency retrieval system not set up before entry.,Minor,53.3,HIGH,Clear,Day,79,0,8
INC-V3-0959,2025-05-22,16:23,Working at Height,Building Site,Unprotected edge observed during elevated work.,Major,79.2,CRITICAL,Adverse,Day,63,1,1
INC-V3-0960,2024-09-29,08:17,Confined Space,Electrical Room,No standby attendant present during confined space work.,Moderate,64.1,HIGH,Adverse,Day,72,0,3
INC-V3-0961,2025-05-22,14:42,Housekeeping,Building Site,Tools left in walking path after task completion.,Minor,27.1,LOW,Clear,Day,55,0,5
INC-V3-0962,2024-05-24,11:39,Housekeeping,Building Site,Spilled material not cleaned up promptly.,Near Miss,13.2,LOW,Clear,Day,100,0,14
INC-V3-0963,2024-10-28,10:33,Working at Height,Roof,Unprotected edge observed during elevated work.,Major,81.4,CRITICAL,Adverse,Day,80,2,5
INC-V3-0964,2024-12-12,22:07,Excavation,Road/Access Area,No safe access/egress ladder provided in trench.,Near Miss,44.2,MEDIUM,Windy,Night,82,0,5
INC-V3-0965,2024-10-20,11:01,Working at Height,Scaffolding Area,Fall arrest harness not properly anchored.,Moderate,49.4,HIGH,Adverse,Day,100,0,6
INC-V3-0966,2025-01-31,14:21,Scaffolding,Scaffolding Area,Incomplete scaffold tagging system observed.,Moderate,48.3,HIGH,Clear,Day,67,0,8
INC-V3-0967,2025-05-04,19:59,Lifting,Loading Area,Exclusion zone around lift not maintained.,Moderate,57.6,HIGH,Rain,Night,78,1,2
INC-V3-0968,2024-01-20,15:07,Electrical Work,Electrical Room,Live electrical panel left unlocked and unattended.,Major,44.4,MEDIUM,Windy,Day,82,0,2
INC-V3-0969,2025-11-28,22:42,Lifting,Loading Area,Load exceeded rated capacity of lifting equipment.,Near Miss,41.5,MEDIUM,Adverse,Night,86,0,3
INC-V3-0970,2024-03-15,10:05,Material Handling,Warehouse,Manual handling of heavy load without mechanical aid.,Moderate,71.1,CRITICAL,Windy,Day,57,3,8
INC-V3-0971,2025-12-09,20:46,Confined Space,Excavation Area,Ventilation equipment not in place for confined space entry.,Moderate,70.3,CRITICAL,Clear,Night,61,0,2
INC-V3-0972,2025-05-05,10:31,Electrical Work,Electrical Room,Live electrical panel left unlocked and unattended.,Minor,40.2,MEDIUM,Clear,Day,71,0,5
INC-V3-0973,2025-09-29,21:18,Scaffolding,Scaffolding Area,Incomplete scaffold tagging system observed.,Near Miss,46.6,MEDIUM,Clear,Night,86,2,5
INC-V3-0974,2024-12-24,18:11,Housekeeping,Building Site,Debris accumulation observed in walkway.,Near Miss,39.9,MEDIUM,Adverse,Day,80,1,8
INC-V3-0975,2025-01-30,17:19,Welding,Building Site,Welding conducted near flammable materials.,Minor,67.7,CRITICAL,Adverse,Day,58,0,1
INC-V3-0976,2025-08-03,23:48,Vehicle Movement,Road/Access Area,Vehicle observed exceeding site speed limit.,Near Miss,19.2,LOW,Clear,Night,95,0,1
INC-V3-0977,2024-10-27,13:07,Welding,Building Site,Fire watch not posted during hot work.,Minor,59.3,HIGH,Windy,Day,54,1,9
INC-V3-0978,2025-03-14,18:34,Scaffolding,Building Site,"Scaffold base observed on uneven, unstable ground.",Minor,22.5,LOW,Clear,Day,91,0,7
INC-V3-0979,2024-04-28,18:27,Welding,Building Site,Fire watch not posted during hot work.,Minor,26.5,LOW,Clear,Day,99,0,8
INC-V3-0980,2024-04-23,23:43,Scaffolding,Building Site,Incomplete scaffold tagging system observed.,Minor,30.5,MEDIUM,Clear,Night,91,0,8
INC-V3-0981,2025-09-09,17:45,Vehicle Movement,Road/Access Area,Vehicle reversing without a spotter present.,Minor,42.1,MEDIUM,Rain,Day,78,0,6
INC-V3-0982,2024-03-24,10:25,Welding,Warehouse,Fire watch not posted during hot work.,Near Miss,23.2,LOW,Clear,Day,88,0,8
INC-V3-0983,2025-10-19,07:17,Vehicle Movement,Loading Area,Vehicle observed exceeding site speed limit.,Moderate,52.8,HIGH,Clear,Day,59,1,9
INC-V3-0984,2025-12-06,11:53,Material Handling,Loading Area,Stacked materials observed in an unstable configuration.,Near Miss,22.5,LOW,Clear,Day,85,0,6
INC-V3-0985,2024-01-17,22:03,Housekeeping,Building Site,Tools left in walking path after task completion.,Near Miss,43.7,MEDIUM,Clear,Night,52,1,7
INC-V3-0986,2026-01-07,14:55,Working at Height,Roof,Worker observed near roof edge without guardrail.,Minor,47.2,MEDIUM,Clear,Day,83,0,2
INC-V3-0987,2025-11-23,08:34,Working at Height,Scaffolding Area,Ladder used beyond recommended height without stabilization.,Minor,59.6,HIGH,Rain,Day,65,0,6
INC-V3-0988,2025-08-29,07:56,Welding,Warehouse,Inadequate ventilation observed during welding task.,Near Miss,41.6,MEDIUM,Rain,Day,70,1,4
INC-V3-0989,2025-03-05,10:38,Welding,Warehouse,Fire watch not posted during hot work.,Minor,20.9,LOW,Clear,Day,88,0,7
INC-V3-0990,2025-08-12,14:13,Housekeeping,Building Site,Debris accumulation observed in walkway.,Minor,30.1,MEDIUM,Clear,Day,87,2,8
INC-V3-0991,2024-11-14,12:50,Housekeeping,Warehouse,Debris accumulation observed in walkway.,Minor,7.9,LOW,Clear,Day,80,0,5
INC-V3-0992,2025-10-07,11:43,Vehicle Movement,Loading Area,Vehicle reversing without a spotter present.,Minor,22.2,LOW,Clear,Day,100,0,7
INC-V3-0993,2025-04-23,21:52,Welding,Building Site,Inadequate ventilation observed during welding task.,Moderate,58.4,HIGH,Windy,Night,72,2,9
INC-V3-0994,2024-12-22,08:02,Working at Height,Scaffolding Area,Worker observed near roof edge without guardrail.,Minor,60.6,HIGH,Adverse,Day,80,0,6
INC-V3-0995,2024-06-05,23:29,Housekeeping,Building Site,Obstruction observed blocking emergency access route.,Moderate,38.4,MEDIUM,Rain,Night,59,0,8
INC-V3-0996,2025-08-18,15:06,Vehicle Movement,Loading Area,Vehicle observed exceeding site speed limit.,Near Miss,20.6,LOW,Clear,Day,77,0,3
INC-V3-0997,2024-08-25,23:17,Scaffolding,Building Site,Missing guardrail on scaffold platform.,Minor,46.2,MEDIUM,Rain,Night,72,0,7
INC-V3-0998,2024-05-25,22:41,Electrical Work,Electrical Room,Improper lockout/tagout procedure observed.,Minor,44.8,MEDIUM,Rain,Night,74,0,9
INC-V3-0999,2025-05-31,15:37,Welding,Warehouse,Fire watch not posted during hot work.,Minor,35.6,MEDIUM,Windy,Day,74,0,7
INC-V3-1000,2025-11-29,22:18,Material Handling,Warehouse,Stacked materials observed in an unstable configuration.,Minor,45.6,MEDIUM,Clear,Night,67,1,1
INC-V3-1001,2025-10-15,13:58,Vehicle Movement,Loading Area,Vehicle observed exceeding site speed limit.,Moderate,57.6,HIGH,Clear,Day,42,1,6
INC-V3-1002,2024-12-21,23:25,Welding,Warehouse,Welding conducted near flammable materials.,Moderate,34.0,MEDIUM,Clear,Night,71,0,2
INC-V3-1003,2025-10-27,12:18,Welding,Building Site,Fire watch not posted during hot work.,Major,44.1,MEDIUM,Clear,Day,66,0,1
INC-V3-1004,2025-01-26,21:44,Electrical Work,Electrical Room,Exposed wiring near a wet work area.,Moderate,53.0,HIGH,Rain,Night,81,1,7
INC-V3-1005,2024-12-18,16:10,Scaffolding,Building Site,Scaffold access partially obstructed.,Moderate,55.4,HIGH,Clear,Day,70,2,3
INC-V3-1006,2024-12-25,17:09,Material Handling,Warehouse,Manual handling of heavy load without mechanical aid.,Moderate,37.2,MEDIUM,Clear,Day,41,1,7
INC-V3-1007,2024-07-29,22:52,Housekeeping,Warehouse,Obstruction observed blocking emergency access route.,Near Miss,13.4,LOW,Clear,Night,86,1,6
INC-V3-1008,2024-10-31,12:50,Housekeeping,Building Site,Tools left in walking path after task completion.,Moderate,32.9,MEDIUM,Rain,Day,76,1,3
INC-V3-1009,2025-07-22,13:47,Lifting,Loading Area,Rigging inspection not completed before lift.,Near Miss,26.9,LOW,Clear,Day,81,0,5
INC-V3-1010,2025-12-30,17:01,Excavation,Excavation Area,No safe access/egress ladder provided in trench.,Near Miss,31.6,MEDIUM,Clear,Day,97,0,7
INC-V3-1011,2024-03-21,18:39,Housekeeping,Building Site,Spilled material not cleaned up promptly.,Near Miss,26.2,LOW,Clear,Day,82,1,7
INC-V3-1012,2024-06-29,07:42,Lifting,Building Site,Improper lifting zone setup observed.,Minor,25.9,LOW,Clear,Day,95,0,5
INC-V3-1013,2024-03-01,08:38,Working at Height,Scaffolding Area,Unprotected edge observed during elevated work.,Near Miss,75.9,CRITICAL,Adverse,Day,80,1,8
INC-V3-1014,2024-03-13,15:16,Excavation,Road/Access Area,No safe access/egress ladder provided in trench.,Minor,54.4,HIGH,Clear,Day,57,0,4
INC-V3-1015,2025-01-19,11:13,Scaffolding,Building Site,Missing guardrail on scaffold platform.,Near Miss,39.0,MEDIUM,Clear,Day,83,0,7
INC-V3-1016,2025-08-19,09:49,Housekeeping,Warehouse,Spilled material not cleaned up promptly.,Near Miss,24.6,LOW,Windy,Day,73,0,8
INC-V3-1017,2025-08-15,17:29,Working at Height,Roof,Fall arrest harness not properly anchored.,Near Miss,37.9,MEDIUM,Clear,Day,100,0,6
INC-V3-1018,2024-01-11,18:40,Housekeeping,Building Site,Spilled material not cleaned up promptly.,Moderate,44.7,MEDIUM,Adverse,Day,85,2,8
INC-V3-1019,2026-01-07,16:08,Excavation,Road/Access Area,Excavation walls showing signs of instability.,Near Miss,36.2,MEDIUM,Clear,Day,88,0,4
INC-V3-1020,2024-12-30,14:02,Housekeeping,Warehouse,Obstruction observed blocking emergency access route.,Minor,27.2,LOW,Windy,Day,80,0,4
INC-V3-1021,2025-05-29,06:30,Lifting,Building Site,Improper lifting zone setup observed.,Major,51.6,HIGH,Rain,Day,61,0,3
INC-V3-1022,2024-08-13,11:40,Welding,Building Site,Welding screen missing in shared work area.,Minor,34.5,MEDIUM,Clear,Day,77,0,7
INC-V3-1023,2024-10-11,15:29,Housekeeping,Warehouse,Obstruction observed blocking emergency access route.,Near Miss,63.1,HIGH,Adverse,Day,64,1,10
INC-V3-1024,2025-06-10,12:37,Material Handling,Loading Area,Improper storage of materials near a walkway.,Moderate,53.1,HIGH,Adverse,Day,82,1,7
INC-V3-1025,2025-11-24,13:13,Housekeeping,Warehouse,Tools left in walking path after task completion.,Near Miss,27.1,LOW,Clear,Day,66,0,3
INC-V3-1026,2024-02-25,15:15,Working at Height,Building Site,Worker observed near roof edge without guardrail.,Minor,48.8,HIGH,Rain,Day,90,0,11
INC-V3-1027,2024-02-04,22:31,Scaffolding,Building Site,Missing guardrail on scaffold platform.,Major,83.6,CRITICAL,Windy,Night,68,2,14
INC-V3-1028,2024-04-27,23:11,Excavation,Excavation Area,No safe access/egress ladder provided in trench.,Major,41.3,MEDIUM,Clear,Night,86,1,6
INC-V3-1029,2024-09-17,12:29,Electrical Work,Electrical Room,Improper lockout/tagout procedure observed.,Moderate,56.6,HIGH,Windy,Day,68,0,1
INC-V3-1030,2024-03-12,08:41,Welding,Warehouse,Fire watch not posted during hot work.,Minor,59.4,HIGH,Adverse,Day,82,2,4
INC-V3-1031,2024-08-06,21:34,Lifting,Building Site,Improper lifting zone setup observed.,Minor,29.7,MEDIUM,Clear,Night,86,0,3
INC-V3-1032,2024-01-31,19:35,Confined Space,Excavation Area,No standby attendant present during confined space work.,Major,71.3,CRITICAL,Adverse,Night,75,0,4
INC-V3-1033,2024-08-12,18:53,Vehicle Movement,Loading Area,Vehicle reversing without a spotter present.,Minor,52.6,HIGH,Clear,Day,66,1,4
INC-V3-1034,2025-08-07,19:22,Welding,Building Site,Inadequate ventilation observed during welding task.,Minor,37.2,MEDIUM,Clear,Night,98,1,4
INC-V3-1035,2025-03-28,10:35,Vehicle Movement,Loading Area,Vehicle reversing without a spotter present.,Near Miss,36.0,MEDIUM,Clear,Day,82,1,4
INC-V3-1036,2024-09-18,14:32,Scaffolding,Building Site,Missing guardrail on scaffold platform.,Near Miss,37.2,MEDIUM,Rain,Day,87,0,11
INC-V3-1037,2025-06-11,22:55,Electrical Work,Building Site,Live electrical panel left unlocked and unattended.,Minor,35.1,MEDIUM,Clear,Night,74,0,7
INC-V3-1038,2025-02-08,15:53,Housekeeping,Warehouse,Tools left in walking path after task completion.,Near Miss,39.2,MEDIUM,Adverse,Day,68,0,3
INC-V3-1039,2025-01-22,10:47,Welding,Building Site,Welding conducted near flammable materials.,Near Miss,51.0,HIGH,Windy,Day,83,1,9
INC-V3-1040,2025-10-18,21:41,Lifting,Building Site,Load exceeded rated capacity of lifting equipment.,Minor,21.1,LOW,Clear,Night,94,0,8
INC-V3-1041,2024-08-19,07:40,Confined Space,Electrical Room,Emergency retrieval system not set up before entry.,Major,39.6,MEDIUM,Clear,Day,99,0,8
INC-V3-1042,2025-12-05,09:16,Confined Space,Electrical Room,No standby attendant present during confined space work.,Moderate,50.9,HIGH,Clear,Day,76,0,2
INC-V3-1043,2024-04-22,17:13,Electrical Work,Electrical Room,Live electrical panel left unlocked and unattended.,Moderate,47.4,MEDIUM,Clear,Day,84,1,6
INC-V3-1044,2024-09-02,06:09,Housekeeping,Building Site,Tools left in walking path after task completion.,Major,32.4,MEDIUM,Clear,Day,62,1,3
INC-V3-1045,2025-02-07,23:51,Lifting,Loading Area,Load exceeded rated capacity of lifting equipment.,Near Miss,31.3,MEDIUM,Clear,Night,85,0,6
INC-V3-1046,2024-10-31,06:16,Lifting,Warehouse,Rigging inspection not completed before lift.,Minor,29.9,MEDIUM,Rain,Day,94,0,10
INC-V3-1047,2025-05-21,19:33,Electrical Work,Electrical Room,Live electrical panel left unlocked and unattended.,Moderate,82.1,CRITICAL,Windy,Night,54,3,9
INC-V3-1048,2025-11-02,09:47,Confined Space,Excavation Area,Ventilation equipment not in place for confined space entry.,Near Miss,53.8,HIGH,Clear,Day,81,0,4
INC-V3-1049,2025-11-28,20:12,Lifting,Warehouse,Load exceeded rated capacity of lifting equipment.,Moderate,45.2,MEDIUM,Rain,Night,82,0,3
INC-V3-1050,2024-11-12,09:13,Vehicle Movement,Loading Area,Vehicle observed exceeding site speed limit.,Near Miss,23.7,LOW,Clear,Day,80,0,3
INC-V3-1051,2024-03-29,11:27,Working at Height,Building Site,Fall arrest harness not properly anchored.,Minor,62.2,HIGH,Windy,Day,80,1,1
INC-V3-1052,2024-12-12,17:08,Lifting,Warehouse,Exclusion zone around lift not maintained.,Near Miss,30.0,MEDIUM,Clear,Day,72,0,4
INC-V3-1053,2025-03-05,17:01,Scaffolding,Scaffolding Area,Missing guardrail on scaffold platform.,Near Miss,27.1,LOW,Clear,Day,98,0,2
INC-V3-1054,2025-05-20,10:47,Lifting,Loading Area,Rigging inspection not completed before lift.,Moderate,39.7,MEDIUM,Clear,Day,72,1,6
INC-V3-1055,2024-07-03,18:21,Working at Height,Building Site,Fall arrest harness not properly anchored.,Near Miss,41.5,MEDIUM,Clear,Day,72,0,10
INC-V3-1056,2025-01-22,06:33,Confined Space,Electrical Room,No standby attendant present during confined space work.,Minor,74.9,CRITICAL,Adverse,Day,88,2,3
INC-V3-1057,2025-11-24,23:16,Housekeeping,Building Site,Spilled material not cleaned up promptly.,Near Miss,4.6,LOW,Clear,Night,95,0,1
INC-V3-1058,2025-10-23,10:32,Material Handling,Loading Area,Improper storage of materials near a walkway.,Near Miss,25.8,LOW,Rain,Day,90,0,3
INC-V3-1059,2024-01-11,18:59,Welding,Warehouse,Inadequate ventilation observed during welding task.,Minor,34.8,MEDIUM,Clear,Day,63,0,3
INC-V3-1060,2024-07-05,20:00,Housekeeping,Warehouse,Tools left in walking path after task completion.,Minor,36.9,MEDIUM,Adverse,Night,84,0,9
INC-V3-1061,2025-06-20,16:46,Working at Height,Roof,Ladder used beyond recommended height without stabilization.,Near Miss,59.8,HIGH,Rain,Day,70,1,7
INC-V3-1062,2024-03-06,14:44,Material Handling,Loading Area,Manual handling of heavy load without mechanical aid.,Near Miss,19.8,LOW,Clear,Day,88,0,1
INC-V3-1063,2024-02-21,23:13,Scaffolding,Building Site,Missing guardrail on scaffold platform.,Moderate,45.4,MEDIUM,Rain,Night,76,0,6
INC-V3-1064,2025-07-12,12:11,Electrical Work,Building Site,Damaged electrical cable observed.,Minor,38.0,MEDIUM,Clear,Day,100,2,1
INC-V3-1065,2026-01-02,22:46,Material Handling,Warehouse,Obstructed walkway due to stored materials.,Minor,30.3,MEDIUM,Rain,Night,80,0,4
INC-V3-1066,2025-06-26,07:29,Excavation,Road/Access Area,Excavation walls showing signs of instability.,Minor,35.1,MEDIUM,Clear,Day,100,0,10
INC-V3-1067,2025-05-30,15:04,Working at Height,Building Site,Fall arrest harness not properly anchored.,Moderate,54.6,HIGH,Windy,Day,88,1,2
INC-V3-1068,2025-11-30,11:46,Scaffolding,Building Site,Scaffold access partially obstructed.,Near Miss,38.8,MEDIUM,Clear,Day,74,0,5
INC-V3-1069,2025-03-06,12:28,Material Handling,Warehouse,Obstructed walkway due to stored materials.,Minor,35.4,MEDIUM,Rain,Day,81,0,4
INC-V3-1070,2025-08-09,06:22,Confined Space,Excavation Area,Ventilation equipment not in place for confined space entry.,Moderate,60.6,HIGH,Adverse,Day,88,0,5
INC-V3-1071,2025-03-04,08:29,Housekeeping,Building Site,Obstruction observed blocking emergency access route.,Near Miss,38.4,MEDIUM,Adverse,Day,82,0,5
INC-V3-1072,2025-10-16,13:42,Welding,Warehouse,Inadequate ventilation observed during welding task.,Moderate,41.1,MEDIUM,Clear,Day,86,2,2
INC-V3-1073,2024-09-06,09:21,Working at Height,Building Site,Fall arrest harness not properly anchored.,Minor,54.5,HIGH,Adverse,Day,70,0,8
INC-V3-1074,2024-10-19,20:55,Working at Height,Scaffolding Area,Fall arrest harness not properly anchored.,Moderate,59.7,HIGH,Clear,Night,54,0,9
INC-V3-1075,2025-02-15,22:25,Lifting,Loading Area,Load exceeded rated capacity of lifting equipment.,Moderate,33.4,MEDIUM,Rain,Night,72,0,7
INC-V3-1076,2025-01-17,19:44,Working at Height,Building Site,Worker observed near roof edge without guardrail.,Moderate,63.5,HIGH,Rain,Night,67,0,4
INC-V3-1077,2025-07-12,11:51,Vehicle Movement,Road/Access Area,Pedestrian and vehicle routes not segregated.,Moderate,37.3,MEDIUM,Windy,Day,76,0,5
INC-V3-1078,2025-06-05,09:42,Confined Space,Electrical Room,Confined space entry without atmospheric testing.,Moderate,62.1,HIGH,Windy,Day,66,0,4
INC-V3-1079,2024-12-27,18:26,Electrical Work,Electrical Room,Improper lockout/tagout procedure observed.,Major,64.0,HIGH,Windy,Day,68,0,2
INC-V3-1080,2024-08-28,21:05,Lifting,Building Site,Rigging inspection not completed before lift.,Near Miss,36.0,MEDIUM,Clear,Night,97,1,11
INC-V3-1081,2024-04-09,19:22,Excavation,Road/Access Area,No safe access/egress ladder provided in trench.,Moderate,77.6,CRITICAL,Adverse,Night,61,0,5
INC-V3-1082,2024-01-04,06:47,Vehicle Movement,Road/Access Area,Blind spot hazard noted at site access road.,Minor,41.5,MEDIUM,Clear,Day,59,0,5
INC-V3-1083,2025-12-09,15:21,Material Handling,Loading Area,Stacked materials observed in an unstable configuration.,Near Miss,33.1,MEDIUM,Rain,Day,86,1,8
INC-V3-1084,2025-02-11,23:46,Welding,Warehouse,Fire watch not posted during hot work.,Minor,34.7,MEDIUM,Rain,Night,83,0,7
INC-V3-1085,2025-01-23,13:15,Excavation,Road/Access Area,Excavation walls showing signs of instability.,Major,50.7,HIGH,Adverse,Day,100,0,5
INC-V3-1086,2025-09-16,07:54,Confined Space,Excavation Area,No standby attendant present during confined space work.,Moderate,55.5,HIGH,Adverse,Day,100,0,7
INC-V3-1087,2024-09-30,07:42,Vehicle Movement,Road/Access Area,Pedestrian and vehicle routes not segregated.,Near Miss,48.1,HIGH,Adverse,Day,95,0,12
INC-V3-1088,2025-11-13,08:08,Material Handling,Warehouse,Manual handling of heavy load without mechanical aid.,Near Miss,24.8,LOW,Clear,Day,75,0,8
INC-V3-1089,2025-05-03,12:42,Confined Space,Electrical Room,Ventilation equipment not in place for confined space entry.,Near Miss,54.9,HIGH,Adverse,Day,92,0,8
INC-V3-1090,2025-11-13,07:58,Welding,Warehouse,Welding screen missing in shared work area.,Near Miss,30.3,MEDIUM,Clear,Day,79,0,7
INC-V3-1091,2024-12-01,19:04,Scaffolding,Scaffolding Area,Missing guardrail on scaffold platform.,Major,72.6,CRITICAL,Adverse,Night,70,2,5
INC-V3-1092,2025-07-04,22:06,Housekeeping,Building Site,Obstruction observed blocking emergency access route.,Minor,36.6,MEDIUM,Adverse,Night,78,0,2
INC-V3-1093,2026-01-04,08:06,Welding,Building Site,Inadequate ventilation observed during welding task.,Near Miss,29.7,MEDIUM,Clear,Day,84,0,2
INC-V3-1094,2025-09-29,23:17,Vehicle Movement,Loading Area,Vehicle reversing without a spotter present.,Moderate,50.3,HIGH,Windy,Night,65,0,6
INC-V3-1095,2025-05-03,20:01,Confined Space,Excavation Area,Emergency retrieval system not set up before entry.,Near Miss,52.4,HIGH,Clear,Night,83,0,1
INC-V3-1096,2025-04-02,23:22,Working at Height,Scaffolding Area,Worker observed near roof edge without guardrail.,Minor,63.4,HIGH,Rain,Night,62,0,9
INC-V3-1097,2025-04-30,19:13,Electrical Work,Building Site,Exposed wiring near a wet work area.,Major,65.2,CRITICAL,Rain,Night,67,1,3
INC-V3-1098,2025-10-12,19:03,Material Handling,Loading Area,Manual handling of heavy load without mechanical aid.,Minor,10.3,LOW,Windy,Night,94,0,5
INC-V3-1099,2025-08-15,14:11,Material Handling,Warehouse,Improper storage of materials near a walkway.,Major,16.3,LOW,Clear,Day,77,0,6
INC-V3-1100,2024-09-03,08:55,Electrical Work,Building Site,Improper lockout/tagout procedure observed.,Moderate,70.4,CRITICAL,Rain,Day,75,3,4
INC-V3-1101,2026-01-15,21:49,Excavation,Road/Access Area,Excavation walls showing signs of instability.,Moderate,65.3,CRITICAL,Adverse,Night,99,2,6
INC-V3-1102,2024-05-04,07:38,Vehicle Movement,Road/Access Area,Blind spot hazard noted at site access road.,Moderate,41.4,MEDIUM,Windy,Day,79,0,8
INC-V3-1103,2024-10-20,17:40,Vehicle Movement,Road/Access Area,Pedestrian and vehicle routes not segregated.,Moderate,34.9,MEDIUM,Clear,Day,97,1,5
INC-V3-1104,2025-10-18,11:39,Confined Space,Excavation Area,Confined space entry without atmospheric testing.,Major,87.8,CRITICAL,Clear,Day,60,3,1
INC-V3-1105,2025-08-18,13:36,Material Handling,Loading Area,Manual handling of heavy load without mechanical aid.,Moderate,24.7,LOW,Clear,Day,85,1,4
INC-V3-1106,2024-01-12,15:19,Electrical Work,Electrical Room,Exposed wiring near a wet work area.,Moderate,45.4,MEDIUM,Rain,Day,93,0,6
INC-V3-1107,2025-04-22,22:33,Vehicle Movement,Loading Area,Blind spot hazard noted at site access road.,Moderate,42.8,MEDIUM,Adverse,Night,92,0,13
INC-V3-1108,2025-03-24,15:41,Vehicle Movement,Road/Access Area,Vehicle observed exceeding site speed limit.,Near Miss,28.8,MEDIUM,Windy,Day,99,0,1
INC-V3-1109,2024-05-20,23:54,Working at Height,Building Site,Ladder used beyond recommended height without stabilization.,Moderate,38.6,MEDIUM,Clear,Night,94,0,4
INC-V3-1110,2025-04-16,18:14,Confined Space,Excavation Area,No standby attendant present during confined space work.,Minor,51.3,HIGH,Rain,Day,87,0,4
INC-V3-1111,2025-12-06,10:21,Electrical Work,Electrical Room,Exposed wiring near a wet work area.,Minor,36.0,MEDIUM,Clear,Day,87,1,7
INC-V3-1112,2024-08-23,20:39,Material Handling,Loading Area,Improper storage of materials near a walkway.,Minor,47.6,MEDIUM,Clear,Night,80,0,13
INC-V3-1113,2024-06-13,21:46,Scaffolding,Scaffolding Area,"Scaffold base observed on uneven, unstable ground.",Major,65.3,CRITICAL,Rain,Night,62,1,3
INC-V3-1114,2025-03-27,06:31,Housekeeping,Building Site,Obstruction observed blocking emergency access route.,Major,29.2,MEDIUM,Clear,Day,78,1,8
INC-V3-1115,2025-05-16,22:06,Welding,Building Site,Inadequate ventilation observed during welding task.,Near Miss,42.5,MEDIUM,Clear,Night,54,0,3
INC-V3-1116,2025-05-30,22:43,Welding,Building Site,Welding screen missing in shared work area.,Moderate,57.6,HIGH,Adverse,Night,65,0,8
INC-V3-1117,2025-04-17,07:19,Welding,Warehouse,Welding conducted near flammable materials.,Moderate,47.3,MEDIUM,Clear,Day,74,2,8
INC-V3-1118,2025-07-06,19:20,Working at Height,Building Site,Ladder used beyond recommended height without stabilization.,Minor,49.1,HIGH,Clear,Night,79,0,3
INC-V3-1119,2024-11-12,11:28,Working at Height,Roof,Ladder used beyond recommended height without stabilization.,Minor,77.0,CRITICAL,Rain,Day,64,1,8
INC-V3-1120,2024-07-16,17:08,Lifting,Loading Area,Exclusion zone around lift not maintained.,Near Miss,63.7,HIGH,Adverse,Day,83,2,7
INC-V3-1121,2024-01-03,18:28,Housekeeping,Building Site,Obstruction observed blocking emergency access route.,Moderate,42.5,MEDIUM,Windy,Day,57,0,7
INC-V3-1122,2025-02-01,12:56,Electrical Work,Building Site,Improper lockout/tagout procedure observed.,Minor,40.8,MEDIUM,Windy,Day,98,0,3
INC-V3-1123,2025-09-30,08:57,Scaffolding,Building Site,Incomplete scaffold tagging system observed.,Major,28.2,MEDIUM,Clear,Day,100,0,4
INC-V3-1124,2024-11-09,18:58,Lifting,Warehouse,Improper lifting zone setup observed.,Minor,45.6,MEDIUM,Clear,Day,100,2,8
INC-V3-1125,2025-09-03,11:07,Lifting,Warehouse,Improper lifting zone setup observed.,Major,19.0,LOW,Clear,Day,92,0,5
INC-V3-1126,2025-11-10,21:23,Confined Space,Excavation Area,Ventilation equipment not in place for confined space entry.,Moderate,85.3,CRITICAL,Adverse,Night,55,1,6
INC-V3-1127,2025-03-05,18:07,Welding,Warehouse,Inadequate ventilation observed during welding task.,Moderate,37.5,MEDIUM,Adverse,Day,87,0,6
INC-V3-1128,2025-09-14,19:09,Excavation,Excavation Area,Spoil pile placed too close to excavation edge.,Near Miss,36.5,MEDIUM,Clear,Night,100,0,6
INC-V3-1129,2025-06-11,18:00,Confined Space,Electrical Room,Ventilation equipment not in place for confined space entry.,Minor,45.6,MEDIUM,Clear,Day,100,1,13
INC-V3-1130,2024-05-06,15:10,Material Handling,Loading Area,Manual handling of heavy load without mechanical aid.,Moderate,53.5,HIGH,Adverse,Day,69,0,9
INC-V3-1131,2024-11-16,18:54,Welding,Warehouse,Welding screen missing in shared work area.,Major,64.2,HIGH,Clear,Day,65,2,6
INC-V3-1132,2025-10-04,21:02,Welding,Warehouse,Welding screen missing in shared work area.,Moderate,37.5,MEDIUM,Clear,Night,81,0,10
INC-V3-1133,2024-02-24,09:16,Housekeeping,Building Site,Spilled material not cleaned up promptly.,Near Miss,19.3,LOW,Rain,Day,71,0,4
INC-V3-1134,2025-01-19,10:11,Confined Space,Excavation Area,Ventilation equipment not in place for confined space entry.,Minor,50.0,HIGH,Clear,Day,79,0,8
INC-V3-1135,2024-08-14,20:05,Welding,Building Site,Welding screen missing in shared work area.,Near Miss,38.3,MEDIUM,Clear,Night,68,0,7
INC-V3-1136,2025-07-21,08:17,Excavation,Excavation Area,Excavation walls showing signs of instability.,Near Miss,47.4,MEDIUM,Clear,Day,100,2,6
INC-V3-1137,2025-04-08,11:59,Welding,Building Site,Fire watch not posted during hot work.,Minor,36.8,MEDIUM,Rain,Day,88,0,6
INC-V3-1138,2024-09-13,07:59,Confined Space,Electrical Room,Confined space entry without atmospheric testing.,Moderate,63.5,HIGH,Rain,Day,81,0,6
INC-V3-1139,2024-06-30,22:30,Welding,Warehouse,Welding screen missing in shared work area.,Moderate,31.8,MEDIUM,Clear,Night,73,0,6
INC-V3-1140,2024-03-03,07:06,Welding,Warehouse,Welding screen missing in shared work area.,Major,64.7,HIGH,Clear,Day,65,3,8
INC-V3-1141,2025-08-03,14:06,Confined Space,Excavation Area,Emergency retrieval system not set up before entry.,Major,69.1,CRITICAL,Clear,Day,74,2,4
INC-V3-1142,2024-09-25,14:36,Welding,Building Site,Welding conducted near flammable materials.,Moderate,53.5,HIGH,Rain,Day,54,0,1
INC-V3-1143,2024-04-19,20:37,Vehicle Movement,Loading Area,Blind spot hazard noted at site access road.,Near Miss,48.6,HIGH,Windy,Night,60,0,6
INC-V3-1144,2024-06-22,17:21,Lifting,Loading Area,Improper lifting zone setup observed.,Minor,65.9,CRITICAL,Adverse,Day,59,0,7
INC-V3-1145,2024-06-25,20:29,Electrical Work,Electrical Room,Exposed wiring near a wet work area.,Minor,41.7,MEDIUM,Clear,Night,91,1,4
INC-V3-1146,2024-01-25,09:01,Confined Space,Excavation Area,No standby attendant present during confined space work.,Major,61.7,HIGH,Clear,Day,61,1,3
INC-V3-1147,2025-03-24,07:45,Lifting,Warehouse,Improper lifting zone setup observed.,Near Miss,35.0,MEDIUM,Windy,Day,79,0,5
INC-V3-1148,2024-09-01,09:58,Working at Height,Roof,Ladder used beyond recommended height without stabilization.,Moderate,73.2,CRITICAL,Rain,Day,66,1,8
INC-V3-1149,2025-12-10,16:51,Excavation,Road/Access Area,Excavation walls showing signs of instability.,Major,69.1,CRITICAL,Adverse,Day,64,1,3
INC-V3-1150,2024-03-09,22:24,Housekeeping,Building Site,Tools left in walking path after task completion.,Near Miss,11.9,LOW,Windy,Night,85,0,7
INC-V3-1151,2024-12-04,18:06,Housekeeping,Warehouse,Tools left in walking path after task completion.,Near Miss,13.9,LOW,Clear,Day,84,0,6
INC-V3-1152,2024-01-06,08:06,Working at Height,Scaffolding Area,Fall arrest harness not properly anchored.,Moderate,35.7,MEDIUM,Windy,Day,87,0,6
INC-V3-1153,2024-12-20,22:17,Housekeeping,Building Site,Spilled material not cleaned up promptly.,Minor,22.3,LOW,Clear,Night,82,0,2
INC-V3-1154,2025-09-15,19:33,Material Handling,Warehouse,Improper storage of materials near a walkway.,Near Miss,30.9,MEDIUM,Clear,Night,75,1,5
INC-V3-1155,2025-01-17,13:54,Welding,Warehouse,Inadequate ventilation observed during welding task.,Moderate,31.7,MEDIUM,Rain,Day,94,0,2
INC-V3-1156,2024-06-08,08:37,Excavation,Road/Access Area,Spoil pile placed too close to excavation edge.,Minor,49.0,HIGH,Windy,Day,75,0,1
INC-V3-1157,2024-08-04,07:46,Electrical Work,Electrical Room,Live electrical panel left unlocked and unattended.,Moderate,29.9,MEDIUM,Clear,Day,100,0,9
INC-V3-1158,2025-04-04,07:23,Welding,Warehouse,Fire watch not posted during hot work.,Near Miss,34.7,MEDIUM,Rain,Day,78,0,1
INC-V3-1159,2024-04-03,15:48,Scaffolding,Building Site,Incomplete scaffold tagging system observed.,Minor,27.9,LOW,Clear,Day,85,0,2
INC-V3-1160,2024-11-28,09:36,Material Handling,Loading Area,Improper storage of materials near a walkway.,Near Miss,25.4,LOW,Rain,Day,86,0,2
INC-V3-1161,2025-04-10,16:40,Housekeeping,Building Site,Debris accumulation observed in walkway.,Near Miss,35.8,MEDIUM,Rain,Day,52,0,1
INC-V3-1162,2024-10-26,06:31,Excavation,Road/Access Area,Excavation walls showing signs of instability.,Moderate,47.5,MEDIUM,Rain,Day,85,1,2
INC-V3-1163,2024-06-19,08:03,Vehicle Movement,Road/Access Area,Vehicle reversing without a spotter present.,Near Miss,28.5,MEDIUM,Clear,Day,90,1,4
INC-V3-1164,2025-10-02,11:37,Vehicle Movement,Road/Access Area,Blind spot hazard noted at site access road.,Near Miss,51.2,HIGH,Adverse,Day,85,1,4
INC-V3-1165,2025-10-01,20:44,Working at Height,Scaffolding Area,Unprotected edge observed during elevated work.,Moderate,70.9,CRITICAL,Windy,Night,81,1,5
INC-V3-1166,2024-09-20,07:52,Material Handling,Loading Area,Stacked materials observed in an unstable configuration.,Moderate,47.6,MEDIUM,Clear,Day,64,1,5
INC-V3-1167,2024-03-27,17:52,Confined Space,Excavation Area,No standby attendant present during confined space work.,Moderate,50.9,HIGH,Windy,Day,75,0,8
INC-V3-1168,2025-12-20,11:35,Scaffolding,Building Site,Scaffold access partially obstructed.,Major,46.7,MEDIUM,Adverse,Day,73,0,7
INC-V3-1169,2024-06-10,11:05,Welding,Warehouse,Welding screen missing in shared work area.,Near Miss,28.9,MEDIUM,Rain,Day,70,0,4
INC-V3-1170,2025-04-12,17:44,Electrical Work,Electrical Room,Exposed wiring near a wet work area.,Minor,54.3,HIGH,Rain,Day,75,1,8
INC-V3-1171,2024-12-31,06:14,Material Handling,Loading Area,Obstructed walkway due to stored materials.,Near Miss,23.3,LOW,Clear,Day,100,0,12
INC-V3-1172,2024-06-13,15:25,Lifting,Building Site,Load exceeded rated capacity of lifting equipment.,Minor,44.3,MEDIUM,Rain,Day,66,0,6
INC-V3-1173,2025-12-26,14:00,Working at Height,Roof,Ladder used beyond recommended height without stabilization.,Major,62.6,HIGH,Clear,Day,73,1,7
INC-V3-1174,2024-09-25,07:08,Vehicle Movement,Road/Access Area,Vehicle reversing without a spotter present.,Moderate,60.8,HIGH,Adverse,Day,61,0,1
INC-V3-1175,2025-06-28,20:52,Welding,Building Site,Inadequate ventilation observed during welding task.,Minor,40.1,MEDIUM,Windy,Night,82,1,5
INC-V3-1176,2025-10-23,09:09,Material Handling,Loading Area,Improper storage of materials near a walkway.,Minor,52.5,HIGH,Adverse,Day,73,1,2
INC-V3-1177,2024-04-21,19:53,Confined Space,Electrical Room,Confined space entry without atmospheric testing.,Major,52.7,HIGH,Clear,Night,52,0,5
INC-V3-1178,2024-10-13,17:05,Confined Space,Electrical Room,No standby attendant present during confined space work.,Minor,64.5,HIGH,Adverse,Day,72,0,4
INC-V3-1179,2024-11-12,17:36,Vehicle Movement,Road/Access Area,Vehicle reversing without a spotter present.,Near Miss,23.8,LOW,Clear,Day,85,0,11
INC-V3-1180,2025-04-14,19:26,Vehicle Movement,Road/Access Area,Vehicle observed exceeding site speed limit.,Minor,58.2,HIGH,Clear,Night,77,2,10
INC-V3-1181,2025-08-14,22:42,Material Handling,Loading Area,Obstructed walkway due to stored materials.,Near Miss,47.9,MEDIUM,Clear,Night,80,2,3
INC-V3-1182,2024-08-31,15:12,Excavation,Road/Access Area,Inadequate barricading around excavation area.,Near Miss,42.3,MEDIUM,Clear,Day,56,0,4
INC-V3-1183,2024-05-18,16:53,Lifting,Loading Area,Improper lifting zone setup observed.,Near Miss,60.3,HIGH,Adverse,Day,68,0,2
INC-V3-1184,2024-07-20,11:01,Confined Space,Electrical Room,Emergency retrieval system not set up before entry.,Moderate,70.4,CRITICAL,Windy,Day,73,1,3
INC-V3-1185,2025-01-15,21:59,Vehicle Movement,Loading Area,Pedestrian and vehicle routes not segregated.,Minor,32.2,MEDIUM,Clear,Night,83,0,7
INC-V3-1186,2025-04-01,19:34,Excavation,Excavation Area,Inadequate barricading around excavation area.,Minor,49.7,HIGH,Rain,Night,91,0,6
INC-V3-1187,2025-09-14,18:05,Welding,Building Site,Inadequate ventilation observed during welding task.,Minor,28.1,MEDIUM,Clear,Day,89,1,5
INC-V3-1188,2024-01-31,08:18,Confined Space,Electrical Room,No standby attendant present during confined space work.,Major,57.9,HIGH,Rain,Day,78,0,1
INC-V3-1189,2025-04-08,07:39,Excavation,Excavation Area,Inadequate barricading around excavation area.,Moderate,44.3,MEDIUM,Rain,Day,92,0,3
INC-V3-1190,2024-09-19,09:05,Welding,Warehouse,Welding screen missing in shared work area.,Near Miss,27.6,LOW,Clear,Day,100,0,10
INC-V3-1191,2024-12-02,10:18,Scaffolding,Building Site,Missing guardrail on scaffold platform.,Near Miss,38.6,MEDIUM,Clear,Day,81,0,6
INC-V3-1192,2025-06-26,06:42,Scaffolding,Building Site,Scaffold access partially obstructed.,Moderate,32.7,MEDIUM,Clear,Day,84,0,13
INC-V3-1193,2024-08-30,07:10,Excavation,Excavation Area,Spoil pile placed too close to excavation edge.,Minor,52.3,HIGH,Clear,Day,79,1,3
INC-V3-1194,2025-02-14,14:27,Excavation,Road/Access Area,No safe access/egress ladder provided in trench.,Near Miss,29.4,MEDIUM,Clear,Day,100,0,8
INC-V3-1195,2025-09-22,17:43,Welding,Warehouse,Welding conducted near flammable materials.,Moderate,24.4,LOW,Rain,Day,100,0,7
INC-V3-1196,2024-11-18,19:18,Excavation,Excavation Area,Inadequate barricading around excavation area.,Moderate,60.9,HIGH,Rain,Night,82,1,3
INC-V3-1197,2024-01-24,08:43,Housekeeping,Building Site,Obstruction observed blocking emergency access route.,Minor,24.6,LOW,Clear,Day,65,0,5
INC-V3-1198,2024-09-03,10:15,Material Handling,Warehouse,Manual handling of heavy load without mechanical aid.,Minor,27.5,LOW,Clear,Day,80,0,7
INC-V3-1199,2025-05-10,19:07,Confined Space,Excavation Area,Emergency retrieval system not set up before entry.,Moderate,65.0,HIGH,Rain,Night,70,0,12
INC-V3-1200,2025-09-20,12:49,Material Handling,Warehouse,Improper storage of materials near a walkway.,Near Miss,38.2,MEDIUM,Adverse,Day,76,0,6
INC-V3-1201,2024-12-24,10:43,Electrical Work,Electrical Room,Damaged electrical cable observed.,Near Miss,34.7,MEDIUM,Clear,Day,84,0,8
INC-V3-1202,2024-09-20,17:54,Scaffolding,Scaffolding Area,"Scaffold base observed on uneven, unstable ground.",Minor,54.6,HIGH,Clear,Day,68,0,8
INC-V3-1203,2024-10-21,18:03,Electrical Work,Electrical Room,Damaged electrical cable observed.,Near Miss,50.3,HIGH,Adverse,Day,88,0,9
INC-V3-1204,2024-10-25,16:12,Material Handling,Warehouse,Stacked materials observed in an unstable configuration.,Moderate,46.4,MEDIUM,Clear,Day,58,0,12
INC-V3-1205,2025-03-05,11:44,Scaffolding,Scaffolding Area,"Scaffold base observed on uneven, unstable ground.",Near Miss,37.9,MEDIUM,Clear,Day,84,0,1
INC-V3-1206,2025-06-26,16:00,Working at Height,Roof,Fall arrest harness not properly anchored.,Moderate,57.4,HIGH,Clear,Day,70,0,7
INC-V3-1207,2024-10-18,06:47,Working at Height,Building Site,Worker observed near roof edge without guardrail.,Moderate,49.4,HIGH,Clear,Day,74,0,7
INC-V3-1208,2025-06-20,08:22,Excavation,Excavation Area,Spoil pile placed too close to excavation edge.,Moderate,41.7,MEDIUM,Rain,Day,88,0,7
INC-V3-1209,2024-09-10,09:27,Scaffolding,Scaffolding Area,"Scaffold base observed on uneven, unstable ground.",Minor,53.2,HIGH,Adverse,Day,76,0,3
INC-V3-1210,2025-01-16,19:54,Vehicle Movement,Loading Area,Pedestrian and vehicle routes not segregated.,Minor,58.6,HIGH,Windy,Night,65,1,6
INC-V3-1211,2024-02-17,23:55,Material Handling,Warehouse,Improper storage of materials near a walkway.,Major,47.0,MEDIUM,Clear,Night,64,1,1
INC-V3-1212,2024-08-27,07:17,Scaffolding,Scaffolding Area,"Scaffold base observed on uneven, unstable ground.",Moderate,48.6,HIGH,Clear,Day,43,0,7
INC-V3-1213,2025-09-14,13:41,Working at Height,Roof,Unprotected edge observed during elevated work.,Major,76.2,CRITICAL,Clear,Day,68,2,3
INC-V3-1214,2026-01-01,17:28,Confined Space,Electrical Room,No standby attendant present during confined space work.,Major,52.5,HIGH,Windy,Day,77,0,7
INC-V3-1215,2024-03-05,17:08,Scaffolding,Building Site,"Scaffold base observed on uneven, unstable ground.",Moderate,50.3,HIGH,Windy,Day,60,0,8
INC-V3-1216,2024-07-01,11:32,Working at Height,Roof,Ladder used beyond recommended height without stabilization.,Near Miss,52.6,HIGH,Windy,Day,79,0,8
INC-V3-1217,2025-07-08,07:03,Material Handling,Loading Area,Improper storage of materials near a walkway.,Minor,22.4,LOW,Clear,Day,79,0,8
INC-V3-1218,2025-09-01,22:09,Excavation,Excavation Area,Spoil pile placed too close to excavation edge.,Near Miss,47.6,MEDIUM,Windy,Night,94,0,3
INC-V3-1219,2024-04-30,06:04,Material Handling,Loading Area,Improper storage of materials near a walkway.,Minor,41.7,MEDIUM,Windy,Day,89,2,1
INC-V3-1220,2025-06-04,18:52,Welding,Warehouse,Inadequate ventilation observed during welding task.,Major,53.7,HIGH,Clear,Day,56,1,11
INC-V3-1221,2024-11-25,23:00,Material Handling,Loading Area,Improper storage of materials near a walkway.,Minor,36.8,MEDIUM,Clear,Night,66,0,2
INC-V3-1222,2024-10-27,06:08,Scaffolding,Building Site,Incomplete scaffold tagging system observed.,Near Miss,23.7,LOW,Clear,Day,90,0,9
INC-V3-1223,2025-09-20,17:18,Vehicle Movement,Loading Area,Pedestrian and vehicle routes not segregated.,Near Miss,57.9,HIGH,Adverse,Day,71,1,6
INC-V3-1224,2025-09-04,11:05,Excavation,Excavation Area,Inadequate barricading around excavation area.,Major,50.2,HIGH,Rain,Day,81,0,5
INC-V3-1225,2025-09-13,19:35,Excavation,Road/Access Area,Spoil pile placed too close to excavation edge.,Near Miss,29.3,MEDIUM,Clear,Night,89,0,8
INC-V3-1226,2024-09-29,22:30,Vehicle Movement,Loading Area,Vehicle observed exceeding site speed limit.,Near Miss,48.2,HIGH,Windy,Night,72,0,13
INC-V3-1227,2024-05-11,11:26,Confined Space,Excavation Area,No standby attendant present during confined space work.,Near Miss,47.6,MEDIUM,Clear,Day,72,0,4
INC-V3-1228,2024-01-24,18:20,Electrical Work,Electrical Room,Live electrical panel left unlocked and unattended.,Near Miss,54.8,HIGH,Clear,Day,65,0,6
INC-V3-1229,2024-06-02,12:36,Confined Space,Excavation Area,Ventilation equipment not in place for confined space entry.,Minor,50.1,HIGH,Windy,Day,83,0,3
INC-V3-1230,2025-03-09,13:08,Housekeeping,Warehouse,Obstruction observed blocking emergency access route.,Near Miss,4.9,LOW,Windy,Day,98,0,6
INC-V3-1231,2024-02-23,17:05,Scaffolding,Scaffolding Area,Scaffold access partially obstructed.,Minor,50.1,HIGH,Windy,Day,84,0,5
INC-V3-1232,2024-01-31,21:56,Housekeeping,Building Site,Tools left in walking path after task completion.,Near Miss,50.4,HIGH,Adverse,Night,68,0,3
INC-V3-1233,2024-11-26,16:43,Working at Height,Roof,Ladder used beyond recommended height without stabilization.,Near Miss,57.6,HIGH,Windy,Day,72,0,1
INC-V3-1234,2025-07-01,17:02,Electrical Work,Building Site,Live electrical panel left unlocked and unattended.,Minor,57.1,HIGH,Adverse,Day,73,0,8
INC-V3-1235,2025-01-31,17:39,Excavation,Excavation Area,Spoil pile placed too close to excavation edge.,Near Miss,43.9,MEDIUM,Clear,Day,84,0,7
INC-V3-1236,2025-06-27,21:55,Welding,Warehouse,Fire watch not posted during hot work.,Moderate,53.6,HIGH,Windy,Night,78,2,7
INC-V3-1237,2024-02-25,06:59,Working at Height,Building Site,Fall arrest harness not properly anchored.,Near Miss,40.5,MEDIUM,Clear,Day,83,0,9
INC-V3-1238,2025-12-10,18:18,Material Handling,Warehouse,Manual handling of heavy load without mechanical aid.,Minor,50.9,HIGH,Adverse,Day,77,1,8
INC-V3-1239,2024-02-06,23:01,Scaffolding,Building Site,Incomplete scaffold tagging system observed.,Minor,64.0,HIGH,Rain,Night,73,1,11
INC-V3-1240,2025-03-08,10:27,Confined Space,Excavation Area,Confined space entry without atmospheric testing.,Minor,41.8,MEDIUM,Clear,Day,85,0,4
INC-V3-1241,2025-10-07,23:26,Scaffolding,Building Site,"Scaffold base observed on uneven, unstable ground.",Near Miss,42.7,MEDIUM,Clear,Night,86,2,7
INC-V3-1242,2024-06-16,18:35,Electrical Work,Electrical Room,Live electrical panel left unlocked and unattended.,Minor,67.8,CRITICAL,Adverse,Day,76,1,8
INC-V3-1243,2025-09-10,12:02,Vehicle Movement,Loading Area,Vehicle observed exceeding site speed limit.,Major,49.0,HIGH,Adverse,Day,72,0,7
INC-V3-1244,2025-09-05,08:38,Scaffolding,Scaffolding Area,Scaffold access partially obstructed.,Near Miss,44.5,MEDIUM,Windy,Day,78,0,9
INC-V3-1245,2026-01-03,06:33,Electrical Work,Building Site,Damaged electrical cable observed.,Moderate,59.4,HIGH,Rain,Day,68,1,8
INC-V3-1246,2025-05-10,17:12,Material Handling,Warehouse,Improper storage of materials near a walkway.,Minor,45.1,MEDIUM,Rain,Day,59,0,4
INC-V3-1247,2025-09-05,12:21,Scaffolding,Building Site,"Scaffold base observed on uneven, unstable ground.",Minor,60.0,HIGH,Clear,Day,54,1,8
INC-V3-1248,2024-08-18,09:50,Material Handling,Warehouse,Stacked materials observed in an unstable configuration.,Near Miss,17.9,LOW,Clear,Day,100,0,5
INC-V3-1249,2025-03-03,18:17,Lifting,Warehouse,Exclusion zone around lift not maintained.,Moderate,31.4,MEDIUM,Clear,Day,87,0,12
INC-V3-1250,2024-09-29,07:19,Lifting,Loading Area,Improper lifting zone setup observed.,Moderate,38.8,MEDIUM,Clear,Day,77,0,4
INC-V3-1251,2025-01-13,18:30,Confined Space,Electrical Room,Confined space entry without atmospheric testing.,Near Miss,44.9,MEDIUM,Clear,Day,75,0,5
INC-V3-1252,2025-09-12,10:54,Lifting,Loading Area,Exclusion zone around lift not maintained.,Near Miss,44.9,MEDIUM,Rain,Day,82,0,7
INC-V3-1253,2024-05-16,19:30,Housekeeping,Warehouse,Obstruction observed blocking emergency access route.,Near Miss,19.7,LOW,Rain,Night,98,1,8
INC-V3-1254,2024-12-31,23:15,Welding,Warehouse,Welding conducted near flammable materials.,Minor,47.1,MEDIUM,Clear,Night,66,0,3
INC-V3-1255,2024-01-29,11:51,Welding,Warehouse,Inadequate ventilation observed during welding task.,Minor,36.8,MEDIUM,Windy,Day,80,0,7
INC-V3-1256,2024-03-16,16:17,Confined Space,Electrical Room,No standby attendant present during confined space work.,Minor,65.6,CRITICAL,Clear,Day,83,1,6
INC-V3-1257,2024-12-06,17:06,Excavation,Road/Access Area,No safe access/egress ladder provided in trench.,Moderate,73.9,CRITICAL,Adverse,Day,100,2,8
INC-V3-1258,2025-05-27,21:33,Scaffolding,Scaffolding Area,Incomplete scaffold tagging system observed.,Major,41.7,MEDIUM,Clear,Night,78,0,7
INC-V3-1259,2024-12-22,12:03,Working at Height,Building Site,Ladder used beyond recommended height without stabilization.,Near Miss,56.1,HIGH,Clear,Day,38,0,1
INC-V3-1260,2025-09-04,21:00,Scaffolding,Scaffolding Area,Incomplete scaffold tagging system observed.,Minor,47.8,MEDIUM,Clear,Night,80,1,7
INC-V3-1261,2025-11-30,16:38,Electrical Work,Building Site,Exposed wiring near a wet work area.,Moderate,33.7,MEDIUM,Clear,Day,90,1,4
INC-V3-1262,2025-03-19,18:10,Welding,Building Site,Welding screen missing in shared work area.,Near Miss,35.5,MEDIUM,Clear,Day,60,0,5
INC-V3-1263,2025-07-04,17:47,Scaffolding,Scaffolding Area,Incomplete scaffold tagging system observed.,Near Miss,55.3,HIGH,Windy,Day,100,1,8
INC-V3-1264,2024-02-09,08:00,Housekeeping,Building Site,Debris accumulation observed in walkway.,Near Miss,54.3,HIGH,Adverse,Day,71,2,6
INC-V3-1265,2024-03-01,10:05,Material Handling,Warehouse,Improper storage of materials near a walkway.,Moderate,13.1,LOW,Clear,Day,88,0,1
INC-V3-1266,2024-03-05,21:43,Vehicle Movement,Loading Area,Vehicle observed exceeding site speed limit.,Near Miss,30.0,MEDIUM,Clear,Night,75,0,10
INC-V3-1267,2024-12-12,15:17,Material Handling,Warehouse,Obstructed walkway due to stored materials.,Near Miss,12.3,LOW,Clear,Day,86,0,8
INC-V3-1268,2025-10-20,14:14,Welding,Building Site,Welding conducted near flammable materials.,Near Miss,45.0,MEDIUM,Clear,Day,77,2,5
INC-V3-1269,2025-08-28,22:34,Working at Height,Scaffolding Area,Unprotected edge observed during elevated work.,Near Miss,55.1,HIGH,Clear,Night,99,2,9
INC-V3-1270,2024-04-12,08:03,Vehicle Movement,Loading Area,Pedestrian and vehicle routes not segregated.,Minor,46.4,MEDIUM,Clear,Day,85,3,6
INC-V3-1271,2024-08-15,21:11,Scaffolding,Building Site,"Scaffold base observed on uneven, unstable ground.",Near Miss,38.9,MEDIUM,Clear,Night,70,0,3
INC-V3-1272,2024-04-04,16:48,Lifting,Warehouse,Load exceeded rated capacity of lifting equipment.,Moderate,49.3,HIGH,Clear,Day,40,2,2
INC-V3-1273,2024-05-17,09:32,Working at Height,Building Site,Unprotected edge observed during elevated work.,Minor,32.5,MEDIUM,Clear,Day,85,0,2
INC-V3-1274,2025-11-24,18:10,Working at Height,Building Site,Fall arrest harness not properly anchored.,Moderate,42.9,MEDIUM,Clear,Day,89,1,8
INC-V3-1275,2025-08-01,10:07,Excavation,Excavation Area,No safe access/egress ladder provided in trench.,Near Miss,55.8,HIGH,Clear,Day,59,0,3
INC-V3-1276,2024-08-06,18:29,Housekeeping,Warehouse,Obstruction observed blocking emergency access route.,Moderate,44.1,MEDIUM,Adverse,Day,67,0,6
INC-V3-1277,2024-06-20,08:31,Material Handling,Loading Area,Manual handling of heavy load without mechanical aid.,Minor,32.3,MEDIUM,Windy,Day,90,0,12
INC-V3-1278,2025-04-21,11:49,Lifting,Loading Area,Rigging inspection not completed before lift.,Near Miss,32.1,MEDIUM,Windy,Day,92,0,8
INC-V3-1279,2025-05-13,21:05,Confined Space,Excavation Area,Emergency retrieval system not set up before entry.,Major,76.0,CRITICAL,Rain,Night,59,1,1
INC-V3-1280,2024-02-28,13:21,Housekeeping,Warehouse,Tools left in walking path after task completion.,Moderate,8.7,LOW,Rain,Day,93,0,5
INC-V3-1281,2024-07-17,08:08,Vehicle Movement,Road/Access Area,Pedestrian and vehicle routes not segregated.,Near Miss,26.4,LOW,Clear,Day,74,0,6
INC-V3-1282,2024-05-01,12:57,Welding,Warehouse,Fire watch not posted during hot work.,Moderate,20.7,LOW,Clear,Day,95,0,2
INC-V3-1283,2025-08-24,08:09,Confined Space,Excavation Area,Ventilation equipment not in place for confined space entry.,Moderate,71.5,CRITICAL,Rain,Day,58,0,2
INC-V3-1284,2024-09-26,10:42,Housekeeping,Warehouse,Tools left in walking path after task completion.,Minor,19.3,LOW,Clear,Day,70,0,2
INC-V3-1285,2024-09-28,12:55,Welding,Building Site,Welding screen missing in shared work area.,Major,19.3,LOW,Clear,Day,100,0,3
INC-V3-1286,2024-03-07,11:49,Electrical Work,Building Site,Exposed wiring near a wet work area.,Moderate,67.8,CRITICAL,Adverse,Day,68,0,9
INC-V3-1287,2025-10-25,18:18,Housekeeping,Building Site,Spilled material not cleaned up promptly.,Minor,11.9,LOW,Clear,Day,88,0,8
INC-V3-1288,2025-07-23,10:56,Vehicle Movement,Road/Access Area,Pedestrian and vehicle routes not segregated.,Near Miss,20.2,LOW,Clear,Day,100,0,1
INC-V3-1289,2025-01-31,14:13,Vehicle Movement,Road/Access Area,Pedestrian and vehicle routes not segregated.,Minor,22.0,LOW,Clear,Day,92,0,8
INC-V3-1290,2025-10-21,19:01,Confined Space,Electrical Room,Confined space entry without atmospheric testing.,Minor,34.8,MEDIUM,Clear,Night,88,0,8
INC-V3-1291,2025-11-22,21:48,Excavation,Excavation Area,Excavation walls showing signs of instability.,Minor,58.1,HIGH,Windy,Night,75,1,6
INC-V3-1292,2024-10-05,07:36,Electrical Work,Electrical Room,Damaged electrical cable observed.,Minor,40.4,MEDIUM,Windy,Day,72,0,1
INC-V3-1293,2024-06-15,06:34,Material Handling,Warehouse,Manual handling of heavy load without mechanical aid.,Near Miss,39.3,MEDIUM,Rain,Day,70,1,1
INC-V3-1294,2025-12-21,21:52,Working at Height,Scaffolding Area,Ladder used beyond recommended height without stabilization.,Near Miss,69.4,CRITICAL,Clear,Night,68,1,5
INC-V3-1295,2025-12-16,09:33,Electrical Work,Building Site,Live electrical panel left unlocked and unattended.,Near Miss,34.1,MEDIUM,Windy,Day,89,0,8
INC-V3-1296,2024-04-24,10:24,Scaffolding,Building Site,"Scaffold base observed on uneven, unstable ground.",Near Miss,35.5,MEDIUM,Clear,Day,71,0,3
INC-V3-1297,2025-09-25,22:09,Welding,Warehouse,Fire watch not posted during hot work.,Near Miss,55.9,HIGH,Windy,Night,63,1,9
INC-V3-1298,2025-04-28,18:33,Welding,Building Site,Inadequate ventilation observed during welding task.,Near Miss,41.9,MEDIUM,Rain,Day,90,1,9
INC-V3-1299,2025-07-04,06:36,Welding,Building Site,Welding screen missing in shared work area.,Moderate,45.2,MEDIUM,Adverse,Day,100,0,5
INC-V3-1300,2025-04-28,07:15,Welding,Building Site,Fire watch not posted during hot work.,Moderate,47.3,MEDIUM,Adverse,Day,67,0,4
INC-V3-1301,2025-09-21,07:32,Working at Height,Scaffolding Area,Worker observed near roof edge without guardrail.,Major,66.6,CRITICAL,Clear,Day,65,0,4
INC-V3-1302,2025-05-18,08:03,Confined Space,Electrical Room,No standby attendant present during confined space work.,Minor,60.4,HIGH,Windy,Day,65,0,5
INC-V3-1303,2025-03-28,18:54,Welding,Warehouse,Welding screen missing in shared work area.,Moderate,39.8,MEDIUM,Clear,Day,89,1,1
INC-V3-1304,2024-06-11,23:39,Working at Height,Scaffolding Area,Fall arrest harness not properly anchored.,Moderate,51.1,HIGH,Clear,Night,70,0,7
INC-V3-1305,2025-07-19,07:29,Housekeeping,Warehouse,Obstruction observed blocking emergency access route.,Near Miss,42.9,MEDIUM,Windy,Day,56,0,12
INC-V3-1306,2025-02-14,11:41,Excavation,Road/Access Area,Inadequate barricading around excavation area.,Near Miss,39.1,MEDIUM,Windy,Day,94,0,1
INC-V3-1307,2025-05-04,12:48,Lifting,Building Site,Load exceeded rated capacity of lifting equipment.,Minor,26.1,LOW,Clear,Day,90,0,6
INC-V3-1308,2024-08-27,06:31,Scaffolding,Scaffolding Area,"Scaffold base observed on uneven, unstable ground.",Near Miss,38.5,MEDIUM,Clear,Day,79,0,8
INC-V3-1309,2024-05-17,23:17,Electrical Work,Electrical Room,Improper lockout/tagout procedure observed.,Moderate,49.4,HIGH,Clear,Night,70,0,8
INC-V3-1310,2025-12-07,19:13,Confined Space,Excavation Area,Confined space entry without atmospheric testing.,Major,38.4,MEDIUM,Rain,Night,93,0,3
INC-V3-1311,2025-10-21,11:27,Vehicle Movement,Road/Access Area,Blind spot hazard noted at site access road.,Near Miss,42.4,MEDIUM,Rain,Day,79,0,11
INC-V3-1312,2024-06-24,19:27,Scaffolding,Building Site,"Scaffold base observed on uneven, unstable ground.",Near Miss,23.3,LOW,Clear,Night,91,0,5
INC-V3-1313,2024-03-07,20:40,Confined Space,Excavation Area,Confined space entry without atmospheric testing.,Major,37.2,MEDIUM,Clear,Night,100,0,11
INC-V3-1314,2024-01-25,13:25,Confined Space,Electrical Room,Emergency retrieval system not set up before entry.,Minor,44.6,MEDIUM,Clear,Day,96,0,1
INC-V3-1315,2024-07-05,19:15,Housekeeping,Warehouse,Tools left in walking path after task completion.,Near Miss,19.2,LOW,Rain,Night,80,0,3
INC-V3-1316,2024-12-22,17:51,Electrical Work,Electrical Room,Exposed wiring near a wet work area.,Moderate,38.0,MEDIUM,Clear,Day,81,0,4
INC-V3-1317,2025-11-21,11:42,Housekeeping,Building Site,Debris accumulation observed in walkway.,Moderate,42.3,MEDIUM,Adverse,Day,76,0,9
INC-V3-1318,2024-03-19,06:50,Electrical Work,Electrical Room,Improper lockout/tagout procedure observed.,Minor,39.4,MEDIUM,Clear,Day,94,0,5
INC-V3-1319,2024-08-04,09:53,Confined Space,Excavation Area,No standby attendant present during confined space work.,Minor,43.9,MEDIUM,Clear,Day,84,0,7
INC-V3-1320,2024-07-13,15:36,Lifting,Loading Area,Exclusion zone around lift not maintained.,Near Miss,46.1,MEDIUM,Clear,Day,60,0,7
INC-V3-1321,2025-12-31,21:48,Material Handling,Loading Area,Improper storage of materials near a walkway.,Near Miss,38.5,MEDIUM,Clear,Night,39,0,6
INC-V3-1322,2024-01-12,17:29,Confined Space,Excavation Area,No standby attendant present during confined space work.,Minor,36.4,MEDIUM,Clear,Day,100,0,6
INC-V3-1323,2025-09-01,07:58,Vehicle Movement,Road/Access Area,Vehicle observed exceeding site speed limit.,Near Miss,43.4,MEDIUM,Windy,Day,79,0,4
INC-V3-1324,2025-01-07,14:54,Vehicle Movement,Road/Access Area,Vehicle reversing without a spotter present.,Minor,33.8,MEDIUM,Clear,Day,73,0,5
INC-V3-1325,2025-02-13,08:55,Lifting,Building Site,Improper lifting zone setup observed.,Minor,20.0,LOW,Clear,Day,86,0,2
INC-V3-1326,2024-02-10,11:41,Scaffolding,Scaffolding Area,Scaffold access partially obstructed.,Near Miss,55.8,HIGH,Clear,Day,59,0,4
INC-V3-1327,2025-12-15,07:48,Working at Height,Roof,Unprotected edge observed during elevated work.,Minor,42.1,MEDIUM,Windy,Day,93,0,6
INC-V3-1328,2024-07-02,13:20,Excavation,Road/Access Area,Excavation walls showing signs of instability.,Near Miss,43.4,MEDIUM,Clear,Day,67,0,8
INC-V3-1329,2025-08-02,09:58,Excavation,Excavation Area,Inadequate barricading around excavation area.,Moderate,43.6,MEDIUM,Clear,Day,82,0,13
INC-V3-1330,2024-11-29,12:56,Vehicle Movement,Road/Access Area,Blind spot hazard noted at site access road.,Near Miss,44.5,MEDIUM,Clear,Day,47,0,2
INC-V3-1331,2025-02-19,13:16,Excavation,Excavation Area,Spoil pile placed too close to excavation edge.,Moderate,50.1,HIGH,Windy,Day,71,0,6
INC-V3-1332,2025-05-01,21:23,Housekeeping,Building Site,Tools left in walking path after task completion.,Minor,30.9,MEDIUM,Clear,Night,80,1,8
INC-V3-1333,2024-10-16,11:43,Material Handling,Loading Area,Manual handling of heavy load without mechanical aid.,Minor,42.3,MEDIUM,Rain,Day,69,0,2
INC-V3-1334,2025-10-31,10:58,Scaffolding,Building Site,Missing guardrail on scaffold platform.,Minor,45.8,MEDIUM,Windy,Day,85,1,3
INC-V3-1335,2024-05-06,08:27,Electrical Work,Building Site,Improper lockout/tagout procedure observed.,Moderate,63.4,HIGH,Adverse,Day,87,2,2
INC-V3-1336,2024-02-14,13:12,Scaffolding,Scaffolding Area,Scaffold access partially obstructed.,Minor,47.5,MEDIUM,Adverse,Day,94,0,1
INC-V3-1337,2025-05-08,06:32,Electrical Work,Electrical Room,Damaged electrical cable observed.,Minor,26.0,LOW,Clear,Day,86,0,3
INC-V3-1338,2024-05-31,07:23,Electrical Work,Building Site,Damaged electrical cable observed.,Major,37.1,MEDIUM,Clear,Day,100,1,9
INC-V3-1339,2025-08-15,15:07,Working at Height,Scaffolding Area,Fall arrest harness not properly anchored.,Minor,60.5,HIGH,Clear,Day,69,0,9
INC-V3-1340,2025-02-19,11:05,Excavation,Road/Access Area,Excavation walls showing signs of instability.,Minor,46.5,MEDIUM,Clear,Day,83,0,8
INC-V3-1341,2025-03-05,11:44,Housekeeping,Building Site,Debris accumulation observed in walkway.,Near Miss,30.5,MEDIUM,Clear,Day,80,1,4
INC-V3-1342,2024-05-16,18:59,Working at Height,Roof,Worker observed near roof edge without guardrail.,Moderate,54.1,HIGH,Adverse,Day,99,0,1
INC-V3-1343,2025-11-01,10:45,Scaffolding,Building Site,Missing guardrail on scaffold platform.,Minor,29.9,MEDIUM,Clear,Day,78,0,2
INC-V3-1344,2025-09-08,21:47,Vehicle Movement,Road/Access Area,Vehicle observed exceeding site speed limit.,Near Miss,20.0,LOW,Clear,Night,71,0,2
INC-V3-1345,2025-04-01,08:44,Working at Height,Roof,Fall arrest harness not properly anchored.,Near Miss,81.2,CRITICAL,Windy,Day,73,3,4
INC-V3-1346,2024-07-10,13:32,Housekeeping,Warehouse,Debris accumulation observed in walkway.,Moderate,19.8,LOW,Adverse,Day,91,0,6
INC-V3-1347,2024-12-10,22:03,Scaffolding,Building Site,Missing guardrail on scaffold platform.,Minor,35.5,MEDIUM,Rain,Night,73,0,5
INC-V3-1348,2024-02-21,18:07,Material Handling,Warehouse,Manual handling of heavy load without mechanical aid.,Moderate,64.2,HIGH,Adverse,Day,86,3,4
INC-V3-1349,2024-10-28,23:14,Scaffolding,Scaffolding Area,Scaffold access partially obstructed.,Near Miss,44.3,MEDIUM,Clear,Night,71,0,9
INC-V3-1350,2024-05-19,16:06,Confined Space,Electrical Room,Ventilation equipment not in place for confined space entry.,Major,34.9,MEDIUM,Clear,Day,94,0,5
INC-V3-1351,2025-12-27,12:38,Material Handling,Loading Area,Obstructed walkway due to stored materials.,Near Miss,30.7,MEDIUM,Clear,Day,80,0,1
INC-V3-1352,2025-09-06,14:56,Lifting,Building Site,Load exceeded rated capacity of lifting equipment.,Near Miss,23.5,LOW,Windy,Day,94,0,2
INC-V3-1353,2024-01-08,22:18,Confined Space,Excavation Area,No standby attendant present during confined space work.,Moderate,38.9,MEDIUM,Clear,Night,89,0,1
INC-V3-1354,2024-09-20,09:47,Excavation,Road/Access Area,No safe access/egress ladder provided in trench.,Moderate,42.0,MEDIUM,Rain,Day,90,0,12
INC-V3-1355,2025-07-16,22:07,Electrical Work,Electrical Room,Exposed wiring near a wet work area.,Minor,49.2,HIGH,Rain,Night,70,0,5
INC-V3-1356,2024-09-22,15:31,Electrical Work,Electrical Room,Improper lockout/tagout procedure observed.,Minor,53.1,HIGH,Clear,Day,85,2,5
INC-V3-1357,2024-01-19,13:04,Housekeeping,Building Site,Obstruction observed blocking emergency access route.,Minor,17.8,LOW,Clear,Day,81,0,2
INC-V3-1358,2025-01-22,22:38,Scaffolding,Building Site,Missing guardrail on scaffold platform.,Moderate,22.7,LOW,Clear,Night,90,0,5
INC-V3-1359,2025-07-24,23:59,Lifting,Loading Area,Exclusion zone around lift not maintained.,Minor,41.7,MEDIUM,Clear,Night,82,1,9
INC-V3-1360,2025-03-01,07:22,Welding,Warehouse,Welding conducted near flammable materials.,Near Miss,26.7,LOW,Clear,Day,92,0,2
INC-V3-1361,2025-02-16,22:30,Electrical Work,Electrical Room,Improper lockout/tagout procedure observed.,Minor,24.3,LOW,Clear,Night,100,0,5
INC-V3-1362,2025-03-25,14:30,Lifting,Loading Area,Exclusion zone around lift not maintained.,Moderate,32.0,MEDIUM,Clear,Day,76,0,4
INC-V3-1363,2024-06-12,08:56,Welding,Warehouse,Welding conducted near flammable materials.,Minor,25.6,LOW,Clear,Day,90,1,4
INC-V3-1364,2024-08-07,07:20,Electrical Work,Building Site,Live electrical panel left unlocked and unattended.,Minor,39.3,MEDIUM,Clear,Day,85,0,11
INC-V3-1365,2025-12-12,15:15,Electrical Work,Electrical Room,Live electrical panel left unlocked and unattended.,Near Miss,29.8,MEDIUM,Clear,Day,98,0,1
INC-V3-1366,2024-10-28,15:11,Confined Space,Electrical Room,Ventilation equipment not in place for confined space entry.,Major,65.1,CRITICAL,Rain,Day,36,0,1
INC-V3-1367,2024-11-29,18:34,Lifting,Warehouse,Rigging inspection not completed before lift.,Moderate,26.5,LOW,Rain,Day,100,0,4
INC-V3-1368,2025-02-01,15:24,Electrical Work,Electrical Room,Improper lockout/tagout procedure observed.,Moderate,55.2,HIGH,Clear,Day,55,0,7
INC-V3-1369,2024-09-09,21:37,Confined Space,Electrical Room,Ventilation equipment not in place for confined space entry.,Near Miss,38.0,MEDIUM,Clear,Night,89,0,1
INC-V3-1370,2024-09-19,17:53,Material Handling,Warehouse,Manual handling of heavy load without mechanical aid.,Near Miss,24.7,LOW,Adverse,Day,90,0,4
INC-V3-1371,2026-01-18,18:37,Lifting,Building Site,Rigging inspection not completed before lift.,Minor,21.8,LOW,Windy,Day,100,0,6
INC-V3-1372,2024-01-22,15:35,Electrical Work,Electrical Room,Improper lockout/tagout procedure observed.,Near Miss,50.3,HIGH,Clear,Day,82,0,11
INC-V3-1373,2025-01-06,06:25,Vehicle Movement,Loading Area,Vehicle reversing without a spotter present.,Major,32.4,MEDIUM,Rain,Day,91,0,9
INC-V3-1374,2025-12-24,16:23,Working at Height,Roof,Worker observed near roof edge without guardrail.,Minor,46.6,MEDIUM,Clear,Day,80,0,7
INC-V3-1375,2025-06-02,09:37,Lifting,Building Site,Improper lifting zone setup observed.,Minor,23.3,LOW,Clear,Day,88,0,7
INC-V3-1376,2025-05-02,11:27,Working at Height,Roof,Unprotected edge observed during elevated work.,Major,68.3,CRITICAL,Clear,Day,68,1,7
INC-V3-1377,2025-02-13,17:16,Confined Space,Excavation Area,Emergency retrieval system not set up before entry.,Minor,59.0,HIGH,Clear,Day,50,0,7
INC-V3-1378,2024-04-26,13:06,Electrical Work,Electrical Room,Live electrical panel left unlocked and unattended.,Near Miss,46.7,MEDIUM,Clear,Day,74,0,10
INC-V3-1379,2024-03-03,08:48,Working at Height,Building Site,Ladder used beyond recommended height without stabilization.,Minor,46.7,MEDIUM,Adverse,Day,87,0,6
INC-V3-1380,2024-03-24,13:49,Working at Height,Building Site,Ladder used beyond recommended height without stabilization.,Moderate,61.6,HIGH,Clear,Day,85,3,2
INC-V3-1381,2024-10-23,21:40,Lifting,Warehouse,Exclusion zone around lift not maintained.,Minor,64.3,HIGH,Clear,Night,74,3,7
INC-V3-1382,2024-08-13,11:52,Welding,Warehouse,Inadequate ventilation observed during welding task.,Minor,39.6,MEDIUM,Windy,Day,76,1,6
INC-V3-1383,2025-09-20,11:08,Electrical Work,Electrical Room,Live electrical panel left unlocked and unattended.,Major,51.8,HIGH,Adverse,Day,90,0,9
INC-V3-1384,2024-03-31,21:13,Electrical Work,Building Site,Damaged electrical cable observed.,Moderate,67.7,CRITICAL,Adverse,Night,61,0,8
INC-V3-1385,2025-03-12,19:37,Scaffolding,Building Site,"Scaffold base observed on uneven, unstable ground.",Near Miss,48.4,HIGH,Clear,Night,82,1,7
INC-V3-1386,2024-06-24,07:56,Excavation,Excavation Area,Excavation walls showing signs of instability.,Minor,60.9,HIGH,Clear,Day,65,1,5
INC-V3-1387,2025-08-19,10:58,Material Handling,Loading Area,Manual handling of heavy load without mechanical aid.,Minor,35.4,MEDIUM,Windy,Day,55,0,1
INC-V3-1388,2025-11-27,20:16,Material Handling,Loading Area,Obstructed walkway due to stored materials.,Near Miss,47.6,MEDIUM,Rain,Night,66,0,2
INC-V3-1389,2024-10-20,14:47,Vehicle Movement,Road/Access Area,Pedestrian and vehicle routes not segregated.,Near Miss,16.0,LOW,Clear,Day,89,0,7
INC-V3-1390,2024-09-05,17:56,Vehicle Movement,Road/Access Area,Vehicle observed exceeding site speed limit.,Minor,36.6,MEDIUM,Rain,Day,83,1,1
INC-V3-1391,2024-06-20,21:07,Lifting,Building Site,Rigging inspection not completed before lift.,Near Miss,30.4,MEDIUM,Rain,Night,100,1,3
INC-V3-1392,2025-11-11,13:34,Material Handling,Loading Area,Improper storage of materials near a walkway.,Major,32.6,MEDIUM,Clear,Day,71,1,5
INC-V3-1393,2024-04-05,15:00,Welding,Building Site,Inadequate ventilation observed during welding task.,Near Miss,28.1,MEDIUM,Clear,Day,70,0,1
INC-V3-1394,2024-11-27,06:31,Vehicle Movement,Road/Access Area,Blind spot hazard noted at site access road.,Near Miss,36.4,MEDIUM,Windy,Day,72,0,7
INC-V3-1395,2024-03-07,13:05,Working at Height,Roof,Fall arrest harness not properly anchored.,Major,81.1,CRITICAL,Adverse,Day,68,0,1
INC-V3-1396,2024-07-20,07:13,Excavation,Excavation Area,Inadequate barricading around excavation area.,Major,61.3,HIGH,Clear,Day,69,0,7
INC-V3-1397,2025-12-12,07:07,Working at Height,Scaffolding Area,Unprotected edge observed during elevated work.,Minor,48.0,HIGH,Rain,Day,86,1,3
INC-V3-1398,2025-02-21,22:03,Working at Height,Scaffolding Area,Fall arrest harness not properly anchored.,Minor,84.2,CRITICAL,Rain,Night,72,3,5
INC-V3-1399,2025-05-20,09:59,Lifting,Building Site,Improper lifting zone setup observed.,Near Miss,51.7,HIGH,Adverse,Day,84,0,6
INC-V3-1400,2024-02-15,14:48,Working at Height,Building Site,Unprotected edge observed during elevated work.,Minor,42.7,MEDIUM,Rain,Day,99,0,5
INC-V3-1401,2025-10-27,19:31,Electrical Work,Building Site,Improper lockout/tagout procedure observed.,Minor,50.0,HIGH,Clear,Night,72,1,8
INC-V3-1402,2025-07-05,06:40,Confined Space,Excavation Area,Confined space entry without atmospheric testing.,Minor,56.1,HIGH,Clear,Day,75,0,6
INC-V3-1403,2024-08-05,16:13,Housekeeping,Building Site,Tools left in walking path after task completion.,Near Miss,49.3,HIGH,Rain,Day,91,3,13
INC-V3-1404,2025-12-17,21:16,Electrical Work,Electrical Room,Exposed wiring near a wet work area.,Minor,45.2,MEDIUM,Rain,Night,75,0,6
INC-V3-1405,2024-08-01,14:12,Welding,Warehouse,Welding screen missing in shared work area.,Major,42.6,MEDIUM,Rain,Day,74,0,2
INC-V3-1406,2024-01-06,09:18,Lifting,Warehouse,Improper lifting zone setup observed.,Minor,27.7,LOW,Windy,Day,95,0,6
INC-V3-1407,2024-03-24,14:49,Electrical Work,Building Site,Exposed wiring near a wet work area.,Minor,61.1,HIGH,Windy,Day,95,2,8
INC-V3-1408,2025-09-30,17:25,Material Handling,Warehouse,Improper storage of materials near a walkway.,Near Miss,38.3,MEDIUM,Clear,Day,63,1,7
INC-V3-1409,2025-09-11,09:36,Electrical Work,Electrical Room,Damaged electrical cable observed.,Near Miss,28.6,MEDIUM,Rain,Day,100,0,6
INC-V3-1410,2024-09-15,11:40,Lifting,Loading Area,Exclusion zone around lift not maintained.,Near Miss,28.4,MEDIUM,Windy,Day,88,0,8
INC-V3-1411,2025-10-13,09:33,Vehicle Movement,Loading Area,Vehicle observed exceeding site speed limit.,Moderate,35.8,MEDIUM,Clear,Day,88,2,5
INC-V3-1412,2024-09-06,13:41,Material Handling,Warehouse,Stacked materials observed in an unstable configuration.,Major,64.0,HIGH,Clear,Day,66,3,1
INC-V3-1413,2024-03-01,12:48,Excavation,Road/Access Area,Inadequate barricading around excavation area.,Major,50.9,HIGH,Windy,Day,81,0,7
INC-V3-1415,2024-05-16,16:47,Working at Height,Scaffolding Area,Unprotected edge observed during elevated work.,Major,56.7,HIGH,Adverse,Day,89,0,10
INC-V3-1416,2024-09-30,23:18,Electrical Work,Building Site,Improper lockout/tagout procedure observed.,Major,49.5,HIGH,Rain,Night,91,2,9
INC-V3-1417,2025-11-13,11:33,Lifting,Loading Area,Load exceeded rated capacity of lifting equipment.,Near Miss,42.5,MEDIUM,Clear,Day,72,1,7
INC-V3-1418,2026-01-05,22:49,Vehicle Movement,Loading Area,Vehicle reversing without a spotter present.,Near Miss,54.7,HIGH,Clear,Night,44,1,8
INC-V3-1419,2024-01-05,15:35,Confined Space,Excavation Area,Emergency retrieval system not set up before entry.,Minor,61.3,HIGH,Clear,Day,68,0,5
INC-V3-1420,2025-06-15,10:38,Housekeeping,Building Site,Obstruction observed blocking emergency access route.,Minor,40.0,MEDIUM,Rain,Day,76,1,4
INC-V3-1421,2025-01-10,14:00,Welding,Warehouse,Welding screen missing in shared work area.,Near Miss,36.3,MEDIUM,Clear,Day,72,0,1
INC-V3-1422,2025-09-08,19:00,Scaffolding,Building Site,Incomplete scaffold tagging system observed.,Moderate,36.0,MEDIUM,Rain,Night,92,0,5
INC-V3-1423,2024-03-23,09:07,Welding,Building Site,Inadequate ventilation observed during welding task.,Moderate,63.5,HIGH,Rain,Day,70,3,2
INC-V3-1424,2025-12-21,10:27,Working at Height,Roof,Fall arrest harness not properly anchored.,Moderate,71.7,CRITICAL,Adverse,Day,73,1,4
INC-V3-1425,2025-03-03,18:07,Confined Space,Electrical Room,Ventilation equipment not in place for confined space entry.,Near Miss,56.5,HIGH,Clear,Day,82,1,9
INC-V3-1426,2024-03-22,17:19,Excavation,Excavation Area,Spoil pile placed too close to excavation edge.,Near Miss,39.5,MEDIUM,Clear,Day,90,0,6
INC-V3-1427,2025-02-19,12:32,Lifting,Warehouse,Exclusion zone around lift not maintained.,Near Miss,57.0,HIGH,Windy,Day,78,2,4
INC-V3-1428,2024-02-29,22:34,Scaffolding,Scaffolding Area,Incomplete scaffold tagging system observed.,Major,53.1,HIGH,Clear,Night,66,1,5
INC-V3-1429,2025-01-03,17:07,Excavation,Excavation Area,Spoil pile placed too close to excavation edge.,Moderate,63.0,HIGH,Clear,Day,78,2,7
INC-V3-1430,2025-04-02,22:16,Material Handling,Loading Area,Manual handling of heavy load without mechanical aid.,Minor,14.7,LOW,Clear,Night,100,0,4
INC-V3-1431,2025-12-16,13:46,Lifting,Loading Area,Rigging inspection not completed before lift.,Near Miss,32.9,MEDIUM,Clear,Day,100,0,12
INC-V3-1432,2025-05-12,07:10,Vehicle Movement,Road/Access Area,Vehicle observed exceeding site speed limit.,Minor,62.7,HIGH,Clear,Day,67,3,3
INC-V3-1433,2025-03-27,17:00,Welding,Warehouse,Welding conducted near flammable materials.,Minor,48.8,HIGH,Windy,Day,68,0,5
INC-V3-1434,2024-11-01,23:16,Housekeeping,Building Site,Tools left in walking path after task completion.,Minor,17.3,LOW,Windy,Night,95,0,6
INC-V3-1435,2024-04-29,08:42,Working at Height,Building Site,Fall arrest harness not properly anchored.,Moderate,36.3,MEDIUM,Clear,Day,86,0,5
INC-V3-1436,2024-03-31,22:19,Lifting,Loading Area,Improper lifting zone setup observed.,Near Miss,35.8,MEDIUM,Clear,Night,83,0,2
INC-V3-1437,2025-01-10,15:39,Excavation,Road/Access Area,Spoil pile placed too close to excavation edge.,Major,77.7,CRITICAL,Adverse,Day,82,3,1
INC-V3-1438,2024-04-29,11:54,Confined Space,Electrical Room,No standby attendant present during confined space work.,Near Miss,50.4,HIGH,Clear,Day,76,0,6
INC-V3-1439,2024-04-17,06:28,Confined Space,Electrical Room,Ventilation equipment not in place for confined space entry.,Major,58.0,HIGH,Adverse,Day,83,0,5
INC-V3-1440,2024-10-01,20:07,Electrical Work,Electrical Room,Improper lockout/tagout procedure observed.,Near Miss,33.3,MEDIUM,Windy,Night,86,0,8
INC-V3-1441,2025-10-20,06:37,Working at Height,Roof,Fall arrest harness not properly anchored.,Minor,70.7,CRITICAL,Rain,Day,68,0,5
INC-V3-1442,2026-01-09,20:20,Vehicle Movement,Road/Access Area,Blind spot hazard noted at site access road.,Moderate,35.8,MEDIUM,Adverse,Night,95,0,7
INC-V3-1443,2025-01-14,19:33,Electrical Work,Electrical Room,Improper lockout/tagout procedure observed.,Near Miss,54.4,HIGH,Rain,Night,56,0,1
INC-V3-1444,2025-09-13,09:32,Electrical Work,Building Site,Damaged electrical cable observed.,Minor,56.7,HIGH,Rain,Day,57,0,6
INC-V3-1445,2024-03-22,12:04,Excavation,Excavation Area,No safe access/egress ladder provided in trench.,Minor,63.4,HIGH,Clear,Day,64,0,7
INC-V3-1446,2025-01-24,08:49,Excavation,Excavation Area,No safe access/egress ladder provided in trench.,Near Miss,38.2,MEDIUM,Clear,Day,100,0,8
INC-V3-1447,2025-03-14,07:34,Welding,Building Site,Welding screen missing in shared work area.,Minor,25.3,LOW,Clear,Day,80,0,4
INC-V3-1448,2024-01-06,12:18,Housekeeping,Building Site,Debris accumulation observed in walkway.,Moderate,29.9,MEDIUM,Rain,Day,66,0,5
INC-V3-1449,2025-07-11,07:03,Material Handling,Warehouse,Obstructed walkway due to stored materials.,Moderate,37.7,MEDIUM,Adverse,Day,82,0,1
INC-V3-1450,2024-03-18,08:56,Scaffolding,Building Site,Missing guardrail on scaffold platform.,Minor,49.6,HIGH,Rain,Day,63,0,5
INC-V3-1451,2024-08-02,18:01,Material Handling,Loading Area,Stacked materials observed in an unstable configuration.,Minor,31.6,MEDIUM,Clear,Day,67,0,2
INC-V3-1452,2024-08-04,15:18,Scaffolding,Scaffolding Area,"Scaffold base observed on uneven, unstable ground.",Near Miss,30.0,MEDIUM,Clear,Day,85,0,6
INC-V3-1453,2024-11-01,19:32,Confined Space,Electrical Room,Confined space entry without atmospheric testing.,Near Miss,31.7,MEDIUM,Clear,Night,100,0,5
INC-V3-1454,2024-02-01,15:05,Vehicle Movement,Road/Access Area,Vehicle reversing without a spotter present.,Near Miss,42.7,MEDIUM,Clear,Day,59,0,3
INC-V3-1455,2024-12-15,20:17,Vehicle Movement,Road/Access Area,Vehicle observed exceeding site speed limit.,Major,55.6,HIGH,Clear,Night,93,2,11
INC-V3-1456,2025-07-21,12:33,Material Handling,Warehouse,Stacked materials observed in an unstable configuration.,Moderate,21.8,LOW,Clear,Day,100,1,9
INC-V3-1457,2025-02-28,14:29,Lifting,Building Site,Load exceeded rated capacity of lifting equipment.,Moderate,32.1,MEDIUM,Rain,Day,100,0,1
INC-V3-1458,2024-01-21,16:17,Vehicle Movement,Loading Area,Vehicle observed exceeding site speed limit.,Near Miss,20.1,LOW,Clear,Day,87,0,7
INC-V3-1459,2024-08-02,11:22,Lifting,Building Site,Improper lifting zone setup observed.,Minor,33.0,MEDIUM,Adverse,Day,93,0,7
INC-V3-1460,2025-11-20,17:54,Welding,Warehouse,Fire watch not posted during hot work.,Moderate,50.6,HIGH,Clear,Day,93,3,8
INC-V3-1461,2025-03-09,10:40,Scaffolding,Building Site,"Scaffold base observed on uneven, unstable ground.",Moderate,58.8,HIGH,Windy,Day,63,0,8
INC-V3-1462,2024-01-30,13:08,Vehicle Movement,Road/Access Area,Pedestrian and vehicle routes not segregated.,Minor,56.3,HIGH,Rain,Day,79,2,10
INC-V3-1463,2024-11-26,18:36,Confined Space,Electrical Room,Emergency retrieval system not set up before entry.,Near Miss,61.0,HIGH,Clear,Day,62,0,9
INC-V3-1464,2024-12-23,17:17,Confined Space,Electrical Room,Emergency retrieval system not set up before entry.,Near Miss,59.3,HIGH,Clear,Day,63,0,5
INC-V3-1465,2025-06-05,08:57,Material Handling,Loading Area,Stacked materials observed in an unstable configuration.,Major,43.7,MEDIUM,Adverse,Day,99,1,8
INC-V3-1466,2024-07-12,14:53,Welding,Warehouse,Fire watch not posted during hot work.,Near Miss,27.3,LOW,Clear,Day,90,1,4
INC-V3-1467,2025-08-31,10:15,Working at Height,Roof,Ladder used beyond recommended height without stabilization.,Major,47.0,MEDIUM,Clear,Day,97,1,3
INC-V3-1468,2024-05-26,15:47,Excavation,Road/Access Area,Inadequate barricading around excavation area.,Minor,67.4,CRITICAL,Adverse,Day,74,0,7
INC-V3-1469,2025-01-23,07:16,Material Handling,Loading Area,Obstructed walkway due to stored materials.,Minor,39.3,MEDIUM,Clear,Day,67,0,6
INC-V3-1470,2025-11-15,12:30,Confined Space,Excavation Area,No standby attendant present during confined space work.,Near Miss,47.7,MEDIUM,Rain,Day,87,0,9
INC-V3-1471,2025-05-31,11:38,Working at Height,Building Site,Unprotected edge observed during elevated work.,Near Miss,25.4,LOW,Clear,Day,100,0,3
INC-V3-1472,2025-08-29,13:46,Scaffolding,Scaffolding Area,Missing guardrail on scaffold platform.,Near Miss,32.7,MEDIUM,Clear,Day,90,0,6
INC-V3-1473,2024-08-09,22:42,Vehicle Movement,Road/Access Area,Vehicle reversing without a spotter present.,Near Miss,35.9,MEDIUM,Rain,Night,71,0,6
INC-V3-1474,2024-05-24,18:42,Electrical Work,Building Site,Damaged electrical cable observed.,Moderate,43.7,MEDIUM,Adverse,Day,99,0,1
INC-V3-1475,2024-12-21,07:07,Working at Height,Scaffolding Area,Fall arrest harness not properly anchored.,Minor,53.4,HIGH,Adverse,Day,91,0,3
INC-V3-1476,2025-08-23,16:03,Vehicle Movement,Road/Access Area,Blind spot hazard noted at site access road.,Minor,41.2,MEDIUM,Adverse,Day,87,0,10
INC-V3-1477,2025-05-19,17:10,Lifting,Building Site,Exclusion zone around lift not maintained.,Minor,59.9,HIGH,Rain,Day,79,2,2
INC-V3-1478,2025-01-22,15:39,Vehicle Movement,Road/Access Area,Pedestrian and vehicle routes not segregated.,Minor,60.5,HIGH,Rain,Day,74,3,8
INC-V3-1479,2025-12-28,23:12,Housekeeping,Building Site,Debris accumulation observed in walkway.,Near Miss,24.8,LOW,Rain,Night,84,0,1
INC-V3-1480,2024-10-19,08:19,Electrical Work,Electrical Room,Improper lockout/tagout procedure observed.,Near Miss,63.8,HIGH,Adverse,Day,77,1,1
INC-V3-1481,2024-05-22,22:06,Scaffolding,Building Site,Scaffold access partially obstructed.,Major,51.4,HIGH,Rain,Night,64,0,3
INC-V3-1482,2025-04-09,08:41,Scaffolding,Scaffolding Area,"Scaffold base observed on uneven, unstable ground.",Moderate,37.3,MEDIUM,Rain,Day,98,0,3
INC-V3-1483,2024-05-01,06:03,Material Handling,Loading Area,Obstructed walkway due to stored materials.,Moderate,44.2,MEDIUM,Adverse,Day,80,0,3
INC-V3-1484,2025-10-03,14:18,Housekeeping,Warehouse,Tools left in walking path after task completion.,Near Miss,16.6,LOW,Clear,Day,100,1,8
INC-V3-1485,2025-11-27,13:58,Confined Space,Excavation Area,Emergency retrieval system not set up before entry.,Near Miss,61.8,HIGH,Rain,Day,82,1,4
INC-V3-1486,2025-08-27,06:53,Electrical Work,Building Site,Exposed wiring near a wet work area.,Major,33.9,MEDIUM,Windy,Day,71,0,6
INC-V3-1487,2025-06-24,22:47,Lifting,Warehouse,Load exceeded rated capacity of lifting equipment.,Near Miss,26.0,LOW,Clear,Night,74,0,8
INC-V3-1488,2024-07-22,15:11,Scaffolding,Building Site,Incomplete scaffold tagging system observed.,Near Miss,41.3,MEDIUM,Clear,Day,44,0,1
INC-V3-1489,2025-06-18,23:19,Working at Height,Scaffolding Area,Unprotected edge observed during elevated work.,Near Miss,43.2,MEDIUM,Clear,Night,96,0,9
INC-V3-1490,2025-09-12,15:56,Electrical Work,Electrical Room,Improper lockout/tagout procedure observed.,Major,79.2,CRITICAL,Adverse,Day,79,2,11
INC-V3-1491,2025-10-21,07:25,Welding,Building Site,Fire watch not posted during hot work.,Minor,16.0,LOW,Clear,Day,89,0,11
INC-V3-1492,2024-08-12,08:43,Confined Space,Electrical Room,Ventilation equipment not in place for confined space entry.,Moderate,64.7,HIGH,Windy,Day,75,0,7
INC-V3-1493,2024-10-12,17:14,Excavation,Excavation Area,Inadequate barricading around excavation area.,Moderate,46.0,MEDIUM,Clear,Day,82,0,8
INC-V3-1494,2024-10-12,17:46,Housekeeping,Warehouse,Debris accumulation observed in walkway.,Near Miss,28.0,LOW,Adverse,Day,85,1,5
INC-V3-1495,2025-01-10,21:15,Welding,Building Site,Welding conducted near flammable materials.,Major,46.6,MEDIUM,Windy,Night,71,1,6
INC-V3-1496,2024-02-09,11:10,Housekeeping,Building Site,Spilled material not cleaned up promptly.,Minor,57.3,HIGH,Adverse,Day,83,3,7
INC-V3-1497,2024-10-05,09:29,Excavation,Road/Access Area,No safe access/egress ladder provided in trench.,Moderate,55.4,HIGH,Adverse,Day,100,0,3
INC-V3-1498,2024-10-30,06:25,Scaffolding,Scaffolding Area,"Scaffold base observed on uneven, unstable ground.",Near Miss,21.9,LOW,Clear,Day,100,0,7
INC-V3-1499,2025-09-22,22:35,Material Handling,Loading Area,Improper storage of materials near a walkway.,Major,22.6,LOW,Clear,Night,75,0,2
INC-V3-1500,2024-09-16,15:56,Electrical Work,Electrical Room,Live electrical panel left unlocked and unattended.,Minor,62.2,HIGH,Rain,Day,82,1,5
INC-V3-1501,2025-06-26,17:56,Confined Space,Excavation Area,No standby attendant present during confined space work.,Near Miss,63.5,HIGH,Rain,Day,58,0,1
INC-V3-1502,2024-11-23,08:23,Electrical Work,Building Site,Damaged electrical cable observed.,Minor,48.9,HIGH,Rain,Day,73,0,11
INC-V3-1503,2026-01-06,09:15,Material Handling,Warehouse,Improper storage of materials near a walkway.,Near Miss,8.5,LOW,Clear,Day,85,0,6
INC-V3-1504,2025-11-22,15:27,Scaffolding,Scaffolding Area,Scaffold access partially obstructed.,Minor,81.8,CRITICAL,Adverse,Day,68,1,10
INC-V3-1505,2024-05-09,23:33,Lifting,Loading Area,Load exceeded rated capacity of lifting equipment.,Minor,35.5,MEDIUM,Rain,Night,74,0,4
INC-V3-1506,2024-02-08,19:12,Excavation,Road/Access Area,Inadequate barricading around excavation area.,Minor,46.3,MEDIUM,Adverse,Night,96,0,9
INC-V3-1507,2025-06-15,23:12,Confined Space,Electrical Room,Emergency retrieval system not set up before entry.,Major,82.9,CRITICAL,Rain,Night,62,2,9
INC-V3-1508,2025-09-05,22:16,Lifting,Building Site,Load exceeded rated capacity of lifting equipment.,Near Miss,20.1,LOW,Clear,Night,97,0,5
INC-V3-1509,2024-05-18,17:55,Material Handling,Loading Area,Improper storage of materials near a walkway.,Moderate,58.2,HIGH,Adverse,Day,76,2,4
INC-V3-1510,2024-06-08,10:39,Scaffolding,Building Site,Incomplete scaffold tagging system observed.,Minor,47.2,MEDIUM,Rain,Day,67,0,5
INC-V3-1511,2024-04-12,18:49,Electrical Work,Electrical Room,Live electrical panel left unlocked and unattended.,Minor,31.1,MEDIUM,Clear,Day,91,0,7
INC-V3-1512,2025-12-18,18:16,Electrical Work,Electrical Room,Live electrical panel left unlocked and unattended.,Minor,38.0,MEDIUM,Clear,Day,76,0,5
INC-V3-1513,2024-04-17,20:03,Confined Space,Electrical Room,Ventilation equipment not in place for confined space entry.,Minor,48.4,HIGH,Rain,Night,100,0,1
INC-V3-1514,2024-06-08,21:20,Excavation,Road/Access Area,No safe access/egress ladder provided in trench.,Major,54.0,HIGH,Adverse,Night,83,0,8
INC-V3-1515,2024-09-15,21:55,Scaffolding,Building Site,Incomplete scaffold tagging system observed.,Minor,62.4,HIGH,Adverse,Night,79,1,4
INC-V3-1516,2025-11-22,21:37,Welding,Warehouse,Welding conducted near flammable materials.,Near Miss,14.2,LOW,Clear,Night,97,0,10
INC-V3-1517,2024-07-04,23:06,Working at Height,Roof,Unprotected edge observed during elevated work.,Moderate,61.4,HIGH,Clear,Night,62,0,7
INC-V3-1518,2025-03-27,08:59,Lifting,Warehouse,Rigging inspection not completed before lift.,Minor,23.9,LOW,Clear,Day,94,0,7
INC-V3-1519,2025-09-09,23:38,Electrical Work,Building Site,Damaged electrical cable observed.,Near Miss,31.9,MEDIUM,Clear,Night,85,0,2
INC-V3-1520,2024-05-24,09:31,Welding,Warehouse,Fire watch not posted during hot work.,Minor,52.0,HIGH,Windy,Day,84,2,1
INC-V3-1521,2024-03-21,08:29,Vehicle Movement,Road/Access Area,Vehicle observed exceeding site speed limit.,Moderate,23.1,LOW,Clear,Day,100,0,9
INC-V3-1522,2024-04-16,12:18,Scaffolding,Scaffolding Area,Scaffold access partially obstructed.,Minor,27.7,LOW,Clear,Day,89,0,2
INC-V3-1523,2026-01-10,08:34,Housekeeping,Warehouse,Obstruction observed blocking emergency access route.,Major,8.7,LOW,Clear,Day,84,0,1
INC-V3-1524,2024-06-26,18:01,Housekeeping,Building Site,Tools left in walking path after task completion.,Near Miss,20.1,LOW,Clear,Day,84,1,8
INC-V3-1525,2024-12-22,18:40,Electrical Work,Building Site,Damaged electrical cable observed.,Minor,28.5,MEDIUM,Clear,Day,82,0,3
INC-V3-1526,2025-02-10,12:22,Welding,Building Site,Fire watch not posted during hot work.,Near Miss,30.2,MEDIUM,Clear,Day,86,1,5
INC-V3-1527,2024-08-17,11:16,Scaffolding,Building Site,Missing guardrail on scaffold platform.,Major,79.5,CRITICAL,Adverse,Day,68,2,9
INC-V3-1528,2024-09-22,09:40,Confined Space,Electrical Room,No standby attendant present during confined space work.,Minor,50.1,HIGH,Adverse,Day,85,0,7
INC-V3-1529,2025-07-15,12:16,Electrical Work,Electrical Room,Improper lockout/tagout procedure observed.,Moderate,59.6,HIGH,Rain,Day,74,1,5
INC-V3-1530,2025-10-01,06:03,Lifting,Warehouse,Improper lifting zone setup observed.,Minor,36.3,MEDIUM,Clear,Day,77,0,10
INC-V3-1531,2024-06-22,08:47,Electrical Work,Building Site,Damaged electrical cable observed.,Minor,44.4,MEDIUM,Rain,Day,87,1,5
INC-V3-1532,2024-11-02,18:22,Welding,Warehouse,Inadequate ventilation observed during welding task.,Minor,13.9,LOW,Clear,Day,85,0,6
INC-V3-1533,2024-04-03,21:31,Working at Height,Roof,Ladder used beyond recommended height without stabilization.,Moderate,82.2,CRITICAL,Adverse,Night,63,1,2
INC-V3-1534,2024-06-28,19:37,Confined Space,Electrical Room,Emergency retrieval system not set up before entry.,Moderate,38.6,MEDIUM,Clear,Night,90,0,1
INC-V3-1535,2024-11-25,06:50,Welding,Warehouse,Welding screen missing in shared work area.,Minor,31.6,MEDIUM,Rain,Day,83,0,7
INC-V3-1536,2025-04-07,09:22,Electrical Work,Electrical Room,Live electrical panel left unlocked and unattended.,Moderate,72.7,CRITICAL,Adverse,Day,60,0,6
INC-V3-1537,2024-02-07,10:59,Working at Height,Roof,Fall arrest harness not properly anchored.,Minor,64.8,HIGH,Clear,Day,71,1,11
INC-V3-1538,2024-08-13,13:57,Housekeeping,Building Site,Debris accumulation observed in walkway.,Near Miss,14.6,LOW,Clear,Day,89,0,10
INC-V3-1539,2024-03-18,23:23,Material Handling,Loading Area,Improper storage of materials near a walkway.,Moderate,65.7,CRITICAL,Clear,Night,48,3,2
INC-V3-1540,2024-06-16,09:46,Scaffolding,Building Site,"Scaffold base observed on uneven, unstable ground.",Near Miss,54.4,HIGH,Clear,Day,84,2,3
INC-V3-1541,2024-01-19,18:52,Excavation,Excavation Area,Inadequate barricading around excavation area.,Near Miss,53.0,HIGH,Rain,Day,71,1,3
INC-V3-1542,2025-09-07,09:25,Scaffolding,Building Site,Scaffold access partially obstructed.,Minor,40.5,MEDIUM,Windy,Day,79,0,7
INC-V3-1543,2024-07-01,13:55,Excavation,Road/Access Area,Spoil pile placed too close to excavation edge.,Moderate,60.9,HIGH,Clear,Day,48,0,10
INC-V3-1544,2025-04-24,17:14,Confined Space,Excavation Area,Confined space entry without atmospheric testing.,Moderate,62.3,HIGH,Clear,Day,69,0,2
INC-V3-1545,2025-12-03,08:39,Lifting,Building Site,Rigging inspection not completed before lift.,Near Miss,22.5,LOW,Clear,Day,82,0,4
INC-V3-1546,2025-11-09,13:31,Electrical Work,Electrical Room,Damaged electrical cable observed.,Near Miss,47.6,MEDIUM,Rain,Day,72,0,5
INC-V3-1547,2025-01-11,19:43,Excavation,Excavation Area,Spoil pile placed too close to excavation edge.,Minor,68.1,CRITICAL,Windy,Night,65,1,3
INC-V3-1548,2025-08-27,16:35,Excavation,Road/Access Area,Excavation walls showing signs of instability.,Moderate,39.1,MEDIUM,Clear,Day,77,0,10
INC-V3-1549,2025-04-13,21:55,Lifting,Loading Area,Load exceeded rated capacity of lifting equipment.,Moderate,36.9,MEDIUM,Rain,Night,82,0,7
INC-V3-1550,2024-01-03,16:45,Material Handling,Warehouse,Stacked materials observed in an unstable configuration.,Minor,49.3,HIGH,Adverse,Day,83,1,6
INC-V3-1551,2024-10-23,12:35,Housekeeping,Warehouse,Obstruction observed blocking emergency access route.,Minor,46.6,MEDIUM,Adverse,Day,54,1,6
INC-V3-1552,2024-11-11,10:16,Electrical Work,Building Site,Improper lockout/tagout procedure observed.,Near Miss,33.1,MEDIUM,Clear,Day,84,0,1
INC-V3-1553,2024-05-09,16:38,Material Handling,Warehouse,Obstructed walkway due to stored materials.,Minor,61.3,HIGH,Clear,Day,60,3,10
INC-V3-1554,2025-05-28,11:33,Excavation,Excavation Area,Inadequate barricading around excavation area.,Near Miss,62.4,HIGH,Clear,Day,80,2,10
INC-V3-1555,2024-06-21,22:14,Excavation,Road/Access Area,Excavation walls showing signs of instability.,Near Miss,46.9,MEDIUM,Clear,Night,79,0,7
INC-V3-1556,2024-06-17,21:41,Material Handling,Loading Area,Manual handling of heavy load without mechanical aid.,Moderate,48.8,HIGH,Adverse,Night,96,2,6
INC-V3-1557,2025-05-30,09:29,Material Handling,Warehouse,Obstructed walkway due to stored materials.,Moderate,12.9,LOW,Clear,Day,91,0,4
INC-V3-1558,2025-07-24,17:41,Scaffolding,Building Site,Incomplete scaffold tagging system observed.,Near Miss,45.5,MEDIUM,Rain,Day,65,0,1
INC-V3-1559,2024-08-14,09:49,Lifting,Warehouse,Improper lifting zone setup observed.,Near Miss,20.9,LOW,Clear,Day,97,0,4
INC-V3-1560,2025-08-29,10:28,Working at Height,Scaffolding Area,Fall arrest harness not properly anchored.,Moderate,49.9,HIGH,Rain,Day,100,0,4
INC-V3-1561,2024-08-06,18:33,Housekeeping,Building Site,Obstruction observed blocking emergency access route.,Moderate,27.3,LOW,Clear,Day,67,0,8
INC-V3-1562,2025-06-21,09:36,Vehicle Movement,Loading Area,Pedestrian and vehicle routes not segregated.,Moderate,53.3,HIGH,Clear,Day,100,3,11
INC-V3-1563,2024-03-02,19:30,Material Handling,Loading Area,Manual handling of heavy load without mechanical aid.,Near Miss,34.9,MEDIUM,Windy,Night,87,1,6
INC-V3-1564,2026-01-17,23:49,Material Handling,Warehouse,Obstructed walkway due to stored materials.,Minor,21.9,LOW,Rain,Night,100,1,6
INC-V3-1565,2025-01-12,17:08,Housekeeping,Warehouse,Debris accumulation observed in walkway.,Near Miss,1.8,LOW,Clear,Day,93,0,5
INC-V3-1566,2024-05-17,15:21,Material Handling,Warehouse,Improper storage of materials near a walkway.,Major,39.2,MEDIUM,Clear,Day,60,1,5
INC-V3-1567,2024-12-10,11:25,Lifting,Building Site,Improper lifting zone setup observed.,Minor,37.3,MEDIUM,Clear,Day,72,0,4
INC-V3-1568,2024-10-30,18:02,Vehicle Movement,Loading Area,Vehicle observed exceeding site speed limit.,Minor,27.4,LOW,Clear,Day,74,0,10
INC-V3-1569,2024-10-27,08:41,Vehicle Movement,Road/Access Area,Vehicle observed exceeding site speed limit.,Near Miss,24.9,LOW,Rain,Day,93,0,4
INC-V3-1570,2024-04-25,17:33,Lifting,Warehouse,Rigging inspection not completed before lift.,Minor,33.1,MEDIUM,Clear,Day,90,0,1
INC-V3-1571,2025-02-15,14:08,Confined Space,Excavation Area,No standby attendant present during confined space work.,Major,49.3,HIGH,Clear,Day,78,0,5
INC-V3-1572,2025-09-21,15:06,Material Handling,Warehouse,Improper storage of materials near a walkway.,Minor,24.5,LOW,Clear,Day,86,1,1
INC-V3-1573,2024-04-23,22:42,Confined Space,Excavation Area,Confined space entry without atmospheric testing.,Moderate,71.4,CRITICAL,Clear,Night,86,3,4
INC-V3-1574,2024-07-11,12:15,Lifting,Warehouse,Exclusion zone around lift not maintained.,Major,35.8,MEDIUM,Clear,Day,100,1,9
INC-V3-1575,2025-02-25,12:54,Lifting,Warehouse,Load exceeded rated capacity of lifting equipment.,Moderate,32.6,MEDIUM,Windy,Day,73,0,3
INC-V3-1576,2025-12-19,16:01,Lifting,Loading Area,Rigging inspection not completed before lift.,Near Miss,38.1,MEDIUM,Clear,Day,83,0,7
INC-V3-1577,2024-09-16,12:18,Housekeeping,Building Site,Tools left in walking path after task completion.,Minor,44.9,MEDIUM,Adverse,Day,53,0,1
INC-V3-1578,2024-04-27,11:10,Housekeeping,Building Site,Spilled material not cleaned up promptly.,Minor,38.7,MEDIUM,Rain,Day,60,0,1
INC-V3-1579,2024-12-24,13:46,Electrical Work,Electrical Room,Improper lockout/tagout procedure observed.,Minor,28.5,MEDIUM,Clear,Day,90,0,4
INC-V3-1580,2026-01-15,09:54,Welding,Building Site,Welding conducted near flammable materials.,Near Miss,35.7,MEDIUM,Windy,Day,76,0,7
INC-V3-1581,2024-04-15,12:08,Scaffolding,Scaffolding Area,"Scaffold base observed on uneven, unstable ground.",Minor,57.8,HIGH,Adverse,Day,79,0,3
INC-V3-1582,2024-07-24,13:52,Working at Height,Building Site,Worker observed near roof edge without guardrail.,Moderate,36.5,MEDIUM,Clear,Day,100,1,6
INC-V3-1583,2025-02-16,22:19,Lifting,Building Site,Exclusion zone around lift not maintained.,Moderate,22.0,LOW,Clear,Night,88,0,7
INC-V3-1584,2026-01-06,18:49,Housekeeping,Building Site,Spilled material not cleaned up promptly.,Moderate,28.0,MEDIUM,Adverse,Day,97,0,5
INC-V3-1585,2024-10-13,23:57,Excavation,Excavation Area,Inadequate barricading around excavation area.,Major,43.6,MEDIUM,Clear,Night,79,0,6
INC-V3-1586,2025-09-20,10:56,Confined Space,Electrical Room,Confined space entry without atmospheric testing.,Moderate,64.4,HIGH,Windy,Day,47,1,2
INC-V3-1587,2025-06-03,14:54,Excavation,Road/Access Area,Spoil pile placed too close to excavation edge.,Moderate,31.8,MEDIUM,Clear,Day,90,0,6
INC-V3-1588,2026-01-08,11:12,Material Handling,Loading Area,Obstructed walkway due to stored materials.,Minor,21.6,LOW,Clear,Day,92,0,7
INC-V3-1589,2024-09-27,17:46,Welding,Building Site,Inadequate ventilation observed during welding task.,Minor,36.6,MEDIUM,Rain,Day,86,1,3
INC-V3-1590,2025-03-03,11:39,Excavation,Road/Access Area,Inadequate barricading around excavation area.,Minor,46.8,MEDIUM,Windy,Day,78,0,8
INC-V3-1591,2025-10-28,07:41,Material Handling,Loading Area,Obstructed walkway due to stored materials.,Near Miss,33.2,MEDIUM,Clear,Day,58,0,5
INC-V3-1592,2024-11-26,10:38,Housekeeping,Building Site,Debris accumulation observed in walkway.,Minor,11.2,LOW,Clear,Day,89,0,9
INC-V3-1593,2024-03-19,08:10,Confined Space,Excavation Area,Emergency retrieval system not set up before entry.,Minor,48.7,HIGH,Clear,Day,78,1,4
INC-V3-1594,2024-04-23,16:32,Vehicle Movement,Road/Access Area,Blind spot hazard noted at site access road.,Near Miss,39.1,MEDIUM,Clear,Day,70,0,10
INC-V3-1595,2024-10-27,20:52,Material Handling,Loading Area,Manual handling of heavy load without mechanical aid.,Minor,32.3,MEDIUM,Adverse,Night,94,0,6
INC-V3-1596,2025-06-29,21:54,Excavation,Excavation Area,No safe access/egress ladder provided in trench.,Minor,28.2,MEDIUM,Clear,Night,94,0,8
INC-V3-1597,2024-08-05,22:22,Working at Height,Building Site,Ladder used beyond recommended height without stabilization.,Near Miss,36.0,MEDIUM,Clear,Night,100,0,6
INC-V3-1598,2025-12-08,07:30,Welding,Building Site,Welding conducted near flammable materials.,Moderate,54.2,HIGH,Adverse,Day,49,0,8
INC-V3-1599,2024-10-06,14:14,Excavation,Excavation Area,Inadequate barricading around excavation area.,Major,49.1,HIGH,Windy,Day,79,0,7
INC-V3-1600,2025-11-22,23:30,Working at Height,Roof,Ladder used beyond recommended height without stabilization.,Near Miss,58.2,HIGH,Clear,Night,63,0,2
INC-V3-1601,2025-12-20,20:54,Welding,Warehouse,Inadequate ventilation observed during welding task.,Near Miss,44.8,MEDIUM,Clear,Night,60,0,10
INC-V3-1602,2025-11-01,20:17,Electrical Work,Building Site,Damaged electrical cable observed.,Moderate,71.9,CRITICAL,Adverse,Night,64,1,3
INC-V3-1603,2024-03-01,18:16,Electrical Work,Electrical Room,Improper lockout/tagout procedure observed.,Moderate,47.9,MEDIUM,Adverse,Day,100,0,6
INC-V3-1604,2024-01-28,21:55,Lifting,Warehouse,Load exceeded rated capacity of lifting equipment.,Minor,26.8,LOW,Clear,Night,70,0,4
INC-V3-1605,2024-05-03,16:52,Welding,Warehouse,Inadequate ventilation observed during welding task.,Near Miss,46.7,MEDIUM,Rain,Day,43,0,7
INC-V3-1606,2024-12-15,20:08,Vehicle Movement,Road/Access Area,Blind spot hazard noted at site access road.,Major,72.3,CRITICAL,Clear,Night,64,3,5
INC-V3-1607,2025-08-01,19:17,Excavation,Excavation Area,Spoil pile placed too close to excavation edge.,Minor,66.8,CRITICAL,Adverse,Night,68,0,9
INC-V3-1608,2024-06-23,16:02,Scaffolding,Scaffolding Area,Incomplete scaffold tagging system observed.,Minor,53.9,HIGH,Clear,Day,96,2,7
INC-V3-1609,2025-11-26,14:23,Housekeeping,Building Site,Debris accumulation observed in walkway.,Major,45.1,MEDIUM,Rain,Day,68,0,7
INC-V3-1610,2025-05-29,08:19,Vehicle Movement,Loading Area,Vehicle observed exceeding site speed limit.,Near Miss,25.7,LOW,Clear,Day,100,0,7
INC-V3-1611,2025-02-18,10:38,Housekeeping,Building Site,Debris accumulation observed in walkway.,Near Miss,18.0,LOW,Clear,Day,100,1,4
INC-V3-1612,2024-11-21,23:29,Working at Height,Building Site,Ladder used beyond recommended height without stabilization.,Minor,45.4,MEDIUM,Rain,Night,85,0,4
INC-V3-1613,2025-06-23,12:51,Scaffolding,Building Site,Scaffold access partially obstructed.,Minor,26.4,LOW,Clear,Day,82,0,9
INC-V3-1614,2024-09-12,07:10,Scaffolding,Scaffolding Area,Missing guardrail on scaffold platform.,Major,40.6,MEDIUM,Clear,Day,83,0,3
INC-V3-1615,2025-12-10,23:18,Working at Height,Roof,Worker observed near roof edge without guardrail.,Major,51.0,HIGH,Clear,Night,70,0,6
INC-V3-1616,2024-03-16,13:46,Electrical Work,Electrical Room,Live electrical panel left unlocked and unattended.,Near Miss,33.6,MEDIUM,Clear,Day,92,0,2
INC-V3-1617,2025-03-03,14:06,Excavation,Excavation Area,Inadequate barricading around excavation area.,Near Miss,36.5,MEDIUM,Clear,Day,90,0,9
INC-V3-1618,2024-01-05,11:41,Working at Height,Scaffolding Area,Worker observed near roof edge without guardrail.,Moderate,54.6,HIGH,Clear,Day,36,0,4
INC-V3-1619,2024-05-25,07:59,Lifting,Loading Area,Exclusion zone around lift not maintained.,Minor,48.6,HIGH,Windy,Day,69,0,5
INC-V3-1620,2024-07-20,16:17,Housekeeping,Warehouse,Tools left in walking path after task completion.,Moderate,12.5,LOW,Clear,Day,79,0,7
INC-V3-1621,2025-09-18,19:06,Lifting,Loading Area,Exclusion zone around lift not maintained.,Minor,34.5,MEDIUM,Clear,Night,72,0,6
INC-V3-1622,2025-01-04,17:12,Material Handling,Loading Area,Stacked materials observed in an unstable configuration.,Near Miss,44.4,MEDIUM,Clear,Day,69,0,9
INC-V3-1623,2024-07-16,18:03,Excavation,Excavation Area,Excavation walls showing signs of instability.,Major,75.6,CRITICAL,Adverse,Day,66,0,10
INC-V3-1624,2024-05-17,13:00,Confined Space,Excavation Area,Ventilation equipment not in place for confined space entry.,Near Miss,58.2,HIGH,Clear,Day,52,0,5
INC-V3-1625,2025-03-10,13:27,Welding,Warehouse,Welding screen missing in shared work area.,Near Miss,27.1,LOW,Clear,Day,96,0,7
INC-V3-1626,2024-12-13,21:11,Housekeeping,Building Site,Obstruction observed blocking emergency access route.,Minor,42.6,MEDIUM,Windy,Night,61,0,11
INC-V3-1627,2025-04-27,16:13,Welding,Warehouse,Welding screen missing in shared work area.,Minor,38.4,MEDIUM,Clear,Day,57,0,8
INC-V3-1628,2025-03-08,23:55,Electrical Work,Building Site,Improper lockout/tagout procedure observed.,Moderate,50.7,HIGH,Clear,Night,56,0,6
INC-V3-1629,2025-09-19,12:48,Vehicle Movement,Loading Area,Vehicle reversing without a spotter present.,Minor,28.5,MEDIUM,Clear,Day,78,0,7
INC-V3-1630,2025-10-14,10:54,Housekeeping,Warehouse,Tools left in walking path after task completion.,Major,22.9,LOW,Clear,Day,80,1,5
INC-V3-1631,2024-06-16,13:26,Vehicle Movement,Loading Area,Vehicle observed exceeding site speed limit.,Major,37.2,MEDIUM,Windy,Day,77,0,7
INC-V3-1632,2025-11-03,22:43,Scaffolding,Scaffolding Area,Scaffold access partially obstructed.,Minor,44.3,MEDIUM,Clear,Night,74,0,11
INC-V3-1633,2024-01-27,11:14,Housekeeping,Building Site,Obstruction observed blocking emergency access route.,Near Miss,19.1,LOW,Clear,Day,73,0,8
INC-V3-1634,2025-02-23,18:56,Scaffolding,Scaffolding Area,Scaffold access partially obstructed.,Moderate,49.8,HIGH,Windy,Day,47,0,8
INC-V3-1635,2024-10-12,13:13,Housekeeping,Warehouse,Spilled material not cleaned up promptly.,Major,34.0,MEDIUM,Adverse,Day,84,0,6
INC-V3-1636,2024-12-02,21:51,Vehicle Movement,Road/Access Area,Blind spot hazard noted at site access road.,Near Miss,31.0,MEDIUM,Clear,Night,78,0,4
INC-V3-1637,2025-07-29,22:01,Material Handling,Loading Area,Obstructed walkway due to stored materials.,Minor,50.9,HIGH,Clear,Night,65,2,8
INC-V3-1638,2024-12-15,22:11,Excavation,Excavation Area,Excavation walls showing signs of instability.,Minor,49.9,HIGH,Windy,Night,87,1,5
INC-V3-1639,2025-02-06,10:50,Vehicle Movement,Loading Area,Pedestrian and vehicle routes not segregated.,Near Miss,32.9,MEDIUM,Adverse,Day,100,0,8
INC-V3-1640,2024-08-26,22:21,Working at Height,Scaffolding Area,Fall arrest harness not properly anchored.,Moderate,49.3,HIGH,Clear,Night,90,0,11
INC-V3-1641,2025-10-19,11:51,Working at Height,Scaffolding Area,Worker observed near roof edge without guardrail.,Minor,42.1,MEDIUM,Clear,Day,87,0,11
INC-V3-1642,2025-08-06,21:21,Material Handling,Warehouse,Improper storage of materials near a walkway.,Moderate,41.5,MEDIUM,Windy,Night,100,2,2
INC-V3-1643,2025-09-01,13:02,Housekeeping,Warehouse,Obstruction observed blocking emergency access route.,Minor,10.6,LOW,Clear,Day,88,0,14
INC-V3-1644,2025-08-20,12:20,Vehicle Movement,Road/Access Area,Blind spot hazard noted at site access road.,Moderate,38.7,MEDIUM,Rain,Day,88,2,6
INC-V3-1645,2025-12-09,10:31,Material Handling,Loading Area,Obstructed walkway due to stored materials.,Near Miss,23.1,LOW,Clear,Day,86,0,3
INC-V3-1646,2024-07-18,14:10,Electrical Work,Building Site,Live electrical panel left unlocked and unattended.,Near Miss,43.9,MEDIUM,Adverse,Day,88,0,5
INC-V3-1647,2025-10-02,14:46,Confined Space,Excavation Area,Ventilation equipment not in place for confined space entry.,Moderate,52.1,HIGH,Clear,Day,88,1,8
INC-V3-1648,2025-08-19,07:51,Vehicle Movement,Loading Area,Vehicle observed exceeding site speed limit.,Minor,19.2,LOW,Clear,Day,91,0,8
INC-V3-1649,2025-05-02,18:04,Scaffolding,Building Site,Scaffold access partially obstructed.,Minor,33.1,MEDIUM,Windy,Day,94,0,11
INC-V3-1650,2025-10-24,19:51,Electrical Work,Building Site,Exposed wiring near a wet work area.,Moderate,34.5,MEDIUM,Clear,Night,92,1,6
INC-V3-1651,2025-05-28,10:19,Welding,Building Site,Inadequate ventilation observed during welding task.,Near Miss,40.1,MEDIUM,Clear,Day,65,0,1
INC-V3-1652,2024-10-08,13:35,Welding,Warehouse,Inadequate ventilation observed during welding task.,Moderate,46.9,MEDIUM,Rain,Day,70,0,4
INC-V3-1653,2025-04-11,15:14,Lifting,Warehouse,Exclusion zone around lift not maintained.,Near Miss,30.0,MEDIUM,Clear,Day,83,0,6
INC-V3-1654,2025-11-02,15:15,Electrical Work,Building Site,Damaged electrical cable observed.,Near Miss,51.8,HIGH,Rain,Day,76,1,5
INC-V3-1655,2025-09-02,06:08,Scaffolding,Building Site,Missing guardrail on scaffold platform.,Moderate,53.2,HIGH,Windy,Day,69,0,3
INC-V3-1656,2024-06-04,23:04,Scaffolding,Building Site,"Scaffold base observed on uneven, unstable ground.",Near Miss,60.5,HIGH,Clear,Night,60,1,7
INC-V3-1657,2024-02-04,06:51,Scaffolding,Scaffolding Area,Incomplete scaffold tagging system observed.,Near Miss,32.0,MEDIUM,Clear,Day,93,0,3
INC-V3-1658,2025-08-23,12:54,Scaffolding,Building Site,Scaffold access partially obstructed.,Near Miss,30.7,MEDIUM,Rain,Day,100,0,7
INC-V3-1659,2025-03-22,11:15,Scaffolding,Scaffolding Area,Missing guardrail on scaffold platform.,Minor,54.0,HIGH,Rain,Day,76,1,9
INC-V3-1660,2024-11-09,06:51,Excavation,Excavation Area,Excavation walls showing signs of instability.,Moderate,43.5,MEDIUM,Clear,Day,94,0,2
INC-V3-1661,2024-01-26,08:49,Vehicle Movement,Road/Access Area,Pedestrian and vehicle routes not segregated.,Near Miss,17.3,LOW,Clear,Day,86,0,9
INC-V3-1662,2026-01-07,15:52,Excavation,Road/Access Area,Excavation walls showing signs of instability.,Moderate,63.1,HIGH,Rain,Day,57,0,6
INC-V3-1663,2024-05-28,17:45,Electrical Work,Electrical Room,Improper lockout/tagout procedure observed.,Major,58.5,HIGH,Clear,Day,79,2,5
INC-V3-1664,2024-08-14,18:11,Excavation,Road/Access Area,No safe access/egress ladder provided in trench.,Near Miss,44.9,MEDIUM,Clear,Day,77,0,4
INC-V3-1665,2024-03-22,13:03,Working at Height,Roof,Fall arrest harness not properly anchored.,Minor,83.6,CRITICAL,Rain,Day,81,3,2
INC-V3-1666,2024-11-16,17:34,Electrical Work,Electrical Room,Improper lockout/tagout procedure observed.,Major,58.6,HIGH,Rain,Day,60,0,5
INC-V3-1667,2025-11-19,12:35,Housekeeping,Building Site,Tools left in walking path after task completion.,Moderate,47.5,MEDIUM,Adverse,Day,64,0,6
INC-V3-1668,2024-06-09,16:50,Housekeeping,Warehouse,Tools left in walking path after task completion.,Minor,38.2,MEDIUM,Rain,Day,100,2,1
INC-V3-1669,2025-04-02,15:31,Working at Height,Roof,Worker observed near roof edge without guardrail.,Moderate,62.2,HIGH,Clear,Day,66,1,2
INC-V3-1670,2025-02-17,22:01,Electrical Work,Building Site,Improper lockout/tagout procedure observed.,Near Miss,22.9,LOW,Clear,Night,98,0,2
INC-V3-1671,2024-10-02,11:47,Working at Height,Building Site,Unprotected edge observed during elevated work.,Minor,52.9,HIGH,Clear,Day,100,2,4
INC-V3-1672,2025-06-16,10:54,Welding,Building Site,Welding conducted near flammable materials.,Moderate,60.5,HIGH,Windy,Day,49,1,8
INC-V3-1673,2025-07-31,11:34,Housekeeping,Warehouse,Spilled material not cleaned up promptly.,Near Miss,26.6,LOW,Adverse,Day,92,0,6
INC-V3-1674,2024-06-11,18:43,Vehicle Movement,Road/Access Area,Pedestrian and vehicle routes not segregated.,Moderate,35.3,MEDIUM,Clear,Day,78,0,6
INC-V3-1675,2024-01-20,10:51,Vehicle Movement,Road/Access Area,Vehicle reversing without a spotter present.,Moderate,52.3,HIGH,Clear,Day,68,0,6
INC-V3-1676,2024-03-01,13:51,Housekeeping,Building Site,Tools left in walking path after task completion.,Minor,15.2,LOW,Windy,Day,100,0,1
INC-V3-1677,2024-01-17,11:24,Confined Space,Excavation Area,Confined space entry without atmospheric testing.,Minor,56.3,HIGH,Clear,Day,70,1,10
INC-V3-1678,2024-06-21,15:52,Scaffolding,Scaffolding Area,Missing guardrail on scaffold platform.,Minor,45.6,MEDIUM,Clear,Day,94,1,5
INC-V3-1679,2025-12-13,12:35,Electrical Work,Building Site,Live electrical panel left unlocked and unattended.,Near Miss,45.9,MEDIUM,Clear,Day,87,2,1
INC-V3-1680,2024-06-07,15:34,Electrical Work,Building Site,Damaged electrical cable observed.,Near Miss,35.9,MEDIUM,Clear,Day,75,0,2
INC-V3-1681,2025-10-06,10:29,Welding,Building Site,Fire watch not posted during hot work.,Moderate,50.8,HIGH,Adverse,Day,75,0,6
INC-V3-1682,2025-03-18,12:04,Confined Space,Electrical Room,Confined space entry without atmospheric testing.,Near Miss,43.8,MEDIUM,Rain,Day,100,0,2
INC-V3-1683,2025-04-20,21:42,Working at Height,Building Site,Worker observed near roof edge without guardrail.,Near Miss,51.9,HIGH,Clear,Night,78,1,8
INC-V3-1684,2024-06-02,06:25,Material Handling,Warehouse,Improper storage of materials near a walkway.,Near Miss,20.5,LOW,Windy,Day,100,0,8
INC-V3-1685,2024-01-31,10:12,Electrical Work,Electrical Room,Improper lockout/tagout procedure observed.,Near Miss,42.9,MEDIUM,Clear,Day,98,1,10
INC-V3-1686,2025-10-24,20:22,Scaffolding,Scaffolding Area,"Scaffold base observed on uneven, unstable ground.",Moderate,37.0,MEDIUM,Clear,Night,82,0,7
INC-V3-1687,2024-11-02,15:05,Lifting,Loading Area,Rigging inspection not completed before lift.,Near Miss,27.7,LOW,Clear,Day,95,1,7
INC-V3-1688,2024-08-07,09:44,Material Handling,Warehouse,Obstructed walkway due to stored materials.,Major,24.8,LOW,Clear,Day,81,0,4
INC-V3-1689,2024-08-03,19:52,Housekeeping,Building Site,Spilled material not cleaned up promptly.,Near Miss,37.2,MEDIUM,Windy,Night,82,2,3
INC-V3-1690,2025-11-19,22:56,Confined Space,Excavation Area,No standby attendant present during confined space work.,Minor,45.2,MEDIUM,Clear,Night,72,0,1
INC-V3-1691,2024-02-06,22:02,Housekeeping,Warehouse,Debris accumulation observed in walkway.,Near Miss,14.1,LOW,Clear,Night,80,0,4
INC-V3-1692,2024-04-24,12:06,Electrical Work,Building Site,Damaged electrical cable observed.,Minor,42.8,MEDIUM,Rain,Day,71,0,5
INC-V3-1693,2024-09-25,17:50,Excavation,Excavation Area,Excavation walls showing signs of instability.,Moderate,47.4,MEDIUM,Rain,Day,77,0,10
INC-V3-1694,2025-12-04,07:24,Material Handling,Loading Area,Manual handling of heavy load without mechanical aid.,Major,15.9,LOW,Rain,Day,89,0,4
INC-V3-1695,2025-10-31,23:59,Housekeeping,Building Site,Tools left in walking path after task completion.,Moderate,34.7,MEDIUM,Clear,Night,48,0,3
INC-V3-1696,2025-04-27,17:50,Welding,Building Site,Fire watch not posted during hot work.,Near Miss,51.5,HIGH,Windy,Day,61,0,1
INC-V3-1697,2024-09-17,08:18,Welding,Warehouse,Fire watch not posted during hot work.,Near Miss,35.0,MEDIUM,Clear,Day,80,0,11
INC-V3-1698,2024-10-17,22:44,Housekeeping,Warehouse,Tools left in walking path after task completion.,Minor,12.4,LOW,Clear,Night,97,0,4
INC-V3-1699,2024-08-07,18:43,Excavation,Excavation Area,No safe access/egress ladder provided in trench.,Near Miss,45.3,MEDIUM,Clear,Day,73,0,7
INC-V3-1700,2024-08-19,12:42,Housekeeping,Warehouse,Tools left in walking path after task completion.,Moderate,32.8,MEDIUM,Adverse,Day,80,0,5
INC-V3-1701,2024-07-09,12:37,Housekeeping,Warehouse,Spilled material not cleaned up promptly.,Minor,9.3,LOW,Clear,Day,89,0,1
INC-V3-1702,2024-11-21,12:55,Confined Space,Excavation Area,Ventilation equipment not in place for confined space entry.,Minor,39.0,MEDIUM,Clear,Day,100,0,5
INC-V3-1703,2024-03-27,08:12,Housekeeping,Building Site,Spilled material not cleaned up promptly.,Minor,25.5,LOW,Clear,Day,30,0,6
INC-V3-1704,2024-12-13,07:19,Housekeeping,Warehouse,Tools left in walking path after task completion.,Moderate,41.6,MEDIUM,Clear,Day,78,3,7
INC-V3-1705,2024-08-17,12:22,Welding,Warehouse,Welding screen missing in shared work area.,Near Miss,45.6,MEDIUM,Clear,Day,54,1,7
INC-V3-1706,2024-01-05,15:29,Housekeeping,Building Site,Debris accumulation observed in walkway.,Near Miss,38.0,MEDIUM,Rain,Day,61,0,9
INC-V3-1707,2025-08-13,09:53,Confined Space,Excavation Area,Ventilation equipment not in place for confined space entry.,Moderate,49.9,HIGH,Rain,Day,95,0,1
INC-V3-1708,2025-08-23,18:48,Excavation,Excavation Area,No safe access/egress ladder provided in trench.,Minor,44.2,MEDIUM,Rain,Day,92,1,3
INC-V3-1709,2025-09-27,07:02,Vehicle Movement,Road/Access Area,Pedestrian and vehicle routes not segregated.,Near Miss,23.5,LOW,Rain,Day,100,0,3
INC-V3-1710,2025-09-01,15:12,Lifting,Loading Area,Improper lifting zone setup observed.,Minor,40.0,MEDIUM,Clear,Day,57,0,7
INC-V3-1711,2024-12-05,06:25,Excavation,Road/Access Area,Excavation walls showing signs of instability.,Moderate,39.1,MEDIUM,Rain,Day,88,0,3
INC-V3-1712,2024-05-03,08:16,Lifting,Loading Area,Exclusion zone around lift not maintained.,Moderate,37.0,MEDIUM,Clear,Day,72,0,4
INC-V3-1713,2025-06-08,21:42,Excavation,Excavation Area,Spoil pile placed too close to excavation edge.,Minor,37.4,MEDIUM,Clear,Night,78,0,3
INC-V3-1714,2024-03-11,10:12,Excavation,Excavation Area,Spoil pile placed too close to excavation edge.,Minor,48.2,HIGH,Windy,Day,75,0,4
INC-V3-1715,2025-03-12,12:30,Electrical Work,Electrical Room,Exposed wiring near a wet work area.,Near Miss,35.8,MEDIUM,Clear,Day,79,0,2
INC-V3-1716,2024-04-28,21:31,Material Handling,Warehouse,Stacked materials observed in an unstable configuration.,Near Miss,13.5,LOW,Clear,Night,96,0,2
INC-V3-1717,2024-06-08,06:27,Welding,Warehouse,Welding conducted near flammable materials.,Near Miss,27.1,LOW,Rain,Day,85,0,3
INC-V3-1718,2025-05-20,22:32,Working at Height,Building Site,Ladder used beyond recommended height without stabilization.,Minor,45.8,MEDIUM,Rain,Night,87,1,3
INC-V3-1719,2025-10-07,19:38,Working at Height,Building Site,Unprotected edge observed during elevated work.,Minor,43.9,MEDIUM,Clear,Night,91,1,2
INC-V3-1720,2024-09-14,09:41,Material Handling,Warehouse,Stacked materials observed in an unstable configuration.,Near Miss,20.6,LOW,Clear,Day,95,1,6
INC-V3-1721,2025-10-31,14:34,Material Handling,Loading Area,Manual handling of heavy load without mechanical aid.,Near Miss,36.9,MEDIUM,Clear,Day,47,0,7
INC-V3-1722,2024-07-12,23:43,Vehicle Movement,Road/Access Area,Blind spot hazard noted at site access road.,Near Miss,41.4,MEDIUM,Clear,Night,81,1,7
INC-V3-1723,2025-04-20,17:00,Working at Height,Roof,Unprotected edge observed during elevated work.,Major,55.5,HIGH,Clear,Day,79,0,7
INC-V3-1724,2025-11-14,17:44,Working at Height,Building Site,Fall arrest harness not properly anchored.,Minor,33.2,MEDIUM,Rain,Day,91,0,4
INC-V3-1725,2025-01-30,13:13,Housekeeping,Warehouse,Obstruction observed blocking emergency access route.,Near Miss,19.7,LOW,Adverse,Day,93,0,7
INC-V3-1726,2025-12-17,17:46,Electrical Work,Building Site,Exposed wiring near a wet work area.,Major,49.4,HIGH,Clear,Day,72,1,4
INC-V3-1727,2025-06-10,13:22,Excavation,Road/Access Area,Excavation walls showing signs of instability.,Minor,41.4,MEDIUM,Rain,Day,93,1,7
INC-V3-1728,2025-01-31,06:52,Confined Space,Electrical Room,Confined space entry without atmospheric testing.,Minor,46.9,MEDIUM,Clear,Day,70,0,5
INC-V3-1730,2025-12-22,19:21,Working at Height,Scaffolding Area,Ladder used beyond recommended height without stabilization.,Near Miss,81.9,CRITICAL,Rain,Night,44,1,3
INC-V3-1731,2025-01-06,15:31,Lifting,Building Site,Exclusion zone around lift not maintained.,Minor,52.6,HIGH,Clear,Day,68,1,6
INC-V3-1732,2024-10-09,20:41,Welding,Warehouse,Welding conducted near flammable materials.,Minor,29.1,MEDIUM,Clear,Night,75,0,8
INC-V3-1733,2024-03-22,08:54,Working at Height,Roof,Fall arrest harness not properly anchored.,Near Miss,57.7,HIGH,Clear,Day,70,1,10
INC-V3-1734,2024-11-19,12:41,Lifting,Loading Area,Rigging inspection not completed before lift.,Moderate,48.7,HIGH,Adverse,Day,82,0,11
INC-V3-1735,2024-01-20,23:14,Vehicle Movement,Road/Access Area,Pedestrian and vehicle routes not segregated.,Near Miss,35.6,MEDIUM,Windy,Night,79,0,5
INC-V3-1736,2025-09-23,08:35,Welding,Building Site,Welding conducted near flammable materials.,Near Miss,24.3,LOW,Clear,Day,87,0,8
INC-V3-1737,2025-08-27,21:58,Vehicle Movement,Road/Access Area,Vehicle reversing without a spotter present.,Near Miss,44.6,MEDIUM,Windy,Night,64,0,8
INC-V3-1738,2024-07-02,20:27,Material Handling,Warehouse,Manual handling of heavy load without mechanical aid.,Near Miss,16.1,LOW,Windy,Night,86,0,4
INC-V3-1739,2025-10-10,10:43,Working at Height,Roof,Fall arrest harness not properly anchored.,Minor,79.7,CRITICAL,Windy,Day,69,1,9
INC-V3-1740,2024-10-04,07:57,Electrical Work,Electrical Room,Improper lockout/tagout procedure observed.,Near Miss,58.3,HIGH,Adverse,Day,72,0,5
INC-V3-1741,2024-03-11,19:05,Electrical Work,Building Site,Damaged electrical cable observed.,Moderate,38.0,MEDIUM,Clear,Night,78,0,4
INC-V3-1742,2025-12-03,17:46,Working at Height,Roof,Unprotected edge observed during elevated work.,Near Miss,47.6,MEDIUM,Rain,Day,91,0,8
INC-V3-1743,2024-09-26,10:04,Working at Height,Scaffolding Area,Unprotected edge observed during elevated work.,Minor,38.0,MEDIUM,Clear,Day,80,0,3
INC-V3-1744,2026-01-19,09:00,Welding,Warehouse,Inadequate ventilation observed during welding task.,Near Miss,52.4,HIGH,Adverse,Day,79,0,13
INC-V3-1745,2025-07-19,15:46,Excavation,Excavation Area,Inadequate barricading around excavation area.,Minor,46.0,MEDIUM,Adverse,Day,90,0,4
INC-V3-1746,2024-05-22,12:15,Electrical Work,Building Site,Live electrical panel left unlocked and unattended.,Near Miss,30.3,MEDIUM,Clear,Day,100,0,8
INC-V3-1747,2024-05-09,22:20,Welding,Warehouse,Fire watch not posted during hot work.,Minor,31.5,MEDIUM,Clear,Night,94,1,4
INC-V3-1748,2025-01-03,12:57,Material Handling,Loading Area,Stacked materials observed in an unstable configuration.,Near Miss,31.3,MEDIUM,Clear,Day,65,0,7
INC-V3-1749,2025-11-16,06:28,Excavation,Road/Access Area,No safe access/egress ladder provided in trench.,Moderate,44.2,MEDIUM,Clear,Day,73,0,3
INC-V3-1750,2025-10-11,21:09,Welding,Warehouse,Welding screen missing in shared work area.,Major,29.6,MEDIUM,Clear,Night,65,0,1
INC-V3-1751,2024-07-15,15:25,Material Handling,Warehouse,Obstructed walkway due to stored materials.,Near Miss,13.0,LOW,Clear,Day,79,0,4
INC-V3-1752,2025-08-29,12:46,Excavation,Road/Access Area,Inadequate barricading around excavation area.,Near Miss,50.5,HIGH,Windy,Day,70,0,5
INC-V3-1753,2025-11-20,18:33,Confined Space,Electrical Room,Emergency retrieval system not set up before entry.,Minor,65.5,CRITICAL,Clear,Day,79,1,5
INC-V3-1754,2025-02-27,22:46,Housekeeping,Warehouse,Debris accumulation observed in walkway.,Minor,37.6,MEDIUM,Clear,Night,67,1,5
INC-V3-1755,2025-07-30,18:34,Lifting,Warehouse,Rigging inspection not completed before lift.,Near Miss,37.8,MEDIUM,Rain,Day,92,0,10
INC-V3-1756,2024-09-04,12:29,Housekeeping,Building Site,Tools left in walking path after task completion.,Moderate,5.4,LOW,Clear,Day,94,0,12
INC-V3-1757,2024-04-15,15:13,Confined Space,Electrical Room,No standby attendant present during confined space work.,Moderate,59.6,HIGH,Clear,Day,59,0,5
INC-V3-1758,2024-01-19,12:57,Working at Height,Building Site,Ladder used beyond recommended height without stabilization.,Moderate,38.3,MEDIUM,Clear,Day,78,0,5
INC-V3-1759,2025-02-08,09:06,Vehicle Movement,Loading Area,Vehicle reversing without a spotter present.,Moderate,50.4,HIGH,Rain,Day,50,0,7
INC-V3-1760,2024-05-13,11:06,Vehicle Movement,Loading Area,Blind spot hazard noted at site access road.,Major,17.1,LOW,Clear,Day,86,0,7
INC-V3-1761,2025-02-05,17:29,Confined Space,Excavation Area,Emergency retrieval system not set up before entry.,Near Miss,64.1,HIGH,Clear,Day,72,0,5
INC-V3-1762,2024-07-18,13:47,Vehicle Movement,Road/Access Area,Blind spot hazard noted at site access road.,Minor,29.9,MEDIUM,Clear,Day,94,0,7
INC-V3-1763,2025-04-05,21:41,Electrical Work,Building Site,Improper lockout/tagout procedure observed.,Near Miss,44.9,MEDIUM,Clear,Night,69,0,10
INC-V3-1764,2024-10-07,22:16,Vehicle Movement,Road/Access Area,Pedestrian and vehicle routes not segregated.,Major,31.7,MEDIUM,Clear,Night,88,1,5
INC-V3-1765,2024-07-04,17:25,Welding,Warehouse,Welding screen missing in shared work area.,Moderate,64.5,HIGH,Clear,Day,64,1,17
INC-V3-1766,2024-11-08,11:36,Confined Space,Electrical Room,No standby attendant present during confined space work.,Moderate,63.8,HIGH,Clear,Day,67,0,7
INC-V3-1767,2024-09-19,09:50,Confined Space,Excavation Area,Emergency retrieval system not set up before entry.,Near Miss,60.8,HIGH,Clear,Day,73,0,7
INC-V3-1768,2025-07-19,10:14,Confined Space,Electrical Room,No standby attendant present during confined space work.,Major,57.6,HIGH,Clear,Day,82,1,4
INC-V3-1769,2024-02-03,11:19,Scaffolding,Scaffolding Area,Missing guardrail on scaffold platform.,Minor,56.8,HIGH,Adverse,Day,74,0,6
INC-V3-1770,2025-05-16,09:51,Welding,Warehouse,Fire watch not posted during hot work.,Minor,47.7,MEDIUM,Rain,Day,68,0,9
INC-V3-1771,2025-10-10,09:32,Electrical Work,Electrical Room,Live electrical panel left unlocked and unattended.,Major,48.7,HIGH,Clear,Day,60,0,2
INC-V3-1772,2025-07-12,09:56,Excavation,Road/Access Area,Inadequate barricading around excavation area.,Minor,55.6,HIGH,Windy,Day,81,0,9
INC-V3-1773,2024-02-04,10:19,Confined Space,Electrical Room,Emergency retrieval system not set up before entry.,Moderate,82.5,CRITICAL,Clear,Day,77,3,8
INC-V3-1774,2025-11-23,22:59,Vehicle Movement,Loading Area,Vehicle observed exceeding site speed limit.,Moderate,76.7,CRITICAL,Adverse,Night,80,3,6
INC-V3-1775,2024-03-26,19:59,Confined Space,Excavation Area,No standby attendant present during confined space work.,Near Miss,42.5,MEDIUM,Clear,Night,100,0,8
INC-V3-1776,2024-05-08,19:29,Excavation,Road/Access Area,Spoil pile placed too close to excavation edge.,Minor,51.0,HIGH,Windy,Night,88,0,2
INC-V3-1777,2025-07-25,06:51,Working at Height,Building Site,Fall arrest harness not properly anchored.,Near Miss,42.2,MEDIUM,Rain,Day,100,0,10
INC-V3-1778,2025-09-25,06:12,Vehicle Movement,Loading Area,Vehicle observed exceeding site speed limit.,Near Miss,32.3,MEDIUM,Clear,Day,72,0,7
INC-V3-1779,2025-01-11,16:25,Working at Height,Building Site,Fall arrest harness not properly anchored.,Moderate,36.6,MEDIUM,Clear,Day,86,0,6
INC-V3-1780,2024-12-19,10:44,Excavation,Excavation Area,No safe access/egress ladder provided in trench.,Moderate,84.9,CRITICAL,Rain,Day,66,3,8
INC-V3-1781,2024-04-21,14:27,Confined Space,Electrical Room,No standby attendant present during confined space work.,Minor,55.1,HIGH,Rain,Day,100,0,11
INC-V3-1782,2025-03-21,06:16,Excavation,Excavation Area,No safe access/egress ladder provided in trench.,Moderate,83.2,CRITICAL,Adverse,Day,99,3,7
INC-V3-1783,2024-04-01,19:27,Vehicle Movement,Loading Area,Vehicle reversing without a spotter present.,Near Miss,22.4,LOW,Clear,Night,78,0,9
INC-V3-1784,2025-04-06,07:17,Vehicle Movement,Road/Access Area,Vehicle reversing without a spotter present.,Minor,34.8,MEDIUM,Clear,Day,48,0,8
INC-V3-1785,2025-05-05,13:25,Excavation,Road/Access Area,Inadequate barricading around excavation area.,Major,46.4,MEDIUM,Clear,Day,88,1,7
INC-V3-1786,2024-05-08,20:19,Housekeeping,Warehouse,Obstruction observed blocking emergency access route.,Moderate,21.7,LOW,Clear,Night,78,0,3
INC-V3-1787,2024-04-07,08:17,Working at Height,Scaffolding Area,Unprotected edge observed during elevated work.,Minor,62.3,HIGH,Adverse,Day,100,1,7
INC-V3-1788,2025-12-29,09:51,Confined Space,Electrical Room,Emergency retrieval system not set up before entry.,Minor,64.5,HIGH,Adverse,Day,99,1,6
INC-V3-1789,2025-10-29,22:02,Scaffolding,Scaffolding Area,Incomplete scaffold tagging system observed.,Minor,46.2,MEDIUM,Rain,Night,83,0,6
INC-V3-1790,2025-04-25,20:48,Working at Height,Roof,Worker observed near roof edge without guardrail.,Minor,41.9,MEDIUM,Windy,Night,100,0,7
INC-V3-1791,2025-11-02,17:20,Working at Height,Scaffolding Area,Fall arrest harness not properly anchored.,Minor,56.8,HIGH,Clear,Day,82,1,11
INC-V3-1792,2025-05-07,10:07,Electrical Work,Building Site,Exposed wiring near a wet work area.,Moderate,64.9,HIGH,Windy,Day,66,1,10
INC-V3-1793,2024-07-10,11:53,Lifting,Building Site,Exclusion zone around lift not maintained.,Moderate,50.9,HIGH,Windy,Day,95,2,3
INC-V3-1794,2025-12-02,15:05,Welding,Warehouse,Welding screen missing in shared work area.,Near Miss,22.4,LOW,Clear,Day,80,0,9
INC-V3-1795,2026-01-01,15:08,Welding,Warehouse,Fire watch not posted during hot work.,Near Miss,32.1,MEDIUM,Clear,Day,67,0,4
INC-V3-1796,2025-09-06,18:03,Confined Space,Excavation Area,Confined space entry without atmospheric testing.,Minor,56.0,HIGH,Clear,Day,64,0,5
INC-V3-1797,2025-03-03,10:49,Electrical Work,Building Site,Damaged electrical cable observed.,Near Miss,54.0,HIGH,Rain,Day,61,0,2
INC-V3-1798,2024-03-10,20:21,Scaffolding,Building Site,Missing guardrail on scaffold platform.,Near Miss,25.8,LOW,Windy,Night,92,0,3
INC-V3-1799,2024-11-23,06:09,Excavation,Excavation Area,No safe access/egress ladder provided in trench.,Moderate,52.1,HIGH,Clear,Day,65,0,5
INC-V3-1800,2024-03-21,07:07,Electrical Work,Building Site,Damaged electrical cable observed.,Minor,37.3,MEDIUM,Clear,Day,70,0,4
INC-V3-1801,2025-01-16,13:58,Scaffolding,Scaffolding Area,Scaffold access partially obstructed.,Minor,50.7,HIGH,Windy,Day,69,0,1
INC-V3-1802,2025-02-17,18:59,Excavation,Excavation Area,Inadequate barricading around excavation area.,Minor,43.8,MEDIUM,Windy,Day,96,0,8
INC-V3-1803,2024-03-28,16:57,Excavation,Road/Access Area,Excavation walls showing signs of instability.,Moderate,43.9,MEDIUM,Clear,Day,75,0,3
INC-V3-1804,2025-12-10,07:58,Working at Height,Scaffolding Area,Worker observed near roof edge without guardrail.,Minor,53.8,HIGH,Windy,Day,77,0,6
INC-V3-1805,2024-06-02,10:39,Confined Space,Excavation Area,Emergency retrieval system not set up before entry.,Moderate,42.3,MEDIUM,Clear,Day,88,0,4
INC-V3-1806,2024-02-03,22:13,Vehicle Movement,Road/Access Area,Pedestrian and vehicle routes not segregated.,Moderate,16.8,LOW,Clear,Night,100,0,6
INC-V3-1807,2025-12-02,07:19,Lifting,Building Site,Exclusion zone around lift not maintained.,Minor,30.8,MEDIUM,Rain,Day,70,0,4
INC-V3-1808,2025-07-07,21:10,Material Handling,Loading Area,Obstructed walkway due to stored materials.,Minor,33.0,MEDIUM,Windy,Night,73,0,7
INC-V3-1809,2025-10-20,21:12,Electrical Work,Building Site,Improper lockout/tagout procedure observed.,Near Miss,52.2,HIGH,Clear,Night,68,1,3
INC-V3-1810,2024-11-05,07:27,Electrical Work,Electrical Room,Improper lockout/tagout procedure observed.,Major,66.4,CRITICAL,Rain,Day,55,0,10
INC-V3-1811,2025-09-18,12:26,Confined Space,Electrical Room,Confined space entry without atmospheric testing.,Minor,47.5,MEDIUM,Clear,Day,100,0,3
INC-V3-1812,2024-02-05,07:30,Confined Space,Electrical Room,No standby attendant present during confined space work.,Major,81.9,CRITICAL,Clear,Day,53,2,13
INC-V3-1813,2025-08-14,18:55,Material Handling,Warehouse,Manual handling of heavy load without mechanical aid.,Minor,35.4,MEDIUM,Clear,Day,78,1,3
INC-V3-1814,2025-09-22,17:59,Excavation,Excavation Area,No safe access/egress ladder provided in trench.,Near Miss,49.9,HIGH,Clear,Day,75,0,10
INC-V3-1815,2024-02-10,22:48,Vehicle Movement,Loading Area,Vehicle observed exceeding site speed limit.,Near Miss,15.7,LOW,Clear,Night,88,0,4
INC-V3-1816,2025-05-30,08:17,Working at Height,Scaffolding Area,Worker observed near roof edge without guardrail.,Moderate,54.0,HIGH,Windy,Day,82,0,5
INC-V3-1817,2025-01-07,20:37,Welding,Building Site,Fire watch not posted during hot work.,Minor,45.7,MEDIUM,Clear,Night,57,0,1
INC-V3-1818,2026-01-05,07:26,Lifting,Loading Area,Improper lifting zone setup observed.,Near Miss,61.5,HIGH,Clear,Day,74,3,4
INC-V3-1819,2025-05-27,13:08,Material Handling,Loading Area,Manual handling of heavy load without mechanical aid.,Moderate,36.3,MEDIUM,Clear,Day,68,0,7
INC-V3-1820,2025-06-12,09:26,Lifting,Building Site,Improper lifting zone setup observed.,Major,49.0,HIGH,Adverse,Day,100,1,7
INC-V3-1821,2025-02-12,06:59,Lifting,Loading Area,Exclusion zone around lift not maintained.,Minor,51.3,HIGH,Rain,Day,86,2,5
INC-V3-1822,2024-08-06,14:37,Scaffolding,Scaffolding Area,"Scaffold base observed on uneven, unstable ground.",Minor,32.6,MEDIUM,Rain,Day,88,0,6
INC-V3-1823,2025-07-24,21:34,Welding,Warehouse,Inadequate ventilation observed during welding task.,Near Miss,20.8,LOW,Clear,Night,88,0,4
INC-V3-1824,2024-08-24,18:40,Vehicle Movement,Loading Area,Pedestrian and vehicle routes not segregated.,Moderate,37.7,MEDIUM,Rain,Day,100,1,2
INC-V3-1825,2025-04-03,06:30,Lifting,Warehouse,Exclusion zone around lift not maintained.,Near Miss,26.0,LOW,Rain,Day,93,0,5
INC-V3-1826,2024-04-29,12:42,Lifting,Loading Area,Improper lifting zone setup observed.,Major,52.8,HIGH,Windy,Day,60,0,3
INC-V3-1827,2025-12-19,06:20,Confined Space,Excavation Area,Confined space entry without atmospheric testing.,Moderate,65.3,CRITICAL,Clear,Day,78,1,8
INC-V3-1828,2024-05-06,23:17,Working at Height,Building Site,Ladder used beyond recommended height without stabilization.,Moderate,58.2,HIGH,Adverse,Night,79,0,4
INC-V3-1829,2024-11-07,12:30,Vehicle Movement,Road/Access Area,Vehicle observed exceeding site speed limit.,Near Miss,31.8,MEDIUM,Rain,Day,88,0,6
INC-V3-1830,2024-07-28,17:35,Housekeeping,Building Site,Obstruction observed blocking emergency access route.,Near Miss,23.8,LOW,Clear,Day,59,0,5
INC-V3-1831,2026-01-08,22:11,Working at Height,Scaffolding Area,Unprotected edge observed during elevated work.,Moderate,63.1,HIGH,Adverse,Night,95,1,7
INC-V3-1832,2025-07-31,14:05,Electrical Work,Building Site,Exposed wiring near a wet work area.,Minor,49.7,HIGH,Clear,Day,69,0,3
INC-V3-1833,2025-08-19,07:32,Electrical Work,Electrical Room,Damaged electrical cable observed.,Moderate,51.0,HIGH,Clear,Day,72,0,4
INC-V3-1834,2024-11-01,17:08,Welding,Building Site,Fire watch not posted during hot work.,Moderate,22.6,LOW,Windy,Day,97,0,5
INC-V3-1835,2025-01-21,09:08,Material Handling,Warehouse,Obstructed walkway due to stored materials.,Major,37.9,MEDIUM,Clear,Day,60,0,5
INC-V3-1836,2025-12-20,23:48,Excavation,Road/Access Area,Spoil pile placed too close to excavation edge.,Moderate,31.6,MEDIUM,Clear,Night,98,0,1
INC-V3-1837,2024-04-27,17:48,Working at Height,Building Site,Fall arrest harness not properly anchored.,Near Miss,33.4,MEDIUM,Windy,Day,88,0,9
INC-V3-1838,2025-01-05,10:29,Housekeeping,Building Site,Spilled material not cleaned up promptly.,Minor,42.6,MEDIUM,Adverse,Day,82,1,5
INC-V3-1839,2025-04-16,11:12,Material Handling,Loading Area,Improper storage of materials near a walkway.,Moderate,25.0,LOW,Clear,Day,71,0,4
INC-V3-1840,2025-05-04,10:20,Scaffolding,Building Site,Scaffold access partially obstructed.,Minor,52.4,HIGH,Clear,Day,43,0,3
INC-V3-1841,2024-05-28,11:11,Vehicle Movement,Loading Area,Vehicle observed exceeding site speed limit.,Near Miss,48.6,HIGH,Windy,Day,65,0,8
INC-V3-1842,2025-02-01,14:01,Welding,Warehouse,Welding conducted near flammable materials.,Minor,17.0,LOW,Clear,Day,100,0,5
INC-V3-1843,2025-04-09,10:48,Material Handling,Warehouse,Manual handling of heavy load without mechanical aid.,Minor,32.2,MEDIUM,Clear,Day,100,2,9
INC-V3-1844,2025-06-13,23:47,Vehicle Movement,Road/Access Area,Vehicle reversing without a spotter present.,Minor,18.5,LOW,Clear,Night,97,0,8
INC-V3-1845,2025-06-04,12:43,Confined Space,Electrical Room,Confined space entry without atmospheric testing.,Major,44.5,MEDIUM,Windy,Day,94,0,3
INC-V3-1846,2025-12-15,07:27,Electrical Work,Building Site,Damaged electrical cable observed.,Moderate,64.6,HIGH,Clear,Day,74,3,9
INC-V3-1847,2025-02-17,18:25,Welding,Building Site,Fire watch not posted during hot work.,Minor,34.7,MEDIUM,Clear,Day,77,0,5
INC-V3-1848,2024-10-08,07:48,Working at Height,Roof,Unprotected edge observed during elevated work.,Minor,47.0,MEDIUM,Rain,Day,88,0,6
INC-V3-1849,2024-12-09,21:03,Lifting,Warehouse,Load exceeded rated capacity of lifting equipment.,Near Miss,21.6,LOW,Windy,Night,100,0,1
INC-V3-1850,2024-01-27,18:06,Material Handling,Loading Area,Improper storage of materials near a walkway.,Near Miss,31.5,MEDIUM,Adverse,Day,86,0,6
INC-V3-1851,2025-03-10,12:41,Scaffolding,Building Site,Scaffold access partially obstructed.,Moderate,45.7,MEDIUM,Clear,Day,58,0,7
INC-V3-1852,2025-10-14,23:24,Vehicle Movement,Loading Area,Vehicle observed exceeding site speed limit.,Minor,28.0,LOW,Rain,Night,95,0,1
INC-V3-1853,2025-02-03,12:40,Lifting,Building Site,Rigging inspection not completed before lift.,Minor,49.0,HIGH,Adverse,Day,82,0,4
INC-V3-1854,2024-08-26,10:22,Welding,Warehouse,Fire watch not posted during hot work.,Near Miss,29.2,MEDIUM,Clear,Day,88,1,7
INC-V3-1855,2025-07-25,06:33,Housekeeping,Warehouse,Obstruction observed blocking emergency access route.,Moderate,27.9,LOW,Clear,Day,63,0,6
INC-V3-1856,2025-02-09,23:55,Working at Height,Scaffolding Area,Fall arrest harness not properly anchored.,Near Miss,39.0,MEDIUM,Clear,Night,91,0,3
INC-V3-1857,2025-07-24,11:12,Working at Height,Roof,Ladder used beyond recommended height without stabilization.,Moderate,58.0,HIGH,Adverse,Day,94,0,9
INC-V3-1858,2025-04-24,10:13,Excavation,Excavation Area,Inadequate barricading around excavation area.,Minor,50.2,HIGH,Clear,Day,96,1,7
INC-V3-1859,2025-08-07,15:15,Vehicle Movement,Road/Access Area,Pedestrian and vehicle routes not segregated.,Minor,41.2,MEDIUM,Clear,Day,69,0,7
INC-V3-1860,2024-05-15,16:14,Working at Height,Roof,Unprotected edge observed during elevated work.,Minor,71.8,CRITICAL,Rain,Day,76,1,1
INC-V3-1861,2025-06-04,08:04,Lifting,Warehouse,Improper lifting zone setup observed.,Moderate,57.3,HIGH,Adverse,Day,78,1,9
INC-V3-1862,2024-03-19,19:40,Lifting,Building Site,Improper lifting zone setup observed.,Minor,31.5,MEDIUM,Clear,Night,79,0,7
INC-V3-1863,2026-01-06,22:06,Confined Space,Electrical Room,Emergency retrieval system not set up before entry.,Moderate,55.3,HIGH,Rain,Night,80,0,12
INC-V3-1864,2025-07-24,14:55,Housekeeping,Building Site,Spilled material not cleaned up promptly.,Near Miss,36.0,MEDIUM,Clear,Day,67,0,3
INC-V3-1865,2024-08-04,16:43,Material Handling,Loading Area,Stacked materials observed in an unstable configuration.,Minor,34.1,MEDIUM,Rain,Day,78,0,3
INC-V3-1866,2025-10-01,07:52,Confined Space,Excavation Area,Ventilation equipment not in place for confined space entry.,Moderate,68.6,CRITICAL,Clear,Day,74,2,6
INC-V3-1867,2025-06-13,16:18,Excavation,Excavation Area,Spoil pile placed too close to excavation edge.,Near Miss,46.8,MEDIUM,Clear,Day,100,0,1
INC-V3-1868,2026-01-01,23:52,Material Handling,Warehouse,Stacked materials observed in an unstable configuration.,Minor,72.3,CRITICAL,Clear,Night,66,3,7
INC-V3-1869,2024-06-16,12:29,Lifting,Building Site,Rigging inspection not completed before lift.,Near Miss,33.6,MEDIUM,Clear,Day,79,0,8
INC-V3-1870,2024-05-18,06:42,Housekeeping,Building Site,Tools left in walking path after task completion.,Near Miss,31.5,MEDIUM,Clear,Day,68,0,5
INC-V3-1871,2024-04-14,15:14,Housekeeping,Building Site,Obstruction observed blocking emergency access route.,Near Miss,31.1,MEDIUM,Clear,Day,100,3,7
INC-V3-1872,2024-08-05,18:48,Lifting,Warehouse,Improper lifting zone setup observed.,Major,56.7,HIGH,Windy,Day,54,1,6
INC-V3-1873,2024-06-14,15:37,Welding,Warehouse,Welding conducted near flammable materials.,Minor,31.8,MEDIUM,Clear,Day,75,0,1
INC-V3-1874,2025-10-27,18:38,Vehicle Movement,Loading Area,Vehicle observed exceeding site speed limit.,Moderate,34.4,MEDIUM,Clear,Day,84,1,5
INC-V3-1875,2024-11-20,13:37,Housekeeping,Warehouse,Obstruction observed blocking emergency access route.,Major,31.5,MEDIUM,Clear,Day,85,2,9
INC-V3-1876,2025-08-22,16:52,Working at Height,Building Site,Ladder used beyond recommended height without stabilization.,Near Miss,31.6,MEDIUM,Clear,Day,100,0,3
INC-V3-1877,2024-02-24,14:41,Welding,Building Site,Fire watch not posted during hot work.,Minor,34.3,MEDIUM,Rain,Day,93,1,3
INC-V3-1878,2025-03-06,21:28,Scaffolding,Building Site,Scaffold access partially obstructed.,Moderate,39.6,MEDIUM,Clear,Night,72,1,6
INC-V3-1879,2025-11-21,10:28,Excavation,Road/Access Area,Excavation walls showing signs of instability.,Moderate,69.3,CRITICAL,Windy,Day,59,1,7
INC-V3-1880,2024-01-02,09:11,Vehicle Movement,Loading Area,Vehicle observed exceeding site speed limit.,Minor,39.1,MEDIUM,Clear,Day,69,0,6
INC-V3-1881,2025-12-31,09:08,Housekeeping,Building Site,Debris accumulation observed in walkway.,Minor,28.4,MEDIUM,Rain,Day,76,0,9
INC-V3-1882,2025-01-12,11:00,Lifting,Building Site,Load exceeded rated capacity of lifting equipment.,Near Miss,37.2,MEDIUM,Windy,Day,83,0,1
INC-V3-1883,2024-05-16,12:32,Confined Space,Electrical Room,Confined space entry without atmospheric testing.,Moderate,64.3,HIGH,Rain,Day,84,0,13
INC-V3-1884,2025-12-24,06:38,Confined Space,Excavation Area,Ventilation equipment not in place for confined space entry.,Major,56.8,HIGH,Rain,Day,91,1,6
INC-V3-1885,2024-10-24,16:37,Material Handling,Loading Area,Obstructed walkway due to stored materials.,Major,39.5,MEDIUM,Adverse,Day,97,1,7
INC-V3-1886,2025-06-30,14:38,Vehicle Movement,Loading Area,Vehicle reversing without a spotter present.,Near Miss,40.8,MEDIUM,Rain,Day,80,1,6
INC-V3-1887,2024-06-17,10:08,Lifting,Building Site,Load exceeded rated capacity of lifting equipment.,Moderate,58.5,HIGH,Adverse,Day,55,1,3
INC-V3-1888,2024-12-09,20:22,Working at Height,Roof,Unprotected edge observed during elevated work.,Minor,50.0,HIGH,Clear,Night,71,0,2
INC-V3-1889,2024-01-11,23:21,Electrical Work,Electrical Room,Damaged electrical cable observed.,Major,61.7,HIGH,Clear,Night,62,0,12
INC-V3-1890,2024-06-27,16:00,Lifting,Warehouse,Improper lifting zone setup observed.,Near Miss,43.5,MEDIUM,Clear,Day,53,0,3
INC-V3-1891,2024-01-12,11:51,Vehicle Movement,Loading Area,Pedestrian and vehicle routes not segregated.,Moderate,23.9,LOW,Clear,Day,76,0,8
INC-V3-1892,2025-02-15,10:04,Vehicle Movement,Road/Access Area,Vehicle observed exceeding site speed limit.,Major,49.0,HIGH,Clear,Day,69,0,11
INC-V3-1893,2025-07-24,11:16,Electrical Work,Electrical Room,Exposed wiring near a wet work area.,Near Miss,34.5,MEDIUM,Clear,Day,87,0,4
INC-V3-1894,2024-11-28,10:16,Material Handling,Warehouse,Obstructed walkway due to stored materials.,Near Miss,24.4,LOW,Rain,Day,91,0,8
INC-V3-1895,2025-09-18,08:17,Housekeeping,Warehouse,Tools left in walking path after task completion.,Minor,1.0,LOW,Clear,Day,94,0,3
INC-V3-1896,2024-08-23,11:53,Housekeeping,Warehouse,Spilled material not cleaned up promptly.,Near Miss,11.3,LOW,Rain,Day,98,0,6
INC-V3-1897,2026-01-10,06:22,Lifting,Warehouse,Rigging inspection not completed before lift.,Minor,38.5,MEDIUM,Windy,Day,69,0,7
INC-V3-1898,2024-01-03,06:00,Housekeeping,Building Site,Spilled material not cleaned up promptly.,Moderate,20.0,LOW,Rain,Day,77,0,8
INC-V3-1899,2024-02-14,09:11,Confined Space,Excavation Area,Confined space entry without atmospheric testing.,Moderate,60.2,HIGH,Clear,Day,65,0,1
INC-V3-1900,2025-12-19,22:49,Electrical Work,Electrical Room,Damaged electrical cable observed.,Minor,47.8,MEDIUM,Clear,Night,73,0,10
INC-V3-1901,2024-01-13,11:08,Material Handling,Loading Area,Manual handling of heavy load without mechanical aid.,Minor,53.1,HIGH,Adverse,Day,62,1,1
INC-V3-1902,2024-12-25,21:09,Excavation,Road/Access Area,Excavation walls showing signs of instability.,Near Miss,49.8,HIGH,Rain,Night,81,0,5
INC-V3-1903,2025-11-21,13:57,Welding,Building Site,Fire watch not posted during hot work.,Major,43.1,MEDIUM,Clear,Day,68,0,4
INC-V3-1904,2024-12-15,08:05,Material Handling,Warehouse,Improper storage of materials near a walkway.,Near Miss,23.2,LOW,Clear,Day,84,0,3
INC-V3-1905,2025-09-12,12:27,Working at Height,Roof,Fall arrest harness not properly anchored.,Near Miss,47.7,MEDIUM,Clear,Day,74,0,4
INC-V3-1906,2025-01-12,12:44,Electrical Work,Electrical Room,Exposed wiring near a wet work area.,Minor,49.8,HIGH,Rain,Day,85,2,7
INC-V3-1907,2024-10-02,19:47,Material Handling,Loading Area,Manual handling of heavy load without mechanical aid.,Major,44.9,MEDIUM,Clear,Night,100,3,4
INC-V3-1908,2024-05-06,08:16,Excavation,Road/Access Area,Excavation walls showing signs of instability.,Near Miss,39.7,MEDIUM,Clear,Day,93,0,6
INC-V3-1909,2024-08-21,12:16,Working at Height,Scaffolding Area,Fall arrest harness not properly anchored.,Major,56.3,HIGH,Adverse,Day,100,1,2
INC-V3-1910,2024-03-21,10:12,Confined Space,Electrical Room,Confined space entry without atmospheric testing.,Moderate,34.0,MEDIUM,Clear,Day,96,0,6
INC-V3-1911,2024-09-04,21:56,Scaffolding,Scaffolding Area,"Scaffold base observed on uneven, unstable ground.",Moderate,36.4,MEDIUM,Rain,Night,97,0,7
INC-V3-1912,2024-07-25,18:59,Welding,Building Site,Welding screen missing in shared work area.,Major,49.3,HIGH,Windy,Day,59,0,7
INC-V3-1913,2024-12-21,13:59,Scaffolding,Scaffolding Area,Incomplete scaffold tagging system observed.,Major,50.9,HIGH,Adverse,Day,100,1,7
INC-V3-1914,2024-01-18,07:45,Vehicle Movement,Loading Area,Pedestrian and vehicle routes not segregated.,Major,48.8,HIGH,Rain,Day,78,1,7
INC-V3-1915,2025-01-01,09:09,Electrical Work,Electrical Room,Exposed wiring near a wet work area.,Minor,78.4,CRITICAL,Adverse,Day,61,1,5
INC-V3-1916,2024-08-19,10:35,Confined Space,Excavation Area,No standby attendant present during confined space work.,Moderate,48.0,HIGH,Clear,Day,93,0,4
INC-V3-1917,2025-09-24,08:44,Excavation,Road/Access Area,Inadequate barricading around excavation area.,Moderate,51.4,HIGH,Rain,Day,65,0,7
INC-V3-1918,2024-12-07,15:26,Lifting,Warehouse,Exclusion zone around lift not maintained.,Moderate,67.5,CRITICAL,Adverse,Day,70,2,7
INC-V3-1919,2025-10-25,21:27,Welding,Building Site,Inadequate ventilation observed during welding task.,Moderate,37.6,MEDIUM,Rain,Night,76,1,3
INC-V3-1920,2024-10-18,20:43,Excavation,Road/Access Area,Spoil pile placed too close to excavation edge.,Major,41.4,MEDIUM,Clear,Night,74,0,1
INC-V3-1921,2025-12-31,16:07,Lifting,Loading Area,Exclusion zone around lift not maintained.,Minor,18.6,LOW,Clear,Day,94,0,4
INC-V3-1922,2024-03-27,11:23,Working at Height,Roof,Worker observed near roof edge without guardrail.,Minor,40.6,MEDIUM,Clear,Day,94,0,5
INC-V3-1923,2025-03-05,09:12,Welding,Warehouse,Welding conducted near flammable materials.,Minor,33.8,MEDIUM,Windy,Day,85,1,1
INC-V3-1924,2025-05-20,10:40,Welding,Warehouse,Welding conducted near flammable materials.,Minor,33.5,MEDIUM,Clear,Day,72,0,5
INC-V3-1925,2025-03-21,09:02,Housekeeping,Building Site,Obstruction observed blocking emergency access route.,Near Miss,14.6,LOW,Windy,Day,100,0,5
INC-V3-1926,2025-03-21,19:57,Working at Height,Scaffolding Area,Fall arrest harness not properly anchored.,Minor,51.6,HIGH,Adverse,Night,96,0,9
INC-V3-1927,2025-04-01,07:41,Scaffolding,Scaffolding Area,"Scaffold base observed on uneven, unstable ground.",Near Miss,47.9,MEDIUM,Clear,Day,62,0,4
INC-V3-1928,2025-03-14,19:37,Scaffolding,Scaffolding Area,Missing guardrail on scaffold platform.,Near Miss,47.9,MEDIUM,Clear,Night,79,1,3
INC-V3-1929,2024-03-18,18:45,Material Handling,Warehouse,Manual handling of heavy load without mechanical aid.,Minor,23.4,LOW,Windy,Day,88,0,5
INC-V3-1930,2025-12-06,16:36,Welding,Building Site,Fire watch not posted during hot work.,Minor,39.7,MEDIUM,Clear,Day,57,0,1
INC-V3-1931,2025-10-10,17:48,Confined Space,Excavation Area,Emergency retrieval system not set up before entry.,Major,61.6,HIGH,Clear,Day,65,1,6
INC-V3-1932,2025-04-30,20:27,Scaffolding,Building Site,"Scaffold base observed on uneven, unstable ground.",Minor,38.9,MEDIUM,Clear,Night,75,0,6
INC-V3-1933,2025-09-30,23:24,Welding,Warehouse,Welding conducted near flammable materials.,Near Miss,35.0,MEDIUM,Clear,Night,39,0,8
INC-V3-1934,2026-01-10,14:23,Electrical Work,Electrical Room,Live electrical panel left unlocked and unattended.,Near Miss,50.9,HIGH,Windy,Day,46,0,8
INC-V3-1935,2025-09-16,23:50,Housekeeping,Building Site,Tools left in walking path after task completion.,Near Miss,29.9,MEDIUM,Rain,Night,80,0,1
INC-V3-1936,2025-03-03,07:02,Electrical Work,Electrical Room,Damaged electrical cable observed.,Major,37.8,MEDIUM,Clear,Day,90,0,11
INC-V3-1937,2024-11-20,16:24,Lifting,Building Site,Improper lifting zone setup observed.,Minor,54.0,HIGH,Rain,Day,43,0,11
INC-V3-1938,2024-07-15,15:14,Scaffolding,Scaffolding Area,Incomplete scaffold tagging system observed.,Moderate,61.2,HIGH,Clear,Day,70,2,6
INC-V3-1939,2024-06-05,06:38,Lifting,Warehouse,Improper lifting zone setup observed.,Major,39.5,MEDIUM,Clear,Day,82,0,10
INC-V3-1940,2024-09-23,21:57,Welding,Warehouse,Welding conducted near flammable materials.,Major,49.1,HIGH,Clear,Night,52,1,6
INC-V3-1941,2024-05-15,07:32,Electrical Work,Electrical Room,Live electrical panel left unlocked and unattended.,Minor,100.0,CRITICAL,Adverse,Day,66,3,11
INC-V3-1942,2024-11-30,18:01,Scaffolding,Building Site,Incomplete scaffold tagging system observed.,Near Miss,58.1,HIGH,Windy,Day,61,0,7
INC-V3-1943,2024-09-16,06:00,Housekeeping,Building Site,Tools left in walking path after task completion.,Near Miss,23.6,LOW,Rain,Day,92,0,1
INC-V3-1944,2025-11-27,08:47,Working at Height,Scaffolding Area,Ladder used beyond recommended height without stabilization.,Near Miss,49.3,HIGH,Clear,Day,83,1,5
INC-V3-1945,2025-03-01,14:07,Working at Height,Roof,Fall arrest harness not properly anchored.,Minor,68.3,CRITICAL,Clear,Day,62,1,5
INC-V3-1946,2024-11-04,12:34,Scaffolding,Scaffolding Area,Missing guardrail on scaffold platform.,Minor,41.0,MEDIUM,Clear,Day,73,0,2
INC-V3-1947,2024-01-03,07:59,Housekeeping,Warehouse,Obstruction observed blocking emergency access route.,Moderate,5.8,LOW,Clear,Day,87,0,7
INC-V3-1948,2024-07-15,09:11,Welding,Building Site,Inadequate ventilation observed during welding task.,Minor,39.7,MEDIUM,Clear,Day,83,0,11
INC-V3-1949,2025-07-15,09:54,Working at Height,Building Site,Fall arrest harness not properly anchored.,Moderate,51.3,HIGH,Clear,Day,73,0,6
INC-V3-1950,2024-12-06,15:14,Vehicle Movement,Road/Access Area,Blind spot hazard noted at site access road.,Near Miss,40.4,MEDIUM,Rain,Day,76,0,5
INC-V3-1951,2025-11-07,18:43,Vehicle Movement,Loading Area,Blind spot hazard noted at site access road.,Minor,27.2,LOW,Clear,Day,81,0,2
INC-V3-1952,2024-12-30,20:38,Working at Height,Building Site,Unprotected edge observed during elevated work.,Moderate,65.6,CRITICAL,Clear,Night,68,2,7
INC-V3-1953,2025-09-27,11:02,Vehicle Movement,Road/Access Area,Pedestrian and vehicle routes not segregated.,Moderate,30.0,MEDIUM,Clear,Day,99,0,4
INC-V3-1954,2025-08-08,08:57,Welding,Warehouse,Welding screen missing in shared work area.,Major,44.5,MEDIUM,Windy,Day,64,0,7
INC-V3-1955,2025-04-29,09:58,Welding,Warehouse,Welding screen missing in shared work area.,Minor,55.6,HIGH,Clear,Day,47,1,11
INC-V3-1956,2024-06-27,10:38,Confined Space,Excavation Area,Ventilation equipment not in place for confined space entry.,Near Miss,67.2,CRITICAL,Clear,Day,100,3,2
INC-V3-1957,2024-04-07,13:41,Housekeeping,Building Site,Debris accumulation observed in walkway.,Near Miss,16.0,LOW,Windy,Day,97,0,4
INC-V3-1958,2025-11-30,21:29,Material Handling,Warehouse,Manual handling of heavy load without mechanical aid.,Minor,28.5,MEDIUM,Adverse,Night,90,0,5
INC-V3-1959,2025-07-08,13:52,Working at Height,Building Site,Unprotected edge observed during elevated work.,Major,58.4,HIGH,Rain,Day,75,1,3
INC-V3-1960,2024-04-23,14:10,Confined Space,Excavation Area,No standby attendant present during confined space work.,Minor,62.5,HIGH,Adverse,Day,92,1,6
INC-V3-1961,2025-08-03,09:39,Excavation,Excavation Area,Excavation walls showing signs of instability.,Moderate,43.0,MEDIUM,Clear,Day,90,1,1
INC-V3-1962,2025-11-05,15:22,Material Handling,Warehouse,Improper storage of materials near a walkway.,Minor,40.1,MEDIUM,Adverse,Day,85,1,5
INC-V3-1963,2025-02-05,19:22,Lifting,Loading Area,Rigging inspection not completed before lift.,Near Miss,33.9,MEDIUM,Clear,Night,88,1,5
INC-V3-1964,2024-06-21,07:55,Confined Space,Electrical Room,No standby attendant present during confined space work.,Moderate,66.6,CRITICAL,Rain,Day,62,0,6
INC-V3-1965,2024-04-11,11:13,Electrical Work,Electrical Room,Damaged electrical cable observed.,Moderate,48.1,HIGH,Clear,Day,75,1,1
INC-V3-1966,2025-11-13,21:22,Excavation,Road/Access Area,Excavation walls showing signs of instability.,Major,72.7,CRITICAL,Adverse,Night,61,1,7
INC-V3-1967,2025-03-21,23:23,Vehicle Movement,Loading Area,Vehicle reversing without a spotter present.,Near Miss,16.1,LOW,Clear,Night,90,0,6
INC-V3-1968,2024-05-08,18:58,Scaffolding,Building Site,Incomplete scaffold tagging system observed.,Near Miss,41.2,MEDIUM,Clear,Day,80,0,8
INC-V3-1969,2024-08-05,18:49,Working at Height,Roof,Worker observed near roof edge without guardrail.,Moderate,57.3,HIGH,Clear,Day,73,1,7
INC-V3-1970,2025-07-27,06:02,Working at Height,Scaffolding Area,Fall arrest harness not properly anchored.,Minor,74.0,CRITICAL,Windy,Day,63,1,5
INC-V3-1971,2024-10-06,16:22,Welding,Building Site,Inadequate ventilation observed during welding task.,Moderate,25.3,LOW,Rain,Day,100,0,2
INC-V3-1972,2025-01-05,14:57,Working at Height,Roof,Worker observed near roof edge without guardrail.,Near Miss,54.6,HIGH,Clear,Day,84,1,4
INC-V3-1973,2024-08-04,17:26,Vehicle Movement,Loading Area,Vehicle reversing without a spotter present.,Near Miss,24.2,LOW,Clear,Day,100,1,4
INC-V3-1974,2024-02-07,12:07,Lifting,Warehouse,Rigging inspection not completed before lift.,Minor,51.4,HIGH,Rain,Day,66,0,3
INC-V3-1975,2024-06-04,16:25,Electrical Work,Building Site,Damaged electrical cable observed.,Minor,30.6,MEDIUM,Clear,Day,96,0,11
INC-V3-1976,2026-01-15,19:23,Confined Space,Electrical Room,No standby attendant present during confined space work.,Moderate,49.6,HIGH,Rain,Night,81,0,3
INC-V3-1977,2025-05-13,07:35,Working at Height,Building Site,Worker observed near roof edge without guardrail.,Minor,45.7,MEDIUM,Clear,Day,84,0,1
INC-V3-1978,2024-08-28,09:49,Working at Height,Scaffolding Area,Ladder used beyond recommended height without stabilization.,Major,62.2,HIGH,Rain,Day,81,1,8
INC-V3-1979,2024-11-09,15:20,Lifting,Building Site,Rigging inspection not completed before lift.,Minor,42.0,MEDIUM,Clear,Day,72,1,6
INC-V3-1980,2024-07-16,13:26,Confined Space,Excavation Area,Confined space entry without atmospheric testing.,Minor,43.6,MEDIUM,Clear,Day,99,0,6
INC-V3-1981,2024-06-09,08:20,Confined Space,Excavation Area,No standby attendant present during confined space work.,Minor,48.4,HIGH,Clear,Day,91,1,7
INC-V3-1982,2025-03-12,14:03,Working at Height,Building Site,Unprotected edge observed during elevated work.,Near Miss,30.7,MEDIUM,Clear,Day,86,0,3
INC-V3-1983,2024-10-17,08:37,Working at Height,Roof,Worker observed near roof edge without guardrail.,Moderate,48.7,HIGH,Clear,Day,81,0,8
INC-V3-1984,2025-11-22,18:54,Material Handling,Warehouse,Improper storage of materials near a walkway.,Near Miss,36.5,MEDIUM,Adverse,Day,85,0,8
INC-V3-1985,2024-07-03,08:44,Vehicle Movement,Loading Area,Vehicle observed exceeding site speed limit.,Minor,24.3,LOW,Clear,Day,88,0,5
INC-V3-1986,2025-03-15,07:31,Scaffolding,Building Site,"Scaffold base observed on uneven, unstable ground.",Near Miss,22.4,LOW,Clear,Day,98,0,8
INC-V3-1987,2024-12-08,12:34,Scaffolding,Scaffolding Area,"Scaffold base observed on uneven, unstable ground.",Major,25.9,LOW,Clear,Day,90,0,10
INC-V3-1988,2024-05-19,18:07,Material Handling,Loading Area,Improper storage of materials near a walkway.,Minor,55.0,HIGH,Clear,Day,73,3,7
INC-V3-1989,2025-03-28,17:29,Electrical Work,Electrical Room,Damaged electrical cable observed.,Moderate,37.3,MEDIUM,Rain,Day,100,0,5
INC-V3-1990,2024-11-08,12:32,Electrical Work,Building Site,Damaged electrical cable observed.,Minor,32.6,MEDIUM,Rain,Day,89,0,8
INC-V3-1991,2024-03-14,09:20,Electrical Work,Electrical Room,Improper lockout/tagout procedure observed.,Near Miss,60.5,HIGH,Adverse,Day,44,0,5
INC-V3-1992,2025-04-03,23:45,Working at Height,Roof,Ladder used beyond recommended height without stabilization.,Major,87.9,CRITICAL,Adverse,Night,56,1,7
INC-V3-1993,2025-06-24,12:35,Welding,Building Site,Welding conducted near flammable materials.,Minor,44.4,MEDIUM,Clear,Day,69,0,3
INC-V3-1994,2025-07-05,22:59,Housekeeping,Building Site,Tools left in walking path after task completion.,Moderate,41.2,MEDIUM,Clear,Night,60,0,4
INC-V3-1995,2025-12-07,07:41,Material Handling,Loading Area,Stacked materials observed in an unstable configuration.,Near Miss,22.8,LOW,Clear,Day,75,0,2
INC-V3-1996,2024-09-10,09:02,Scaffolding,Scaffolding Area,Missing guardrail on scaffold platform.,Moderate,75.7,CRITICAL,Adverse,Day,63,1,6
INC-V3-1997,2025-03-25,11:12,Material Handling,Warehouse,Manual handling of heavy load without mechanical aid.,Moderate,13.9,LOW,Clear,Day,99,0,2
INC-V3-1998,2024-02-26,15:48,Confined Space,Excavation Area,No standby attendant present during confined space work.,Moderate,49.9,HIGH,Clear,Day,71,0,5
INC-V3-1999,2024-08-07,14:54,Confined Space,Electrical Room,No standby attendant present during confined space work.,Minor,57.3,HIGH,Clear,Day,74,0,8
INC-V3-2000,2025-07-06,13:40,Scaffolding,Scaffolding Area,"Scaffold base observed on uneven, unstable ground.",Moderate,51.2,HIGH,Rain,Day,86,1,9
INC-V3-2001,2025-04-02,13:18,Housekeeping,Building Site,Spilled material not cleaned up promptly.,Minor,20.5,LOW,Rain,Day,90,0,8
INC-V3-2002,2025-09-10,15:42,Working at Height,Roof,Unprotected edge observed during elevated work.,Major,53.5,HIGH,Clear,Day,67,0,3
INC-V3-2003,2024-05-26,13:52,Electrical Work,Building Site,Exposed wiring near a wet work area.,Near Miss,26.4,LOW,Clear,Day,89,0,6
INC-V3-2004,2024-08-27,13:44,Scaffolding,Scaffolding Area,Incomplete scaffold tagging system observed.,Minor,58.7,HIGH,Rain,Day,54,0,11
INC-V3-2005,2025-01-05,21:17,Working at Height,Scaffolding Area,Ladder used beyond recommended height without stabilization.,Moderate,34.7,MEDIUM,Clear,Night,86,0,1
INC-V3-2006,2025-08-16,10:52,Lifting,Building Site,Load exceeded rated capacity of lifting equipment.,Minor,35.8,MEDIUM,Adverse,Day,91,0,3
INC-V3-2007,2024-05-16,18:57,Excavation,Road/Access Area,No safe access/egress ladder provided in trench.,Moderate,52.5,HIGH,Clear,Day,63,0,3
INC-V3-2008,2025-12-04,20:47,Welding,Building Site,Fire watch not posted during hot work.,Minor,44.2,MEDIUM,Clear,Night,61,0,4
INC-V3-2009,2025-01-15,21:18,Vehicle Movement,Loading Area,Blind spot hazard noted at site access road.,Near Miss,31.8,MEDIUM,Windy,Night,92,0,11
INC-V3-2010,2025-06-11,22:36,Vehicle Movement,Road/Access Area,Blind spot hazard noted at site access road.,Moderate,39.7,MEDIUM,Windy,Night,78,0,7
INC-V3-2011,2025-06-02,09:20,Housekeeping,Warehouse,Tools left in walking path after task completion.,Near Miss,12.6,LOW,Clear,Day,87,1,1
INC-V3-2012,2025-06-17,17:52,Confined Space,Electrical Room,No standby attendant present during confined space work.,Near Miss,50.5,HIGH,Clear,Day,78,0,6
INC-V3-2013,2024-12-03,12:18,Confined Space,Electrical Room,Confined space entry without atmospheric testing.,Moderate,67.1,CRITICAL,Rain,Day,67,0,7
INC-V3-2014,2025-12-30,17:36,Vehicle Movement,Loading Area,Blind spot hazard noted at site access road.,Moderate,63.8,HIGH,Clear,Day,75,3,2
INC-V3-2015,2024-10-12,17:09,Working at Height,Scaffolding Area,Fall arrest harness not properly anchored.,Moderate,34.8,MEDIUM,Clear,Day,76,0,8
INC-V3-2016,2024-04-10,09:00,Welding,Warehouse,Fire watch not posted during hot work.,Near Miss,15.2,LOW,Clear,Day,100,0,4
INC-V3-2017,2025-07-02,23:40,Electrical Work,Building Site,Damaged electrical cable observed.,Near Miss,59.9,HIGH,Adverse,Night,79,1,2
INC-V3-2018,2024-04-22,22:26,Housekeeping,Warehouse,Tools left in walking path after task completion.,Moderate,25.2,LOW,Clear,Night,72,0,5
INC-V3-2019,2024-09-04,16:19,Housekeeping,Warehouse,Spilled material not cleaned up promptly.,Near Miss,45.0,MEDIUM,Rain,Day,76,2,6
INC-V3-2020,2024-07-08,18:05,Scaffolding,Building Site,Missing guardrail on scaffold platform.,Near Miss,31.4,MEDIUM,Rain,Day,86,0,7
INC-V3-2021,2026-01-04,08:08,Working at Height,Building Site,Worker observed near roof edge without guardrail.,Minor,58.2,HIGH,Rain,Day,74,1,6
INC-V3-2022,2024-07-26,08:22,Welding,Building Site,Welding conducted near flammable materials.,Moderate,49.9,HIGH,Clear,Day,80,1,8
INC-V3-2023,2025-11-24,06:08,Vehicle Movement,Loading Area,Vehicle observed exceeding site speed limit.,Moderate,25.8,LOW,Windy,Day,100,0,8
INC-V3-2024,2024-09-15,07:43,Confined Space,Electrical Room,Emergency retrieval system not set up before entry.,Major,65.0,CRITICAL,Rain,Day,48,0,7
INC-V3-2025,2025-07-24,15:17,Vehicle Movement,Road/Access Area,Blind spot hazard noted at site access road.,Minor,17.4,LOW,Clear,Day,86,0,5
INC-V3-2026,2025-05-17,17:18,Excavation,Road/Access Area,Excavation walls showing signs of instability.,Near Miss,39.1,MEDIUM,Clear,Day,74,0,8
INC-V3-2027,2024-01-14,19:20,Housekeeping,Warehouse,Obstruction observed blocking emergency access route.,Minor,28.5,MEDIUM,Rain,Night,71,0,8
INC-V3-2028,2024-08-24,21:23,Electrical Work,Building Site,Damaged electrical cable observed.,Minor,40.3,MEDIUM,Clear,Night,100,2,7
INC-V3-2029,2024-07-23,14:16,Scaffolding,Scaffolding Area,"Scaffold base observed on uneven, unstable ground.",Near Miss,52.6,HIGH,Windy,Day,65,0,6
INC-V3-2030,2025-10-10,18:55,Welding,Building Site,Welding conducted near flammable materials.,Minor,60.3,HIGH,Adverse,Day,55,0,8
INC-V3-2031,2024-11-12,11:54,Excavation,Road/Access Area,No safe access/egress ladder provided in trench.,Minor,61.4,HIGH,Windy,Day,69,0,2
INC-V3-2032,2024-12-13,11:55,Vehicle Movement,Loading Area,Vehicle observed exceeding site speed limit.,Near Miss,50.2,HIGH,Windy,Day,69,0,8
INC-V3-2033,2024-03-17,18:43,Electrical Work,Building Site,Damaged electrical cable observed.,Moderate,54.2,HIGH,Adverse,Day,72,0,7
INC-V3-2034,2025-03-03,12:07,Scaffolding,Building Site,Incomplete scaffold tagging system observed.,Moderate,52.3,HIGH,Rain,Day,79,0,4
INC-V3-2035,2025-08-27,19:57,Lifting,Warehouse,Load exceeded rated capacity of lifting equipment.,Near Miss,58.6,HIGH,Rain,Night,81,2,1
INC-V3-2036,2025-06-07,10:21,Vehicle Movement,Loading Area,Blind spot hazard noted at site access road.,Near Miss,27.7,LOW,Rain,Day,90,0,1
INC-V3-2037,2024-04-07,09:53,Excavation,Excavation Area,Spoil pile placed too close to excavation edge.,Moderate,56.5,HIGH,Clear,Day,78,1,3
INC-V3-2038,2024-09-03,18:57,Electrical Work,Building Site,Live electrical panel left unlocked and unattended.,Moderate,36.3,MEDIUM,Clear,Day,79,0,4
INC-V3-2039,2024-06-22,08:01,Material Handling,Loading Area,Improper storage of materials near a walkway.,Minor,26.9,LOW,Adverse,Day,91,0,5
INC-V3-2040,2025-01-31,18:46,Working at Height,Building Site,Worker observed near roof edge without guardrail.,Minor,58.4,HIGH,Adverse,Day,84,0,6
INC-V3-2041,2025-03-08,10:13,Working at Height,Building Site,Unprotected edge observed during elevated work.,Moderate,36.6,MEDIUM,Clear,Day,72,0,4
INC-V3-2042,2025-04-05,14:56,Housekeeping,Building Site,Tools left in walking path after task completion.,Near Miss,28.0,LOW,Clear,Day,68,0,7
INC-V3-2043,2025-06-09,23:27,Material Handling,Loading Area,Stacked materials observed in an unstable configuration.,Near Miss,23.3,LOW,Clear,Night,100,1,1
INC-V3-2044,2024-01-06,18:14,Working at Height,Building Site,Fall arrest harness not properly anchored.,Near Miss,60.9,HIGH,Rain,Day,77,0,14
INC-V3-2045,2025-12-08,09:11,Confined Space,Excavation Area,No standby attendant present during confined space work.,Minor,46.5,MEDIUM,Clear,Day,82,0,1
INC-V3-2046,2025-02-04,18:22,Housekeeping,Warehouse,Spilled material not cleaned up promptly.,Near Miss,22.3,LOW,Clear,Day,80,0,2
INC-V3-2047,2024-09-29,10:22,Housekeeping,Warehouse,Debris accumulation observed in walkway.,Near Miss,6.9,LOW,Clear,Day,85,0,7
INC-V3-2048,2024-08-15,08:52,Electrical Work,Building Site,Damaged electrical cable observed.,Moderate,57.9,HIGH,Windy,Day,46,0,4
INC-V3-2049,2025-08-14,12:11,Welding,Building Site,Welding conducted near flammable materials.,Near Miss,29.8,MEDIUM,Rain,Day,92,0,8
INC-V3-2050,2025-09-13,17:30,Working at Height,Scaffolding Area,Ladder used beyond recommended height without stabilization.,Minor,81.2,CRITICAL,Clear,Day,81,3,5
INC-V3-2051,2025-03-17,16:53,Material Handling,Loading Area,Manual handling of heavy load without mechanical aid.,Near Miss,19.1,LOW,Clear,Day,98,0,2
INC-V3-2052,2025-12-07,15:51,Lifting,Building Site,Exclusion zone around lift not maintained.,Minor,35.6,MEDIUM,Clear,Day,82,0,7
INC-V3-2053,2024-05-20,23:32,Confined Space,Excavation Area,Ventilation equipment not in place for confined space entry.,Moderate,81.2,CRITICAL,Clear,Night,68,2,10
INC-V3-2054,2025-12-07,15:51,Welding,Building Site,Welding conducted near flammable materials.,Near Miss,25.4,LOW,Clear,Day,92,0,4
INC-V3-2055,2024-01-18,11:08,Material Handling,Loading Area,Manual handling of heavy load without mechanical aid.,Near Miss,47.7,MEDIUM,Adverse,Day,79,1,9
INC-V3-2056,2025-10-31,06:57,Housekeeping,Building Site,Tools left in walking path after task completion.,Minor,25.4,LOW,Rain,Day,74,0,4
INC-V3-2057,2025-10-19,12:32,Welding,Building Site,Fire watch not posted during hot work.,Major,47.7,MEDIUM,Rain,Day,82,0,3
INC-V3-2058,2025-06-17,07:04,Scaffolding,Building Site,Scaffold access partially obstructed.,Minor,40.8,MEDIUM,Rain,Day,91,0,5
INC-V3-2059,2024-11-06,19:26,Welding,Building Site,Fire watch not posted during hot work.,Minor,22.1,LOW,Clear,Night,88,0,8
INC-V3-2060,2025-07-22,09:04,Working at Height,Roof,Worker observed near roof edge without guardrail.,Moderate,46.9,MEDIUM,Clear,Day,82,0,8
INC-V3-2061,2024-12-15,15:50,Excavation,Excavation Area,Inadequate barricading around excavation area.,Major,41.4,MEDIUM,Rain,Day,80,0,4
INC-V3-2062,2025-10-19,12:17,Lifting,Building Site,Load exceeded rated capacity of lifting equipment.,Minor,19.6,LOW,Clear,Day,100,0,1
INC-V3-2063,2025-01-18,06:02,Electrical Work,Electrical Room,Improper lockout/tagout procedure observed.,Major,51.2,HIGH,Windy,Day,71,0,5
INC-V3-2064,2024-09-12,12:53,Working at Height,Roof,Worker observed near roof edge without guardrail.,Moderate,32.7,MEDIUM,Clear,Day,93,0,2
INC-V3-2065,2025-07-25,22:46,Vehicle Movement,Road/Access Area,Pedestrian and vehicle routes not segregated.,Moderate,44.0,MEDIUM,Clear,Night,55,0,3
INC-V3-2066,2025-10-13,23:12,Housekeeping,Warehouse,Obstruction observed blocking emergency access route.,Near Miss,11.5,LOW,Clear,Night,90,1,3
INC-V3-2067,2025-04-15,18:19,Vehicle Movement,Loading Area,Vehicle observed exceeding site speed limit.,Near Miss,27.9,LOW,Clear,Day,82,0,6
INC-V3-2068,2025-11-02,10:15,Confined Space,Excavation Area,No standby attendant present during confined space work.,Near Miss,36.5,MEDIUM,Clear,Day,85,0,4
INC-V3-2069,2024-02-29,14:32,Excavation,Road/Access Area,No safe access/egress ladder provided in trench.,Moderate,70.4,CRITICAL,Adverse,Day,59,0,1
INC-V3-2070,2025-01-22,10:43,Excavation,Road/Access Area,Excavation walls showing signs of instability.,Minor,35.4,MEDIUM,Clear,Day,80,0,6
INC-V3-2071,2025-02-13,07:37,Excavation,Excavation Area,Spoil pile placed too close to excavation edge.,Minor,36.3,MEDIUM,Rain,Day,100,0,7
INC-V3-2072,2024-09-03,19:56,Excavation,Excavation Area,Spoil pile placed too close to excavation edge.,Minor,41.9,MEDIUM,Clear,Night,89,0,4
INC-V3-2073,2026-01-09,22:13,Confined Space,Electrical Room,No standby attendant present during confined space work.,Moderate,67.6,CRITICAL,Adverse,Night,100,2,6
INC-V3-2074,2024-04-09,17:16,Housekeeping,Warehouse,Tools left in walking path after task completion.,Minor,10.5,LOW,Clear,Day,99,0,6
INC-V3-2075,2025-07-04,08:24,Material Handling,Loading Area,Stacked materials observed in an unstable configuration.,Near Miss,14.3,LOW,Clear,Day,89,0,7
INC-V3-2076,2024-01-12,07:37,Material Handling,Warehouse,Obstructed walkway due to stored materials.,Near Miss,29.9,MEDIUM,Clear,Day,51,0,5
INC-V3-2077,2025-06-01,21:03,Housekeeping,Warehouse,Tools left in walking path after task completion.,Minor,25.7,LOW,Clear,Night,68,0,6
INC-V3-2078,2025-07-29,16:56,Vehicle Movement,Road/Access Area,Vehicle observed exceeding site speed limit.,Major,67.9,CRITICAL,Adverse,Day,79,1,11
INC-V3-2079,2024-05-08,06:04,Working at Height,Roof,Ladder used beyond recommended height without stabilization.,Major,34.1,MEDIUM,Clear,Day,90,0,5
INC-V3-2080,2025-08-25,13:05,Electrical Work,Electrical Room,Exposed wiring near a wet work area.,Major,61.7,HIGH,Rain,Day,68,0,3
INC-V3-2081,2025-05-15,23:26,Scaffolding,Scaffolding Area,"Scaffold base observed on uneven, unstable ground.",Moderate,48.0,MEDIUM,Clear,Night,74,1,4
INC-V3-2082,2025-05-21,16:41,Vehicle Movement,Road/Access Area,Vehicle observed exceeding site speed limit.,Near Miss,29.8,MEDIUM,Clear,Day,76,0,8
INC-V3-2083,2025-01-31,19:17,Lifting,Loading Area,Exclusion zone around lift not maintained.,Near Miss,22.9,LOW,Clear,Night,95,0,11
INC-V3-2084,2025-02-15,07:26,Scaffolding,Scaffolding Area,"Scaffold base observed on uneven, unstable ground.",Near Miss,35.7,MEDIUM,Clear,Day,84,0,6
INC-V3-2085,2024-09-11,15:07,Working at Height,Roof,Unprotected edge observed during elevated work.,Moderate,50.9,HIGH,Clear,Day,78,0,8
INC-V3-2086,2025-07-23,22:45,Excavation,Road/Access Area,Inadequate barricading around excavation area.,Moderate,24.0,LOW,Clear,Night,85,0,6
INC-V3-2087,2025-10-05,11:07,Lifting,Loading Area,Rigging inspection not completed before lift.,Minor,59.4,HIGH,Rain,Day,69,1,8
INC-V3-2088,2025-04-11,08:26,Material Handling,Loading Area,Stacked materials observed in an unstable configuration.,Moderate,48.6,HIGH,Rain,Day,71,1,4
INC-V3-2089,2026-01-10,17:10,Material Handling,Warehouse,Manual handling of heavy load without mechanical aid.,Near Miss,38.3,MEDIUM,Adverse,Day,96,1,7
INC-V3-2090,2025-07-15,08:13,Welding,Warehouse,Inadequate ventilation observed during welding task.,Near Miss,50.7,HIGH,Rain,Day,68,0,8
INC-V3-2091,2025-06-07,12:22,Electrical Work,Electrical Room,Improper lockout/tagout procedure observed.,Near Miss,29.7,MEDIUM,Clear,Day,94,0,9
INC-V3-2092,2024-06-26,06:04,Vehicle Movement,Loading Area,Pedestrian and vehicle routes not segregated.,Near Miss,42.3,MEDIUM,Clear,Day,65,0,6
INC-V3-2093,2025-06-02,20:21,Housekeeping,Warehouse,Spilled material not cleaned up promptly.,Moderate,18.4,LOW,Adverse,Night,100,0,8
INC-V3-2094,2025-04-09,09:47,Scaffolding,Scaffolding Area,"Scaffold base observed on uneven, unstable ground.",Minor,62.3,HIGH,Clear,Day,79,2,8
INC-V3-2095,2024-10-02,12:59,Confined Space,Electrical Room,No standby attendant present during confined space work.,Major,58.4,HIGH,Adverse,Day,88,0,2
INC-V3-2096,2024-09-28,08:20,Excavation,Road/Access Area,No safe access/egress ladder provided in trench.,Minor,31.0,MEDIUM,Clear,Day,92,0,10
INC-V3-2097,2024-09-29,13:17,Material Handling,Loading Area,Improper storage of materials near a walkway.,Near Miss,21.9,LOW,Windy,Day,86,0,4
INC-V3-2098,2025-05-25,21:51,Working at Height,Roof,Ladder used beyond recommended height without stabilization.,Near Miss,48.6,HIGH,Windy,Night,100,1,7
INC-V3-2099,2025-04-19,09:50,Scaffolding,Scaffolding Area,Incomplete scaffold tagging system observed.,Moderate,42.7,MEDIUM,Clear,Day,51,0,7
INC-V3-2100,2024-09-15,13:30,Working at Height,Scaffolding Area,Unprotected edge observed during elevated work.,Minor,67.3,CRITICAL,Rain,Day,84,1,8
INC-V3-2200,2025-05-18,21:00,Vehicle Movement,Road/Access Area,Vehicle observed exceeding site speed limit.,Moderate,39.4,MEDIUM,Windy,Night,83,0,10
INC-V3-2201,2024-08-03,09:33,Scaffolding,Scaffolding Area,"Scaffold base observed on uneven, unstable ground.",Near Miss,51.2,HIGH,Clear,Day,65,0,9
